link,Рейтинг,Количество отзывов,Название,Цена,Бренд,Максимальный объем памяти,Тип памяти,Поддержка частот памяти,Количество каналов памяти,Пропускная способность памяти,Поддержка памяти ECC,Версия PCI Express,Количество каналов PCI Express,Конфигурация PCI Express,Встроенное графическое ядро,Вес упаковки (ед),Гарантия,Модель графического ядра,Частота графического ядра,Габариты упаковки (ед) ДхШхВ,Максимальный объем видеопамяти,Поддержка WiDi,Особенности
https://www.citilink.ru/product/processor-intel-s-core-i5-12400f-soc-1700-2-5ghz-oem-1782240/,4.9,18,"Процессор Intel Core i5 12400F, LGA 1700, OEM",16 790,INTEL,128 ГБ,DDR5/ DDR4,DDR5 4800 МГц DDR4 3200 МГц,2,76.8 GB/s,не поддерживается,PCI Express 5.0,20,"1x16+4, 2x8+4",отсутствует,0.053 кг,12 мес.,,,,,,
https://www.citilink.ru/product/processor-amd-s-ryzen-5-3600-am4-100-000000031-3-6ghz-oem-1773826/,4.9,32,"Процессор AMD Ryzen 5 3600, SocketAM4, OEM [100-000000031]",8 790₽,AMD,,DDR4,3200 МГц,2,,не поддерживается,PCI Express 4.0,16,,отсутствует,0.08 кг,12 мес.,,,,,,
https://www.citilink.ru/product/processor-intel-s-core-i3-12100f-soc-1700-3-3ghz-oem-1779456/,4.9,23,"Процессор Intel Core i3 12100F, LGA 1700, OEM",8 990₽,INTEL,128 ГБ,DDR5/ DDR4,DDR5 4800 МГц DDR4 3200 МГц,2,76.8 GB/s,не поддерживается,PCI Express 5.0,20,"1x16+4, 2x8+4",отсутствует,0.053 кг,12 мес.,,,,,,
https://www.citilink.ru/product/processor-amd-s-ryzen-5-5600g-am4-100-000000252-3-9ghz-amd-radeon-oem-1773831/,4.8,13,"Процессор AMD Ryzen 5 5600G, SocketAM4, OEM [100-000000252]",11 990₽,AMD,128 ГБ,DDR4,3200 МГц,2,,не поддерживается,PCI Express 3.0,16,,есть,0.053 кг,12 мес.,AMD Radeon,1900 МГц,0.04x0.03x0.005 м,,,
https://www.citilink.ru/product/processor-amd-s-ryzen-5-5600x-am4-100-000000065-3-7ghz-oem-1773829/,5,26,"Процессор AMD Ryzen 5 5600X, SocketAM4, OEM [100-000000065]",15 990₽,AMD,128 ГБ,DDR4,3200 МГц,2,,не поддерживается,PCI Express 4.0,20,,отсутствует,0.102 кг,12 мес.,,,,,,
https://www.citilink.ru/product/processor-intel-s-core-i5-12400-soc-1700-2-5ghz-iuhdg730-oem-1855474/,5,5,"Процессор Intel Core i5 12400, LGA 1700, OEM",16 990₽,INTEL,128 ГБ,DDR5/ DDR4,DDR5 4800 МГц DDR4 3200 МГц,2,76.8 GB/s,не поддерживается,PCI Express 5.0,20,"1x16+4, 2x8+4",есть,0.066 кг,12 мес.,Intel UHD Graphics 730,300 МГц и 1450 МГц Turbo,,,,
https://www.citilink.ru/product/processor-intel-s-core-i5-11400f-soc-1200-2-6ghz-oem-1722999/,5,27,"Процессор Intel Core i5 11400F, LGA 1200, OEM",12 490₽,INTEL,128 ГБ,DDR4,3200 МГц,2,50 GB/s,не поддерживается,PCI Express 4.0,20,"1x16+1x4, 2x8+1x4, 1x8+3x4",отсутствует,0.039 кг,12 мес.,,,,,,
https://www.citilink.ru/product/processor-intel-s-core-i3-10100f-soc-1200-3-6ghz-oem-1723000/,4.9,27,"Процессор Intel Core i3 10100F, LGA 1200, OEM",6 190₽,INTEL,128 ГБ,DDR4,2666 МГц,2,41.6 GB/s,не поддерживается,PCI Express 3.0,16,"1x16, 2x8, 1x8+2x4",отсутствует,0.029 кг,12 мес.,,,,,,
https://www.citilink.ru/product/processor-intel-s-core-i5-12400f-soc-1700-2-5ghz-oem-1862724/,5,14,"Процессор Intel Core i5 12400F, LGA 1700, OEM",16 790,INTEL,128 ГБ,DDR5/ DDR4,DDR5 4800 МГц DDR4 3200 МГц,2,76.8 GB/s,не поддерживается,PCI Express 5.0,20,"1x16+4, 2x8+4",отсутствует,0.053 кг,12 мес.,,,,,,
https://www.citilink.ru/product/processor-intel-s-core-i3-10105f-soc-1200-3-7ghz-oem-1795649/,5,18,"Процессор Intel Core i3 10105F, LGA 1200, OEM",6 790₽,INTEL,128 ГБ,DDR4,2666 МГц,2,41.6 GB/s,не поддерживается,PCI Express 3.0,16,"1x16, 2x8, 1x8+2x4",отсутствует,0.04 кг,12 мес.,,,,,,
https://www.citilink.ru/product/processor-intel-s-core-i3-10105-soc-1200-3-7ghz-iuhdg630-oem-1722987/,4.8,6,"Процессор Intel Core i3 10105, LGA 1200, OEM",10 990₽,INTEL,128 ГБ,DDR4,2666 МГц,2,41.6 GB/s,не поддерживается,PCI Express 3.0,16,"1x16, 2x8, 1x8+2x4",есть,0.039 кг,12 мес.,Intel UHD Graphics 630,350 МГц и 1100 МГц Turbo,,64 ГБ,,
https://www.citilink.ru/product/processor-intel-s-core-i5-10400f-soc-1200-2-9ghz-oem-1723001/,4.7,11,"Процессор Intel Core i5 10400F, LGA 1200, OEM",9 990₽,INTEL,128 ГБ,DDR4,2666 МГц,2,41.6 GB/s,не поддерживается,PCI Express 3.0,16,"1x16, 2x8, 1x8+2x4",отсутствует,0.035 кг,12 мес.,,,,,,
https://www.citilink.ru/product/processor-intel-s-core-i3-12100-soc-1700-3-3ghz-iuhdg730-oem-1779455/,5,7,"Процессор Intel Core i3 12100, LGA 1700, OEM",11 990₽,,,,,,,,,,,,,,,,,,,
https://www.citilink.ru/product/processor-amd-s-ryzen-5-4600g-am4-100-000000147-3-9ghz-amd-radeon-oem-1860980/,5,5,"Процессор AMD Ryzen 5 4600G, SocketAM4, OEM [100-000000147]",10 390₽,AMD,128 ГБ,DDR4,3200 МГц,2,,не поддерживается,PCI Express 3.0,20,,есть,0.053 кг,12 мес.,AMD Radeon,1900 МГц,,,,
https://www.citilink.ru/product/processor-intel-s-pentium-gold-g6405-soc-1200-4-1ghz-iuhdg610-oem-1722989/,4.7,7,"Процессор Intel Pentium Gold G6405, LGA 1200, OEM",7 190₽,INTEL,128 ГБ,DDR4,2666 МГц,2,41.6 GB/s,не поддерживается,PCI Express 3.0,16,"1x16, 2x8, 1x8+2x4",есть,0.039 кг,12 мес.,Intel UHD Graphics 610,350 МГц и 1050 МГц Turbo,,64 ГБ,,
https://www.citilink.ru/product/processor-intel-s-core-i5-11400-soc-1200-2-6ghz-iuhdg730-oem-1723003/,4.5,2,"Процессор Intel Core i5 11400, LGA 1200, OEM",15 590₽,INTEL,128 ГБ,DDR4,3200 МГц,2,50 GB/s,не поддерживается,PCI Express 4.0,20,"1x16+1x4, 2x8+1x4, 1x8+3x4",есть,0.071 кг,12 мес.,Intel UHD Graphics 730,350 МГц и 1300 МГц Turbo,,64 ГБ,,
https://www.citilink.ru/product/processor-amd-s-ryzen-7-5800x-am4-100-000000063-3-8ghz-oem-1773839/,5,5,"Процессор AMD Ryzen 7 5800X, SocketAM4, OEM [100-000000063]",23 990₽,AMD,,DDR4,3200 МГц,2,,не поддерживается,PCI Express 4.0,20,,отсутствует,0.102 кг,12 мес.,,,,,,
https://www.citilink.ru/product/processor-intel-s-core-i5-12600kf-soc-1700-3-7ghz-oem-1782229/,5,4,"Процессор Intel Core i5 12600KF, LGA 1700, OEM",24 490₽,INTEL,128 ГБ,DDR5/ DDR4,DDR5 4800 МГц DDR4 3200 МГц,2,76.8 GB/s,не поддерживается,PCI Express 5.0,20,"1x16+4, 2x8+4",отсутствует,0.037 кг,12 мес.,,,,,,
https://www.citilink.ru/product/processor-amd-s-ryzen-7-5700g-am4-100-000000263-3-8ghz-vega-8-oem-1773852/,5,7,"Процессор AMD Ryzen 7 5700G, SocketAM4, OEM [100-000000263]",17 390₽,AMD,,DDR4,3200 МГц,2,,не поддерживается,PCI Express 3.0,,,есть,0.075 кг,12 мес.,Radeon Vega 8,2000 МГц,0.04x0.03x0.005 м,,,
https://www.citilink.ru/product/processor-intel-s-core-i5-13600kf-soc-1700-3-5ghz-oem-1872489/,5,2,"Процессор Intel Core i5 13600KF, LGA 1700, OEM",30 490₽,INTEL,128 ГБ,DDR5/ DDR4,5600/3200 МГц,2,89.6 GB/s,не поддерживается,PCI Express 5.0,20,"1x16+4, 2x8+4",отсутствует,0.044 кг,12 мес.,,,,,,
https://www.citilink.ru/product/processor-intel-s-core-i5-12600k-soc-1700-3-7ghz-iuhdg770-oem-1723032/,4.8,10,"Процессор Intel Core i5 12600K, LGA 1700, OEM",26 290₽,INTEL,128 ГБ,DDR5/ DDR4,DDR5 4800 МГц DDR4 3200 МГц,2,76.8 GB/s,не поддерживается,PCI Express 5.0,20,"1x16+4, 2x8+4",есть,0.053 кг,12 мес.,Intel UHD Graphics 770,300 МГц и 1450 МГц Turbo,,,,
https://www.citilink.ru/product/processor-intel-s-core-i7-13700k-soc-1700-3-4ghz-oem-1874783/,4.7,7,"Процессор Intel Core i7 13700K, LGA 1700, OEM",43 990₽,INTEL,128 ГБ,DDR5/ DDR4,DDR5 5600 МГц DDR4 3200 МГц,2,89.6 GB/s,поддерживается,PCI Express 5.0,20,"1x16+4, 2x8+4",есть,0.049 кг,12 мес.,Intel UHD Graphics 770,300 МГц и 1600 МГц Turbo,,,,
https://www.citilink.ru/product/processor-intel-s-core-i3-10100-soc-1200-3-6ghz-iuhdg630-oem-1722986/,5,3,"Процессор Intel Core i3 10100, LGA 1200, OEM",11 590₽,INTEL,128 ГБ,DDR4,2666 МГц,2,41.6 GB/s,не поддерживается,PCI Express 3.0,16,"1x16, 2x8, 1x8+2x4",есть,0.031 кг,12 мес.,Intel UHD Graphics 630,350 МГц и 1100 МГц Turbo,,64 ГБ,,
https://www.citilink.ru/product/processor-amd-s-ryzen-9-5900x-am4-100-000000061-3-7ghz-oem-1773850/,5,4,"Процессор AMD Ryzen 9 5900X, SocketAM4, OEM [100-000000061]",27 890₽,AMD,,DDR4,3200 МГц,2,,не поддерживается,PCI Express 4.0,,,отсутствует,0.058 кг,12 мес.,,,,,,
https://www.citilink.ru/product/processor-intel-s-core-i7-12700kf-soc-1700-3-6ghz-oem-1795644/,5,2,"Процессор Intel Core i7 12700KF, LGA 1700, OEM",32 590₽,INTEL,128 ГБ,DDR5/ DDR4,DDR5 4800 МГц DDR4 3200 МГц,2,76.8 GB/s,не поддерживается,PCI Express 5.0,20,"1x16+4, 2x8+4",отсутствует,0.036 кг,12 мес.,,,,,,
https://www.citilink.ru/product/processor-intel-s-core-i5-12500-soc-1700-3-0ghz-iuhdg770-oem-1779475/,5,5,"Процессор Intel Core i5 12500, LGA 1700, OEM",19 990₽,INTEL,128 ГБ,DDR5/ DDR4,DDR5 4800 МГц DDR4 3200 МГц,2,76.8 GB/s,поддерживается,PCI Express 5.0,20,"1x16+4, 2x8+4",есть,0.053 кг,12 мес.,Intel UHD Graphics 770,300 МГц и 1450 МГц Turbo,,,,
https://www.citilink.ru/product/processor-intel-s-celeron-g5905-soc-1200-3-5ghz-iuhdg610-oem-1723029/,Код товара: 1723029,,"Процессор Intel Celeron G5905, LGA 1200, OEM",4 190₽,INTEL,128 ГБ,DDR4,2666 МГц,2,41.6 GB/s,не поддерживается,PCI Express 3.0,16,"1x16, 2x8, 1x8+2x4",есть,0.056 кг,12 мес.,Intel UHD Graphics 610,350 МГц и 1050 МГц Turbo,,64 ГБ,,
https://www.citilink.ru/product/processor-amd-s-ryzen-7-3700x-am4-100-000000071-3-6ghz-oem-1804883/,5,2,"Процессор AMD Ryzen 7 3700X, SocketAM4, OEM [100-000000071]",16 990₽,AMD,,DDR4,3200 МГц,2,,не поддерживается,PCI Express 4.0,16,,отсутствует,0.103 кг,12 мес.,,,,,,
https://www.citilink.ru/product/processor-intel-s-core-i7-13700kf-soc-1700-3-4ghz-oem-1873956/,5,3,"Процессор Intel Core i7 13700KF, LGA 1700, OEM",42 990₽,INTEL,128 ГБ,DDR5/ DDR4,DDR5 5600 МГц DDR4 3200 МГц,2,89.6 GB/s,не поддерживается,PCI Express 5.0,20,"1x16+4, 2x8+4",отсутствует,0.043 кг,12 мес.,,,,,,
https://www.citilink.ru/product/processor-intel-s-core-i7-12700f-soc-1700-2-1ghz-oem-1723065/,1 Обзор,,"Процессор Intel Core i7 12700F, LGA 1700, OEM",30 490₽,INTEL,128 ГБ,DDR5/ DDR4,DDR5 4800 МГц DDR4 3200 МГц,2,76.8 GB/s,не поддерживается,PCI Express 5.0,20,"1x16+4, 2x8+4",отсутствует,0.043 кг,12 мес.,,,,,,
https://www.citilink.ru/product/processor-intel-s-core-i5-13600k-soc-1700-3-5ghz-iuhdg770-oem-1872488/,5,6,"Процессор Intel Core i5 13600K, LGA 1700, OEM",32 990₽,INTEL,128 ГБ,DDR5/ DDR4,5600/3200 МГц,2,89.6 GB/s,не поддерживается,PCI Express 5.0,20,"1x16+4, 2x8+4",есть,0.049 кг,12 мес.,Intel UHD Graphics 770,300 МГц и 1500 МГц Turbo,,,,
https://www.citilink.ru/product/processor-intel-s-core-i7-12700-soc-1700-2-1ghz-iuhdg770-oem-1795642/,5,5,"Процессор Intel Core i7 12700, LGA 1700, OEM",31 990₽,INTEL,128 ГБ,DDR5/ DDR4,DDR5 4800 МГц DDR4 3200 МГц,2,76.8 GB/s,не поддерживается,PCI Express 5.0,20,"1x16+4, 2x8+4",есть,0.037 кг,12 мес.,Intel UHD Graphics 770,300 МГц и 1500 МГц Turbo,,,,
https://www.citilink.ru/product/processor-amd-s-ryzen-5-pro-4650g-am4-100-000000143-3-7ghz-amd-radeon-1773827/,Код товара: 1773827,,"Процессор AMD Ryzen 5 PRO 4650G, SocketAM4, OEM [100-000000143]",10 290₽,AMD,,DDR4,3200 МГц,2,,не поддерживается,PCI Express 3.0,,,есть,0.095 кг,12 мес.,AMD Radeon,1900 МГц,,,,
https://www.citilink.ru/product/processor-amd-s-ryzen-5-5500-am4-100-000000457-3-6ghz-oem-1901493/,Код товара: 1901493,,"Процессор AMD Ryzen 5 5500, SocketAM4, OEM [100-000000457]",9 290₽,AMD,,DDR4,3200 МГц,2,,не поддерживается,PCI Express 3.0,20,,отсутствует,0.01 кг,12 мес.,,,0.042x0.042x0.003 м,,,
https://www.citilink.ru/product/processor-intel-s-core-i7-11700f-soc-1200-2-5ghz-oem-1723017/,4.8,5,"Процессор Intel Core i7 11700F, LGA 1200, OEM",22 990₽,INTEL,128 ГБ,DDR4,3200 МГц,2,50 GB/s,не поддерживается,PCI Express 4.0,20,"1x16+1x4, 2x8+1x4, 1x8+3x4",отсутствует,0.056 кг,12 мес.,,,,,,
https://www.citilink.ru/product/processor-intel-s-core-i7-10700-soc-1200-2-9ghz-iuhdg630-oem-1722965/,5,2,"Процессор Intel Core i7 10700, LGA 1200, OEM",22 790₽,INTEL,128 ГБ,DDR4,2933 МГц,2,45.8 GB/s,не поддерживается,PCI Express 3.0,16,"1x16, 2x8, 1x8+2x4",есть,0.056 кг,12 мес.,Intel UHD Graphics 630,350 МГц и 1200 МГц Turbo,,64 ГБ,,
https://www.citilink.ru/product/processor-amd-s-ryzen-3-pro-4350g-am4-100-000000148-3-8ghz-amd-radeon-1773851/,Код товара: 1773851,,"Процессор AMD Ryzen 3 PRO 4350G, SocketAM4, OEM [100-000000148]",9 290₽,AMD,,DDR4,3200 МГц,2,,не поддерживается,PCI Express 3.0,,,есть,0.075 кг,12 мес.,AMD Radeon,1700 МГц,0.04x0.03x0.005 м,,,
https://www.citilink.ru/product/processor-intel-s-core-i7-12700k-soc-1700-3-6ghz-iuhdg770-oem-1791234/,1 Обзор,,"Процессор Intel Core i7 12700K, LGA 1700, OEM",34 690₽,INTEL,128 ГБ,DDR5/ DDR4,DDR5 4800 МГц DDR4 3200 МГц,2,76.8 GB/s,не поддерживается,PCI Express 5.0,20,"1x16+4, 2x8+4",есть,0.042 кг,12 мес.,Intel UHD Graphics 770,300 МГц и 1500 МГц Turbo,,,,
https://www.citilink.ru/product/processor-intel-s-pentium-gold-g6400-soc-1200-4ghz-iuhdg610-oem-1722991/,5,2,"Процессор Intel Pentium Gold G6400, LGA 1200, OEM",7 190₽,INTEL,128 ГБ,DDR4,2666 МГц,2,41.6 GB/s,не поддерживается,PCI Express 3.0,16,"1x16, 2x8, 1x8+2x4",есть,0.048 кг,12 мес.,Intel UHD Graphics 610,350 МГц и 1050 МГц Turbo,,64 ГБ,,
https://www.citilink.ru/product/processor-intel-s-core-i9-13900kf-soc-1700-3-0ghz-oem-1881986/,Код товара: 1881986,,"Процессор Intel Core i9 13900KF, LGA 1700, OEM",61 890₽,INTEL,128 ГБ,DDR5/ DDR4,DDR5 5600 МГц DDR4 3200 МГц,2,89.6 GB/s,не поддерживается,PCI Express 5.0,20,"1x16+4, 2x8+4",отсутствует,0.045 кг,12 мес.,,,,,,
https://www.citilink.ru/product/processor-intel-s-core-i9-13900k-soc-1700-3-0ghz-iuhdg770-oem-1881982/,5,2,"Процессор Intel Core i9 13900K, LGA 1700, OEM",62 990₽,INTEL,128 ГБ,DDR5/ DDR4,DDR5 5600 МГц DDR4 3200 МГц,2,89.6 GB/s,поддерживается,PCI Express 5.0,20,"1x16+4, 2x8+4",есть,0.045 кг,12 мес.,Intel UHD Graphics 770,300 МГц и 1650 МГц Turbo,,,,
https://www.citilink.ru/product/processor-amd-s-ryzen-5-7600x-am5-100-000000593-4-7ghz-oem-1875231/,Код товара: 1875231,,"Процессор AMD Ryzen 5 7600X, SocketAM5, OEM [100-000000593]",23 990₽,AMD,128 ГБ,DDR5,5200 МГц,2,,поддерживается,PCI Express 5.0,24,,есть,0.125 кг,12 мес.,AMD Radeon,400 МГц и 2200 МГц Turbo,,,,
https://www.citilink.ru/product/processor-amd-s-ryzen-7-5700x-am4-100-000000926-3-4ghz-oem-1901517/,5,2,"Процессор AMD Ryzen 7 5700X, SocketAM4, OEM [100-000000926]",18 790₽,AMD,,DDR4,3200 МГц,2,,не поддерживается,PCI Express 4.0,20,,отсутствует,0.05 кг,12 мес.,,,0.042x0.042x0.005 м,,,
https://www.citilink.ru/product/processor-amd-s-ryzen-9-5950x-am4-100-000000059-3-4ghz-oem-1773854/,5,1,"Процессор AMD Ryzen 9 5950X, SocketAM4, OEM [100-000000059]",41 790₽,AMD,,DDR4,3200 МГц,2,,не поддерживается,PCI Express 4.0,,,отсутствует,0.05 кг,12 мес.,,,,,,
https://www.citilink.ru/product/processor-amd-s-ryzen-7-7700x-am5-100-000000591-4-5ghz-oem-1875234/,Код товара: 1875234,,"Процессор AMD Ryzen 7 7700X, SocketAM5, OEM [100-000000591]",32 990₽,AMD,128 ГБ,DDR5,5200/3600 МГц,2,,поддерживается,PCI Express 5.0,24,,есть,0.093 кг,12 мес.,AMD Radeon,400 МГц и 2200 МГц Turbo,,,,
https://www.citilink.ru/product/processor-intel-s-core-i5-10400-soc-1200-2-9ghz-iuhdg630-oem-1895164/,Код товара: 1895164,,"Процессор Intel Core i5 10400, LGA 1200, OEM",13 790₽,INTEL,128 ГБ,DDR4,2666 МГц,2,41.6 GB/s,не поддерживается,PCI Express 3.0,16,"1x16, 2x8, 1x8+2x4",есть,0.039 кг,12 мес.,Intel UHD Graphics 630,350 МГц и 1100 МГц Turbo,,64 ГБ,,
https://www.citilink.ru/product/processor-intel-s-core-i5-13400-soc-1700-2-5ghz-iuhdg730-oem-1901394/,Код товара: 1901394,,"Процессор Intel Core i5 13400, LGA 1700, OEM",20 990₽,INTEL,128 ГБ,DDR5/ DDR4,DDR5 4800 МГц DDR4 3200 МГц,2,76.8 GB/s,не поддерживается,PCI Express 5.0,20,"1x16+4, 2x8+4",есть,0.046 кг,12 мес.,Intel UHD Graphics 730,300 МГц и 1550 МГц Turbo,,,,
https://www.citilink.ru/product/processor-intel-s-core-i5-13400f-soc-1700-2-5ghz-oem-1918506/,5,1,"Процессор Intel Core i5 13400F, LGA 1700, OEM",20 490₽,INTEL,128 ГБ,DDR5/ DDR4,DDR5 4800 МГц DDR4 3200 МГц,2,76.8 GB/s,не поддерживается,PCI Express 5.0,20,"1x16+4, 2x8+4",отсутствует,0.044 кг,12 мес.,,,,,,
https://www.citilink.ru/product/processor-intel-s-core-i7-11700-soc-1200-2-5ghz-iuhdg750-oem-1723052/,5,2,"Процессор Intel Core i7 11700, LGA 1200, OEM",23 990₽,INTEL,128 ГБ,DDR4,3200 МГц,2,50 GB/s,не поддерживается,PCI Express 4.0,20,"1x16+1x4, 2x8+1x4, 1x8+3x4",есть,0.038 кг,12 мес.,Intel UHD Graphics 750,350 МГц и 1300 МГц Turbo,,64 ГБ,,
https://www.citilink.ru/product/processor-intel-s-pentium-g7400-soc-1700-3-7ghz-iuhdg710-oem-1779453/,5,2,"Процессор Intel Pentium G7400, LGA 1700, OEM",7 090₽,INTEL,128 ГБ,DDR5/ DDR4,DDR5 4800 МГц DDR4 3200 МГц,2,76.8 GB/s,не поддерживается,PCI Express 5.0,20,"1x16+4, 2x8+4",есть,0.053 кг,12 мес.,Intel UHD Graphics 710,300 МГц и 1350 МГц Turbo,,,,
https://www.citilink.ru/product/processor-intel-s-core-i5-10600kf-soc-1200-4-1ghz-oem-1825353/,Код товара: 1825353,,"Процессор Intel Core i5 10600KF, LGA 1200, OEM",17 890₽,INTEL,128 ГБ,DDR4,2666 МГц,2,41.6 GB/s,не поддерживается,PCI Express 3.0,16,"1x16, 2x8, 1x8+2x4",отсутствует,0.029 кг,12 мес.,,,,,,
https://www.citilink.ru/product/processor-amd-s-ryzen-9-7950x-am5-100-000000514-4-5ghz-oem-1875239/,5,1,"Процессор AMD Ryzen 9 7950X, SocketAM5, OEM [100-000000514]",56 990₽,AMD,128 ГБ,DDR5,5200/3600 МГц,2,,поддерживается,PCI Express 5.0,24,,есть,0.058 кг,12 мес.,AMD Radeon,400 МГц и 2200 МГц Turbo,,,,
https://www.citilink.ru/product/processor-intel-s-core-i7-10700f-soc-1200-2-9ghz-oem-1779473/,5,2,"Процессор Intel Core i7 10700F, LGA 1200, OEM",19 490₽,,,,,,,,,,,,,,,,,,,
https://www.citilink.ru/product/processor-intel-s-core-i7-11700kf-soc-1200-3-6ghz-oem-1791235/,5,2,"Процессор Intel Core i7 11700KF, LGA 1200, OEM",23 990₽,INTEL,128 ГБ,DDR4,3200 МГц,2,50 GB/s,не поддерживается,PCI Express 4.0,20,"1x16+1x4, 2x8+1x4, 1x8+3x4",отсутствует,0.056 кг,12 мес.,,,,,,
https://www.citilink.ru/product/processor-intel-s-core-i7-11700k-soc-1200-3-6ghz-iuhdg750-oem-1723020/,Код товара: 1723020,,"Процессор Intel Core i7 11700K, LGA 1200, OEM",31 990₽,INTEL,128 ГБ,DDR4,3200 МГц,2,50 GB/s,не поддерживается,PCI Express 4.0,20,"1x16+1x4, 2x8+1x4, 1x8+3x4",есть,0.035 кг,12 мес.,Intel UHD Graphics 750,350 МГц и 1300 МГц Turbo,,64 ГБ,,
https://www.citilink.ru/product/processor-amd-s-ryzen-5-7600x-socketam5-100-100000593wof-4-7ghz-box-1869659/,Код товара: 1869659,,"Процессор AMD Ryzen 5 7600X, SocketAM5, BOX (без кулера) [100-100000593wof]",23 990₽,AMD,128 ГБ,DDR5,5200 МГц,2,,поддерживается,PCI Express 5.0,24,,есть,0.5 кг,12 мес.,AMD Radeon,,,,,
https://www.citilink.ru/product/processor-intel-s-core-i5-11600kf-soc-1200-3-9ghz-oem-1825352/,Код товара: 1825352,,"Процессор Intel Core i5 11600KF, LGA 1200, OEM",21 990₽,INTEL,128 ГБ,DDR4,3200 МГц,2,50 GB/s,не поддерживается,PCI Express 4.0,20,"1x16+1x4, 2x8+1x4, 1x8+3x4",отсутствует,0.022 кг,12 мес.,,,,,,
https://www.citilink.ru/product/processor-intel-s-core-i3-13100f-soc-1700-3-4ghz-oem-1901393/,Код товара: 1901393,,"Процессор Intel Core i3 13100F, LGA 1700, OEM",10 490₽,INTEL,128 ГБ,DDR5/ DDR4,DDR5 4800 МГц DDR4 3200 МГц,2,76.8 GB/s,не поддерживается,PCI Express 5.0,20,"1x16+4, 2x8+4",отсутствует,0.044 кг,12 мес.,,,,,,
https://www.citilink.ru/product/processor-intel-s-core-i7-13700-soc-1700-2-1ghz-iuhdg770-oem-1901397/,Код товара: 1901397,,"Процессор Intel Core i7 13700, LGA 1700, OEM",40 990₽,INTEL,128 ГБ,DDR5/ DDR4,DDR5 5600 МГц DDR4 3200 МГц,2,89.6 GB/s,не поддерживается,PCI Express 5.0,20,"1x16+4, 2x8+4",есть,0.049 кг,12 мес.,Intel UHD Graphics 770,300 МГц и 1600 МГц Turbo,0.045x0.038x0.004 м,,,
https://www.citilink.ru/product/processor-amd-s-ryzen-3-4100-am4-100-000000510-3-8ghz-oem-1938581/,Код товара: 1938581,,"Процессор AMD Ryzen 3 4100, SocketAM4, OEM [100-000000510]",5 190₽,AMD,128 ГБ,DDR4,3200 МГц,2,,не поддерживается,PCI Express 3.0,20,,отсутствует,,12 мес.,,,,,,
https://www.citilink.ru/product/processor-amd-s-ryzen-7-5800x3d-am4-100-000000651-3-4ghz-oem-1901495/,5,1,"Процессор AMD Ryzen 7 5800X3D, SocketAM4, OEM [100-000000651]",32 590₽,AMD,,DDR4,3200 МГц,,,не поддерживается,PCI Express 4.0,20,,отсутствует,0.056 кг,12 мес.,,,0.039x0.039x0.002 м,,,
https://www.citilink.ru/product/processor-amd-s-ryzen-9-7900x-am5-100-000000589-4-7ghz-oem-1875236/,Код товара: 1875236,,"Процессор AMD Ryzen 9 7900X, SocketAM5, OEM [100-000000589]",38 990₽,AMD,128 ГБ,DDR5,5200/3600 МГц,2,,поддерживается,PCI Express 5.0,24,,есть,0.056 кг,12 мес.,AMD Radeon,400 МГц и 2200 МГц Turbo,,,,
https://www.citilink.ru/product/processor-amd-s-ryzen-5-pro-4650ge-am4-100-000000153-3-3ghz-amd-radeon-1928243/,5,1,"Процессор AMD Ryzen 5 PRO 4650GE, SocketAM4, OEM [100-000000153]",9 490₽,AMD,,DDR4,3200 МГц,2,,не поддерживается,PCI Express 3.0,,,есть,0.092 кг,12 мес.,AMD Radeon,,,,,
https://www.citilink.ru/product/processor-amd-s-ryzen-5-3400ge-am4-yd3400c6m4mfh-3-3ghz-amd-radeon-oem-1839953/,Код товара: 1839953,,"Процессор AMD Ryzen 5 3400GE, SocketAM4, OEM [yd3400c6m4mfh]",10 190₽,AMD,,DDR4,2933 МГц,2,,не поддерживается,PCI Express 3.0,,,есть,0.052 кг,12 мес.,Radeon RX Vega 11,1300 МГц,,,,
https://www.citilink.ru/product/processor-amd-s-ryzen-3-4100-am4-100-100000510box-3-8ghz-box-1804671/,Код товара: 1804671,,"Процессор AMD Ryzen 3 4100, SocketAM4, BOX [100-100000510box]",6 190,AMD,128 ГБ,DDR4,3200 МГц,2,,не поддерживается,PCI Express 3.0,20,,отсутствует,0.482 кг,12 мес.,,,0.131x0.071x0.134 м,,,
https://www.citilink.ru/product/processor-amd-s-ryzen-7-7700x-socketam5-100-100000591wof-4-5ghz-box-1869662/,5,1,"Процессор AMD Ryzen 7 7700X, SocketAM5, BOX (без кулера) [100-100000591wof]",33 990₽,AMD,128 ГБ,DDR5,5200/3600 МГц,2,,поддерживается,PCI Express 5.0,24,,есть,0.125 кг,12 мес.,AMD Radeon,,,,,
https://www.citilink.ru/product/processor-intel-s-core-i7-13700f-soc-1700-2-1ghz-oem-1901398/,Код товара: 1901398,,"Процессор Intel Core i7 13700F, LGA 1700, OEM",38 990₽,INTEL,128 ГБ,DDR5/ DDR4,DDR5 5600 МГц DDR4 3200 МГц,2,89.6 GB/s,не поддерживается,PCI Express 5.0,20,"1x16+4, 2x8+4",отсутствует,0.049 кг,12 мес.,,,0.045x0.038x0.004 м,,,
https://www.citilink.ru/product/processor-intel-s-core-i5-13500-soc-1700-2-5ghz-iuhdg770-oem-1927639/,Код товара: 1927639,,"Процессор Intel Core i5 13500, LGA 1700, OEM",26 290₽,INTEL,128 ГБ,DDR5/ DDR4,DDR5 4800 МГц DDR4 3200 МГц,2,76.8 GB/s,поддерживается,PCI Express 5.0,20,"1x16+4, 2x8+4",есть,0.053 кг,12 мес.,Intel UHD Graphics 770,300 МГц и 1550 МГц Turbo,0.04x0.03x0.005 м,32 ГБ,,
https://www.citilink.ru/product/processor-amd-s-ryzen-5-4300g-am4-100-100000144box-3-8ghz-amd-radeon-b-1927320/,Код товара: 1927320,,"Процессор AMD Ryzen 3 4300G, SocketAM4, BOX [100-100000144box]",8 990₽,AMD,,DDR4,3200 МГц,2,,не поддерживается,PCI Express 3.0,,,есть,0.25 кг,12 мес.,AMD Radeon,,,,,
https://www.citilink.ru/product/processor-amd-s-a10-8770-pro-am4-ad877bagm44ab-3-5ghz-100mhz-r7-oem-1781437/,Код товара: 1781437,,"Процессор AMD A10 8770 PRO, SocketAM4, OEM [ad877bagm44ab]",5 190₽,AMD,,DDR4,2400 МГц,2,38.4 GB/s,не поддерживается,PCI Express 3.0,,,есть,0.058 кг,12 мес.,AMD Radeon R7,1029 МГц,,,,
https://www.citilink.ru/product/processor-amd-s-ryzen-9-7900x-am5-100-100000589wof-4-7ghz-box-1869666/,5,1,"Процессор AMD Ryzen 9 7900X, SocketAM5, BOX (без кулера) [100-100000589wof]",40 990₽,AMD,128 ГБ,DDR5,5200/3600 МГц,2,,поддерживается,PCI Express 5.0,24,,есть,0.5 кг,12 мес.,AMD Radeon,,,,,
https://www.citilink.ru/product/processor-amd-ryzen-5-4600g-am4-100-100000147box-3-7ghz-amd-radeon-box-1795751/,5,2,"Процессор AMD Ryzen 5 4600G, SocketAM4, BOX [100-100000147box]",11 990₽,AMD,128 ГБ,DDR4,3200 МГц,2,,не поддерживается,PCI Express 3.0,20,,есть,0.22 кг,12 мес.,AMD Radeon,1900 МГц,,,,
https://www.citilink.ru/product/processor-amd-s-ryzen-5-3500-am4-100-000000050-3-6ghz-oem-1857947/,Код товара: 1857947,,"Процессор AMD Ryzen 5 3500, SocketAM4, OEM [100-000000050]",8 190₽,AMD,128 ГБ,DDR4,3200 МГц,2,,не поддерживается,PCI Express 4.0,16,,отсутствует,0.1 кг,12 мес.,,,,,,
https://www.citilink.ru/product/processor-amd-s-ryzen-5-1600-am4-yd1600bbm6iae-3-2ghz-oem-1804876/,Код товара: 1804876,,"Процессор AMD Ryzen 5 1600, SocketAM4, OEM [yd1600bbm6iae]",8 390₽,AMD,,DDR4,2667 МГц,2,,не поддерживается,,,,отсутствует,,12 мес.,,,,,,
https://www.citilink.ru/product/processor-intel-pentium-dual-core-g4400-lga-1151-oem-384750/,5,4,"Процессор Intel Pentium Dual-Core G4400, LGA 1151, OEM",1 890₽,INTEL,64 ГБ,DDR4/ DDR3L,DDR4 1866/2133 МГц DDR3L 1333/1600 МГц,2,34.1 GB/s,поддерживается,PCI Express 3.0,16,"1x16, 2x8, 1x8+2x4",есть,0.029 кг,12 мес.,Intel HD Graphics 510,350 МГц и 1000 МГц Turbo,,64 ГБ,поддерживается,
https://www.citilink.ru/product/processor-intel-s-core-i9-10920x-soc-2066-3-5ghz-oem-1795645/,Код товара: 1795645,,"Процессор Intel Core i9 10920X, LGA 2066, OEM",70 390₽,INTEL,256 ГБ,DDR4,2933 МГц,4,,не поддерживается,PCI Express 3.0,48,,отсутствует,,12 мес.,,,,,,
https://www.citilink.ru/product/processor-intel-s-pentium-dual-core-g4400-soc-1151-3-3ghz-hdg510-oem-1723042/,Код товара: 1723042,,"Процессор Intel Pentium Dual-Core G4400, LGA 1151, OEM",1 890₽,INTEL,64 ГБ,DDR4/ DDR3L,DDR4 1866/2133 МГц DDR3L 1333/1600 МГц,2,34.1 GB/s,поддерживается,PCI Express 3.0,16,"1x16, 2x8, 1x8+2x4",есть,,12 мес.,Intel HD Graphics 510,350 МГц и 1000 МГц Turbo,,64 ГБ,поддерживается,
https://www.citilink.ru/product/processor-amd-s-ryzen-7-3800x-am4-100-100000025box-3-9ghz-box-1804878/,Код товара: 1804878,,"Процессор AMD Ryzen 7 3800X, SocketAM4, BOX [100-100000025box]",22 990₽,AMD,128 ГБ,DDR4,3200 МГц,2,,не поддерживается,PCI Express 4.0,16,,отсутствует,1.91 кг,12 мес.,,,0.14x0.14x0.14 м,,,
https://www.citilink.ru/product/processor-intel-s-core-i9-10900x-soc-2066-3-7ghz-oem-1795650/,Код товара: 1795650,,"Процессор Intel Core i9 10900X, LGA 2066, OEM",56 690₽,INTEL,256 ГБ,DDR4,2933 МГц,4,,не поддерживается,PCI Express 3.0,48,,отсутствует,0.048 кг,12 мес.,,,0.038x0.038x0.006 м,,,
https://www.citilink.ru/product/processor-amd-ryzen-9-3950x-am4-100-000000051-3-5ghz-oem-1619339/,Код товара: 1619339,,"Процессор AMD Ryzen 9 3950X, SocketAM4, OEM [100-000000051]",41 990₽,AMD,128 ГБ,DDR4,3200 МГц,2,,не поддерживается,PCI Express 4.0,16,,отсутствует,0.005 кг,12 мес.,,,0.038x0.038x0.009 м,,,
https://www.citilink.ru/product/processor-intel-s-core-i5-10500-soc-1200-3-1ghz-iuhdg630-oem-1723036/,Код товара: 1723036,,"Процессор Intel Core i5 10500, LGA 1200, OEM",17 790₽,INTEL,128 ГБ,DDR4,2666 МГц,2,41.6 GB/s,не поддерживается,PCI Express 3.0,16,"1x16, 2x8, 1x8+2x4",есть,0.024 кг,12 мес.,Intel UHD Graphics 630,350 МГц и 1150 МГц Turbo,,64 ГБ,,
https://www.citilink.ru/product/processor-amd-s-ryzen-9-7950x-socketam5-100-100000514wof-4-5ghz-box-1869669/,Код товара: 1869669,,"Процессор AMD Ryzen 9 7950X, SocketAM5, BOX (без кулера) [100-100000514wof]",58 990₽,AMD,128 ГБ,DDR5,5200/3600 МГц,2,,поддерживается,PCI Express 5.0,24,,есть,0.5 кг,12 мес.,AMD Radeon,,,,,
https://www.citilink.ru/product/processor-amd-s-ryzen-9-5900x-am4-100-100000061wof-3-7ghz-box-w-o-cool-1938580/,Код товара: 1938580,,"Процессор AMD Ryzen 9 5900X, SocketAM4, BOX (без кулера) [100-100000061wof]",29 990₽,AMD,,DDR4,3200 МГц,2,,не поддерживается,PCI Express 4.0,,,отсутствует,1.27 кг,12 мес.,,,0.13x0.075x0.135 м,,,
https://www.citilink.ru/product/processor-intel-s-core-i9-10940x-soc-2066-3-3ghz-oem-1795647/,5,1,"Процессор Intel Core i9 10940X, LGA 2066, OEM",79 790₽,INTEL,256 ГБ,DDR4,2933 МГц,4,,не поддерживается,PCI Express 3.0,48,,отсутствует,0.055 кг,12 мес.,,,0.05x0.045x0.005 м,,,
https://www.citilink.ru/product/processor-intel-s-core-i5-12600-soc-1700-cm8071504647406s-rl5t-3-3ghz-1923280/,Код товара: 1923280,,"Процессор Intel Core i5 12600, LGA 1700, OEM [cm8071504647406s rl5t]",27 290₽,INTEL,128 ГБ,DDR5/ DDR4,DDR5 4800 МГц DDR4 3200 МГц,2,76.8 GB/s,не поддерживается,PCI Express 5.0,20,"1x16+4, 2x8+4",есть,0.036 кг,12 мес.,Intel UHD Graphics 770,300 МГц и 1450 МГц Turbo,,,,
https://www.citilink.ru/product/processor-amd-sempron-2650-socketam1-box-sd2650jahmbox-913437/,Код товара: 913437,,"Процессор AMD Sempron 2650, SocketAM1, BOX [sd2650jahmbox]",2 090₽,AMD,,DDR3,1333 МГц,1,,,,,,есть,0.2 кг,12 мес.,AMD Radeon HD 8240,400 МГц,,,,
https://www.citilink.ru/product/processor-amd-s-ryzen-5-5650g-am4-100-000000255-3-9ghz-amd-radeon-oem-1856329/,Код товара: 1856329,,"Процессор AMD Ryzen 5 PRO 5650G, SocketAM4, OEM [100-000000255]",17 890₽,AMD,,DDR4,3200 МГц,2,,не поддерживается,PCI Express 3.0,16,,есть,,12 мес.,AMD Radeon,1900 МГц,,,,
https://www.citilink.ru/product/processor-intel-s-core-i7-11700k-soc-1200-3-6ghz-box-w-o-cooler-1844498/,Код товара: 1844498,,"Процессор Intel Core i7 11700K, LGA 1200, BOX (без кулера)",32 990₽,INTEL,128 ГБ,DDR4,3200 МГц,2,50 GB/s,не поддерживается,PCI Express 4.0,20,"1x16+1x4, 2x8+1x4, 1x8+3x4",есть,0.3 кг,12 мес.,Intel UHD Graphics 750,350 МГц и 1300 МГц Turbo,0.1x0.04x0.11 м,64 ГБ,,
https://www.citilink.ru/product/processor-amd-s-a6-9500e-am4-ad9500ahm23ab-3ghz-100mhz-r5-oem-1824658/,5,1,"Процессор AMD A6 9500E, SocketAM4, OEM [ad9500ahm23ab]",990₽,AMD,,DDR4,2400 МГц,2,38.4 GB/s,не поддерживается,PCI Express 3.0,,,есть,0.058 кг,12 мес.,AMD Radeon R5,800 МГц,,,,
https://www.citilink.ru/product/processor-intel-s-core-i7-10700kf-soc-1200-3-8ghz-oem-1801356/,Код товара: 1801356,,"Процессор Intel Core i7 10700KF, LGA 1200, OEM",23 090,INTEL,128 ГБ,DDR4,2933 МГц,2,45.8 GB/s,не поддерживается,PCI Express 3.0,16,"1x16, 2x8, 1x8+2x4",отсутствует,,12 мес.,,,,,,
https://www.citilink.ru/product/processor-intel-s-core-i5-10600k-soc-1200-4-1ghz-iuhdg630-oem-1791237/,5,1,"Процессор Intel Core i5 10600K, LGA 1200, OEM",17 890₽,INTEL,128 ГБ,DDR4,2666 МГц,2,41.6 GB/s,не поддерживается,PCI Express 3.0,16,"1x16, 2x8, 1x8+2x4",есть,0.035 кг,12 мес.,Intel UHD Graphics 630,350 МГц и 1200 МГц Turbo,,64 ГБ,,
https://www.citilink.ru/product/processor-intel-s-core-i9-12900k-soc-1700-3-2ghz-iuhdg770-oem-1779474/,5,1,"Процессор Intel Core i9 12900K, LGA 1700, OEM",46 190₽,INTEL,128 ГБ,DDR5/ DDR4,DDR5 4800 МГц DDR4 3200 МГц,2,76.8 GB/s,не поддерживается,PCI Express 5.0,20,"1x16+4, 2x8+4",есть,0.037 кг,12 мес.,Intel UHD Graphics 770,300 МГц и 1550 МГц Turbo,,,,
https://www.citilink.ru/product/processor-intel-s-h-core-i9-11900k-soc-1200-cm8070804400161s-rknd-3-5g-1725697/,5,1,"Процессор Intel Core i9 11900K, LGA 1200, OEM",Нет в наличии,,,,,,,,,,,,,,,,,,,
https://www.citilink.ru/product/processor-intel-s-core-i3-13100-soc-1700-3-4ghz-iuhdg730-oem-1901391/,Код товара: 1901391,,"Процессор Intel Core i3 13100, LGA 1700, OEM",Нет в наличии,,,,,,,,,,,,,,,,,,,
https://www.citilink.ru/product/processor-amd-ryzen-5-4500-am4-100-100000644box-3-6ghz-box-1795739/,Код товара: 1795739,,"Процессор AMD Ryzen 5 4500, SocketAM4, BOX [100-100000644box]",Нет в наличии,,,,,,,,,,,,,,,,,,,
https://www.citilink.ru/product/processor-amd-s-ryzen-5-4500-am4-100-000000644-3-6ghz-oem-1930664/,5,1,"Процессор AMD Ryzen 5 4500, SocketAM4, OEM [100-000000644]",Нет в наличии,AMD,128 ГБ,DDR4,3200 МГц,2,,не поддерживается,PCI Express 3.0,20,,отсутствует,0.108 кг,12 мес.,,,,,,
https://www.citilink.ru/product/processor-intel-s-core-i9-13900-soc-1700-2-0ghz-iuhdg770-oem-1904085/,5,1,"Процессор Intel Core i9 13900, LGA 1700, OEM",Нет в наличии,INTEL,128 ГБ,DDR5/ DDR4,DDR5 5600 МГц DDR4 3200 МГц,2,89.6 GB/s,поддерживается,PCI Express 5.0,20,"1x16+4, 2x8+4",есть,0.041 кг,12 мес.,Intel UHD Graphics 770,300 МГц и 1650 МГц Turbo,0.042x0.042x0.004 м,,,
https://www.citilink.ru/product/processor-amd-s-ryzen-3-3200g-am4-yd3200c5fhbox-3-6ghz-box-1859105/,Код товара: 1859105,,"Процессор AMD Ryzen 3 3200G, SocketAM4, BOX [yd3200c5fhbox]",Нет в наличии,,,,,,,,,,,,,,,,,,,
https://www.citilink.ru/product/processor-intel-s-core-i9-12900f-soc-1700-2-4ghz-box-1844495/,Код товара: 1844495,,"Процессор Intel Core i9 12900F, LGA 1700, BOX",Нет в наличии,,,,,,,,,,,,,,,,,,,
https://www.citilink.ru/product/processor-amd-s-athlon-3000g-am4-yd3000c6m2ofh-3-5ghz-100mhz-vega-3-oe-1804915/,5,1,"Процессор AMD Athlon 3000G, SocketAM4, OEM [yd3000c6m2ofh]",Нет в наличии,AMD,,DDR4,2667 МГц,2,,не поддерживается,PCI Express 3.0,,,есть,0.075 кг,12 мес.,Radeon Vega 3,1100 МГц,,,,Поддерживают только твердотельные накопители SSD M.2 SATA. M.2 PCI-E не совместимы с этими процессорами из-за отсутствия дополнительных линий PCI-E для SSD.
