link,Рейтинг,Количество отзывов,Название,Цена,Страна,Гарантия,Семейство,Сокет,Ядро,Количество ядер,Количество потоков,Тактовая частота,Максимальная тактовая частота,Техпроцесс,Тип поставки,Объем кэша L2,Объем кэша L3,Интегрированное графическое ядро,Графическое ядро,Частота графического ядра,Максимальная частота графического ядра,Тип поддерживаемой памяти,Поддерживаемые стандарты памяти,Количество каналов памяти,Максимальный объем памяти,Максимальная пропускная способность памяти,Поддерживаемые инструкции,Тепловыделение,Максимальная рабочая температура,Высота,Ширина,Максимальный объем видеопамяти,Объем кэша L1,Глубина,Разблокированный множитель,Поддержка памяти ECC,Коэффициент умножения,Технологии,Вес,Дополнительная информация,Unnamed: 41,Кулер,Минимальное напряжение питания,Максимальное напряжение питания
https://www.eldorado.ru/cat/detail/protsessor-intel-i5-11600k-3-9ghz-box/,0.0,0.0,Процессор Intel Core i5-11600K 3.9GHz Box,19 499 р.,Китай,1 год,Intel Core i5,LGA1200,Rocket Lake,6.0,12.0,3.9 ГГц,4.9 ГГц,14 нм,BOX,3 МБ,12 МБ,Есть,Intel UHD Graphics 750,350 МГц,1300 МГц,DDR4,PC4-25600 (DDR4 3200 МГц),2.0,128 ГБ,50 Гбит/с,"SSE4.1, SSE4.2, AES",125 Вт,100 ˚С,37.5 мм,37.5 мм,,,,,,,,,,,,,
https://www.eldorado.ru/cat/detail/protsessor-intel-i3-10100-4-30ghz-box/,0.0,0.0,Процессор Intel Core i3-10100 4.30GHz Box,10 399 р.,Китай,1 год,Intel Core i3,LGA1200,Comet Lake,4.0,8.0,3.6 ГГц,4.3 ГГц,14 нм,BOX,1 МБ,6 МБ,Есть,Intel UHD Graphics 630,350 МГц,1100 МГц,DDR4,PC4-21300 (DDR4 2666 МГц),2.0,128 ГБ,41.6 Гбит/с,"SSE4.1, SSE4.2, AES",65 Вт,100 ˚С,37.5 мм,37.5 мм,64 ГБ,,,,,,,,,,,,
https://www.eldorado.ru/cat/detail/protsessor-intel-core-i3-10100-bx8070110100srh3n/,0.0,0.0,Процессор Intel Core i3-10100 (BX8070110100SRH3N),11 499 р.,Китай,3 года,Intel Core i3,LGA1200,Comet Lake,4.0,8.0,3.6 ГГц,4.3 ГГц,14 нм,BOX,1.5 МБ,6 МБ,Есть,Intel UHD Graphics 630,350 МГц,1100 МГц,DDR4,PC4-21300 (DDR4 2666 МГц),2.0,128 ГБ,41.6 Гбит/с,,65 Вт,100 ˚С,,37.5 мм,64 ГБ,64 КБ,37.5 мм,,,,,,,,,,
https://www.eldorado.ru/cat/detail/protsessor-intel-celeron-g5925-s1200-3-6g-bx80701g5925-s-rk26/,0.0,0.0,Процессор Intel Celeron G5925 S1200 3.6G (BX80701G5925 S RK26),5 699 р.,Вьетнам,3 года,Intel Celeron,LGA1200,Comet Lake,2.0,2.0,3.6 ГГц,,14 нм,BOX,0.5 МБ,4 МБ,Есть,Intel UHD Graphics 610,350 МГц,1050 МГц,DDR4,PC4-21300 (DDR4 2666 МГц),2.0,128 ГБ,,,58 Вт,100 ˚С,,,,,,,,,,,,,,,
https://www.eldorado.ru/cat/detail/protsessor-intel-i7-11700-2-5-ghz/,0.0,0.0,Процессор Intel i7 11700 2.5 GHz,32 999 р.,Китай,1 год,Intel Core i7,LGA1200,Rocket Lake,8.0,16.0,2.5 ГГц,4.9 ГГц,14 нм,BOX,4 МБ,16 МБ,Есть,Intel UHD Graphics 750,350 МГц,1300 МГц,DDR4,PC4-25600 (DDR4 3200 МГц),2.0,128 ГБ,50 Гбит/с,"SSE4.1, SSE4.2, AES",65 Вт,100 ˚С,37.5 мм,37.5 мм,64 ГБ,,,,,,,,,,,,
https://www.eldorado.ru/cat/detail/protsessor-intel-i7-11700f-4-9-ghz/,0.0,0.0,Процессор Intel i7-11700F 4.9 GHz,25 999 р.,Китай,1 год,Intel Core i7,LGA1200,Rocket Lake,8.0,16.0,2.5 ГГц,4.9 ГГц,14 нм,BOX,4 МБ,16 МБ,,,,,DDR4,PC4-25600 (DDR4 3200 МГц),2.0,128 ГБ,50 Гбит/с,"SSE4.1, SSE4.2, AES",65 Вт,100 ˚С,37.5 мм,37.5 мм,,,,,,,,,,,,,
https://www.eldorado.ru/cat/detail/protsessor-intel-i7-12700kf-4-9ghz/,0.0,0.0,Процессор Intel i7 12700KF 4.9GHz,34 999 р.,Китай,1 год,Intel Core i7,LGA1700,Alder Lake,12,20,2.7 ГГц,5 ГГц,10 нм,BOX,12 МБ,25 МБ,,,,,"DDR5, DDR4","PC5-38400 (DDR5 4800 МГц), PC4-25600 (DDR4 3200 МГц)",2,128 ГБ,76.8 Гбит/с,"SSE4.1, SSE4.2, AES",,100 ˚С,37.5 мм,45 мм,,,,,,,,,,,,,
https://www.eldorado.ru/cat/detail/protsessor-amd-a6-9500e-am4-oem-ad9500ahm23ab/,,,Процессор AMD A6 9500E AM4 OEM (AD9500AHM23AB),0,Малайзия,1 год,AMD A6,AM4,Bristol Ridge,2,2,3 ГГц,3.4 ГГц,28 нм,OEM,1 МБ,,Есть,AMD Radeon R5,800 МГц,,DDR4,,2,,,,35 Вт,,,,,,,,,,,,,,,,
https://www.eldorado.ru/cat/detail/protsessor-amd-athlon-x2-450-fm2-oem-ad450xybi23ja/,,,Процессор AMD Athlon X2 450 FM2+ OEM (AD450XYBI23JA),0,Малайзия,1 год,AMD Athlon,FM2+,Kaveri,2,2,3.5 ГГц,3.9 ГГц,28 нм,OEM,1 МБ,,,,,,,,,,,,65 Вт,,,,,128 КБ,,Есть,,,,,,,,,
https://www.eldorado.ru/cat/detail/protsessor-intel-sore-i5-12400-s1700-2-5g-bx8071512400-s-rl4v/,,,Процессор Intel Core i5-12400 S1700 2.5G (BX8071512400 S RL4V),14 999 р.,Вьетнам,3 года,Intel Core i5,,,6,,2.5 ГГц,4.4 ГГц,,BOX,7.5 МБ,18 МБ,Есть,,,,DDR4,,2,128 ГБ,,,117 Вт,,,,,,,,,,,,,,,,
https://www.eldorado.ru/cat/detail/protsessor-intel-i5-12600-3-3ghz-box/,,,Процессор Intel Core i5-12600 3.3GHz Box,18 499 р.,Китай,1 год,Intel Core i5,,,6,12,3.3 ГГц,4.8 ГГц,,BOX,7.5 МБ,18 МБ,,,,,DDR4,PC4-25600 (DDR4 3200 МГц),2,128 ГБ,76.8 Гбит/с,"SSE4.1, SSE4.2, AES",,100 ˚С,37.5 мм,45 мм,,,,,Есть,,,,,,,,
https://www.eldorado.ru/cat/detail/protsessor-intel-sore-i7-12700-s1700-2-1g-bx8071512700-s-rl4q/,,,Процессор Intel Core i7-12700 S1700 2.1G (BX8071512700 S RL4Q),29 499 р.,Вьетнам,3 года,Intel Core i7,,,12,,2.1 ГГц,4.8 ГГц,,BOX,12 МБ,25 МБ,Есть,,,,,,,,,,180 Вт,,,,,,,,,,,,,,,,
https://www.eldorado.ru/cat/detail/protsessor-intel-sore-i5-12600kf-s1700-3-7g-bx8071512600kf-s-rl4u/,,,Процессор Intel Core i5-12600KF S1700 3.7G (BX8071512600KF S RL4U),22 299 р.,Вьетнам,3 года,Intel Core i5,LGA1700,Alder Lake,10,16,3.7 ГГц,4.9 ГГц,10 нм,BOX,9.5 МБ,20 МБ,,,,,"DDR5, DDR4","PC5-38400 (DDR5 4800 МГц), PC4-25600 (DDR4 3200 МГц)",,128 ГБ,,,150 Вт,,,,,,,Есть,,,,,,,,,
https://www.eldorado.ru/cat/detail/protsessor-intel-core-i7-10700f-s1200-2-9g-bx8070110700f-s-rh70/,,,Процессор Intel Core I7-10700F S1200 2.9G (BX8070110700F S RH70),21 999 р.,Вьетнам,1 год,Intel Core i7,LGA1200,,8,16,2.9 ГГц,4.8 ГГц,14 нм,BOX,16 МБ,,,,,,DDR4,PC4-23400 (DDR4 2933 МГц),2,128 ГБ,45.8 Гбит/с,"SSE4.1, SSE4.2, AES",,100 ˚С,37.5 мм,37.5 мм,,,,,,,,,,,,,
https://www.eldorado.ru/cat/detail/protsessor-intel-i5-11600kf-4-9ghz-box/,,,Процессор Intel Core i5-11600KF 4.9GHz Box,18 899 р.,Китай,1 год,Intel Core i5,LGA1200,Rocket Lake,6,12,3.9 ГГц,4.9 ГГц,14 нм,BOX,3 МБ,12 МБ,,,,,DDR4,PC4-25600 (DDR4 3200 МГц),2,128 ГБ,50 Гбит/с,"SSE4.1, SSE4.2, AES",125 Вт,100 ˚С,37.5 мм,37.5 мм,,,,,,,,,,,,,
https://www.eldorado.ru/cat/detail/protsessor-intel-core-i5-12600kf-s1700-3-7g-bx8071512600kf-s-rl4u/,,,Процессор Intel Core I5-12600KF S1700 3.7G (BX8071512600KF S RL4U),23 499 р.,Вьетнам,1 год,Intel Core i5,,,10,16,2.8 ГГц,4.9 ГГц,,BOX,9.5 МБ,20 МБ,,,,,DDR4,PC4-25600 (DDR4 3200 МГц),2,128 ГБ,76.8 Гбит/с,"SSE4.1, SSE4.2, AES",,100 ˚С,37.5 мм,45 мм,,,,,,,,,,,,,
https://www.eldorado.ru/cat/detail/protsessor-intel-core-i7-12700-s1700-2-1g-bx8071512700-s-rl4q/,,,Процессор Intel Core I7-12700 S1700 2.1G (BX8071512700 S RL4Q),29 999 р.,Вьетнам,1 год,Intel Core i7,,,12,20,1.6 ГГц,4.9 ГГц,14 нм,BOX,12 МБ,25 МБ,Есть,,300 МГц,1500 МГц,DDR4,PC4-25600 (DDR4 3200 МГц),2,128 ГБ,76.8 Гбит/с,"SSE4.1, SSE4.2, AES",,100 ˚С,37.5 мм,45 мм,,,,,Есть,,,,,,,,
https://www.eldorado.ru/cat/detail/protsessor-intel-core-i5-12400f-oem/,,,Процессор Intel Core i5-12400F OEM,18 790 р.,Китай,3 года,Intel Core i5,LGA1700,Alder Lake,6,12,2.5 ГГц,4.4 ГГц,10 нм,OEM,7.5 МБ,18 МБ,,,,,"DDR5, DDR4","PC5-38400 (DDR5 4800 МГц), PC4-25600 (DDR4 3200 МГц)",2,128 ГБ,,,117 Вт,100 ˚С,45 мм,37.5 мм,,,,,,,,,,,,,
https://www.eldorado.ru/cat/detail/protsessor-intel-sore-i7-10700f-s1200-2-9g-bx8070110700f-s-rh70/,,,Процессор Intel Core i7-10700F S1200 2.9G (BX8070110700F S RH70),19 999 р.,Вьетнам,3 года,Intel Core i7,LGA1200,Comet Lake,8,16,2.9 ГГц,4.8 ГГц,14 нм,BOX,1.5 МБ,16 МБ,,,,,DDR4,PC4-23400 (DDR4 2933 МГц),,,,,65 Вт,100 ˚С,,,,,,,,,,,,,,,
https://www.eldorado.ru/cat/detail/protsessor-intel-i7-10700k-3-8ghz-16m-1200-no-fan-box/,,,Процессор Intel i7 10700K 3.8GHz 16M 1200 no Fan Box,26 999 р.,Китай,1 год,Intel Core i7,LGA1200,,8,16,3.8 ГГц,5.1 ГГц,14 нм,BOX,16 МБ,,Есть,Intel UHD Graphics 630,350 МГц,1200 МГц,DDR4,PC4-23400 (DDR4 2933 МГц),2,128 ГБ,45.8 Гбит/с,"SSE4.1, SSE4.2, AES",,100 ˚С,37.5 мм,37.5 мм,64 ГБ,,,,,,,,,,,,
https://www.eldorado.ru/cat/detail/protsessor-intel-core-i7-10700-s1200-2-9g-bx8070110700-s-rh6y/,,,Процессор Intel Core I7-10700 S1200 2.9G (BX8070110700 S RH6Y),24 499 р.,Вьетнам,1 год,Intel Core i7,LGA1200,,8,16,2.9 ГГц,4.8 ГГц,14 нм,BOX,16 МБ,,Есть,Intel UHD Graphics 630,350 МГц,1200 МГц,DDR4,PC4-23400 (DDR4 2933 МГц),2,128 ГБ,45.8 Гбит/с,"SSE4.1, SSE4.2, AES",,100 ˚С,37.5 мм,37.5 мм,64 ГБ,,,,,,,,,,,,
https://www.eldorado.ru/cat/detail/protsessor-intel-i3-10100f-3-6ghz-1200-box/,,,Процессор Intel Core i3 10100F 3.6GHz 1200 Box,6 299 р.,Китай,1 год,Intel Core i3,LGA1200,,4,8,3.6 ГГц,4.3 ГГц,14 нм,BOX,6 МБ,,,,,,DDR4,PC4-21300 (DDR4 2666 МГц),2,128 ГБ,41.6 Гбит/с,"SSE4.1, SSE4.2, AES",,100 ˚С,37.5 мм,37.5 мм,,,,,,,,,,,,,
https://www.eldorado.ru/cat/detail/protsessor-intel-i5-9400f-2-9ghz-9mb-1151-box/,,,Процессор Intel Core i5 9400F 2.9GHz 9MB 1151 Box,0,Китай,1 год,Intel Core i5,LGA1151,,6,6,2.9 ГГц,4.1 ГГц,14 нм,BOX,9 МБ,,,,,,DDR4,PC4-21300 (DDR4 2666 МГц),2,128 ГБ,41.6 Гбит/с,"SSE4.1, SSE4.2, AES",65 Вт,100 ˚С,37.5 мм,37.5 мм,,,,,,,,,,,,,
https://www.eldorado.ru/cat/detail/protsessor-intel-i5-10400f-2-9ghz-12mb-1200-box/,,,Процессор Intel Core i5 10400F 2.9GHz 12MB 1200 Box,10 799 р.,Китай,1 год,Intel Core i5,LGA1200,,6,12,2.9 ГГц,4.3 ГГц,14 нм,BOX,12 МБ,,,,,,DDR4,PC4-21300 (DDR4 2666 МГц),2,128 ГБ,41.6 Гбит/с,"SSE4.1, SSE4.2, AES",,100 ˚С,37.5 мм,37.5 мм,,,,,,,,,,,,,
https://www.eldorado.ru/cat/detail/protsessor-intel-i5-10600k-4-1ghz-12m-1200-no-fan-box/,,,Процессор Intel Core i5 10600K 4.1GHz 12M 1200 No Fan Box,19 199 р.,Китай,1 год,Intel Core i5,LGA1200,Comet Lake,6,12,4.1 ГГц,4.8 ГГц,14 нм,OEM,1.5 МБ,12 МБ,Есть,Intel UHD Graphics 630,350 МГц,1200 МГц,DDR4,PC4-21300 (DDR4 2666 МГц),2,128 ГБ,41.6 Гбит/с,"SSE4.1, SSE4.2, AES",125 Вт,100 ˚С,37.5 мм,37.5 мм,64 ГБ,,,,,,,,,,,,
https://www.eldorado.ru/cat/detail/protsessor-intel-i5-10600kf-4-1ghz-12m-1200-no-fan-box/,,,Процессор Intel Core i5 10600KF 4.1GHz 12M 1200 No Fan Box,14 899 р.,Китай,1 год,Intel Core i5,LGA1200,,6,12,4.1 ГГц,4.8 ГГц,14 нм,OEM,12 МБ,,,,,,DDR4,PC4-21300 (DDR4 2666 МГц),2,128 ГБ,41.6 Гбит/с,"SSE4.1, SSE4.2, AES",,100 ˚С,37.5 мм,37.5 мм,,,,,,,,,,,,,
https://www.eldorado.ru/cat/detail/protsessor-intel-i5-11400-2-6ghz-box/,,,Процессор Intel Core i5 11400 2.6GHz Box,14 999 р.,Китай,1 год,Intel Core i5,LGA1200,,6,12,2.6 ГГц,4.4 ГГц,14 нм,BOX,12 МБ,,,,,,DDR4,PC4-25600 (DDR4 3200 МГц),2,128 ГБ,50 Гбит/с,"SSE4.1, SSE4.2, AES",,100 ˚С,37.5 мм,37.5 мм,,,,,,,,,,,,,
https://www.eldorado.ru/cat/detail/protsessor-intel-i5-11400f-4-4ghz-box/,,,Процессор Intel Core i5-11400F 4.4GHz Box,12 599 р.,Китай,1 год,Intel Core i5,LGA1200,,6,12,2.6 ГГц,4.4 ГГц,14 нм,BOX,12 МБ,,,,,,DDR4,PC4-25600 (DDR4 3200 МГц),2,128 ГБ,50 Гбит/с,"SSE4.1, SSE4.2, AES",,100 ˚С,37.5 мм,37.5 мм,,,,,,,,,,,,,
https://www.eldorado.ru/cat/detail/protsessor-intel-i5-12600k-4-9ghz-box/,,,Процессор Intel Core i5 12600K 4.9GHz Box,23 999 р.,Китай,1 год,Intel Core i5,LGA1700,Alder Lake,10,16,2.8 ГГц,4.9 ГГц,10 нм,BOX,9.5 МБ,20 МБ,Есть,Intel UHD Graphics 770,300 МГц,1450 МГц,"DDR5, DDR4","PC5-38400 (DDR5 4800 МГц), PC4-25600 (DDR4 3200 МГц)",2,128 ГБ,76.8 Гбит/с,AES,150 Вт,100 ˚С,37.5 мм,45 мм,,,,,Есть,,,,,,,,
https://www.eldorado.ru/cat/detail/protsessor-intel-core-i5-12400-oem-cm8071504555317s-rl4v/,,,Процессор Intel Core i5 12600K 4.9GHz Box,0,,,,,,,,,,,,,,,,,,,,,,,,,,,,,,,,,,,,,,,,
https://www.eldorado.ru/cat/detail/protsessor-intel-core-i5-12400f-box/,,,Процессор Intel Core i5-12400F Box,18 290 р.,Китай,3 года,Intel Core i5,,,6,12,2.5 ГГц,4.4 ГГц,,BOX,7.5 МБ,18 МБ,,,,,DDR4,PC4-25600 (DDR4 3200 МГц),2,128 ГБ,76.8 Гбит/с,,117 Вт,100 ˚С,45 мм,37.5 мм,,,,,,,,,,,,,
https://www.eldorado.ru/cat/detail/protsessor-intel-core-i5-12600k-box/,,,Процессор Intel Core i5-12600K Box,31 790 р.,Китай,3 года,Intel Core i5,LGA1700,Alder Lake,10,16,2.8 ГГц,4.9 ГГц,10 нм,BOX,9.5 МБ,20 МБ,Есть,Intel UHD Graphics 770,300 МГц,1450 МГц,"DDR5, DDR4","PC5-38400 (DDR5 4800 МГц), PC4-25600 (DDR4 3200 МГц)",2,128 ГБ,76.8 Гбит/с,,150 Вт,100 ˚С,45 мм,37.5 мм,,,,Есть,Есть,,,,,,,,
https://www.eldorado.ru/cat/detail/protsessor-intel-core-i5-12600k-oem/,,,Процессор Intel Core i5-12600K OEM,32 590 р.,Китай,3 года,Intel Core i5,LGA1700,Alder Lake,10,16,3.7 ГГц,4.9 ГГц,10 нм,OEM,9.5 МБ,20 МБ,Есть,Intel UHD Graphics 770,300 МГц,1450 МГц,"DDR5, DDR4","PC5-38400 (DDR5 4800 МГц), PC4-25600 (DDR4 3200 МГц)",2,128 ГБ,76.8 Гбит/с,,150 Вт,100 ˚С,45 мм,37.5 мм,,,,Есть,Есть,,,,,,,,
https://www.eldorado.ru/cat/detail/protsessor-intel-core-i5-12600kf-oem/,,,Процессор Intel Core i5-12600KF OEM,26 990 р.,Китай,3 года,Intel Core i5,,,10,16,3.7 ГГц,4.9 ГГц,,OEM,9.5 МБ,20 МБ,,,,,DDR4,PC4-25600 (DDR4 3200 МГц),2,128 ГБ,76.8 Гбит/с,,150 Вт,100 ˚С,45 мм,37.5 мм,,,,Есть,,,,,,,,,
https://www.eldorado.ru/cat/detail/protsessor-intel-core-i7-12700-oem/,,,Процессор Intel Core i7-12700 OEM,34 190 р.,Китай,3 года,Intel Core i7,LGA1700,Alder Lake,12,20,1.6 ГГц,4.9 ГГц,10 нм,OEM,12 МБ,25 МБ,,,,,"DDR5, DDR4","PC5-38400 (DDR5 4800 МГц), PC4-25600 (DDR4 3200 МГц)",2,128 ГБ,76.8 Гбит/с,,180 Вт,100 ˚С,45 мм,37.5 мм,,,,,,,,,,,,,
https://www.eldorado.ru/cat/detail/protsessor-intel-core-i7-12700f-oem/,,,Процессор Intel Core i7-12700F OEM,34 990 р.,Китай,3 года,Intel Core i7,,,12,20,3.6 ГГц,5 ГГц,,OEM,12 МБ,25 МБ,,,,,DDR4,PC4-25600 (DDR4 3200 МГц),2,128 ГБ,76.8 Гбит/с,,190 Вт,100 ˚С,45 мм,37.5 мм,,,,Есть,,,,,,,,,
https://www.eldorado.ru/cat/detail/protsessor-intel-core-i7-12700k-oem-cm8071504553828s-rl4n/,,,Процессор Intel Core i7-12700K OEM (CM8071504553828S RL4N),38 890 р.,Китай,3 года,Intel Core i7,LGA1700,Alder Lake,12,20,2.7 ГГц,5 ГГц,10 нм,OEM,12 МБ,25 МБ,Есть,Intel HD Graphics,,,"DDR5, DDR4","PC5-38400 (DDR5 4800 МГц), PC4-25600 (DDR4 3200 МГц)",,,,,190 Вт,100 ˚С,45 мм,38 мм,,1 МБ,5 мм,,,,,41 г,,,,,
https://www.eldorado.ru/cat/detail/protsessor-intel-core-i7-12700kf-oem/,,,Процессор Intel Core i7-12700KF OEM,49 990 р.,Китай,3 года,Intel Core i7,LGA1700,Alder Lake,12,20,3.6 ГГц,5 ГГц,10 нм,OEM,12 МБ,25 МБ,,,,,"DDR5, DDR4","PC5-38400 (DDR5 4800 МГц), PC4-25600 (DDR4 3200 МГц)",2,128 ГБ,76.8 Гбит/с,,190 Вт,100 ˚С,45 мм,37.5 мм,,,,Есть,,,,,,,,,
https://www.eldorado.ru/cat/detail/protsessor-intel-core-i9-12900kf-oem/,,,Процессор Intel Core i9-12900KF OEM,56 890 р.,Китай,3 года,Intel Core i9,LGA1700,Alder Lake,16,24,3.2 ГГц,5.2 ГГц,10 нм,OEM,14 МБ,30 МБ,,,,,"DDR5, DDR4","PC5-38400 (DDR5 4800 МГц), PC4-25600 (DDR4 3200 МГц)",2,128 ГБ,76.8 Гбит/с,,241 Вт,100 ˚С,45 мм,37.5 мм,,1.5 МБ,,Есть,,,,,,,,,
https://www.eldorado.ru/cat/detail/protsessor-intel-core-i3-10100-oem/,,,Процессор Intel Core i9-12900KF OEM,0,,,,,,,,,,,,,,,,,,,,,,,,,,,,,,,,,,,,,,,,
https://www.eldorado.ru/cat/detail/protsessor-intel-core-i3-10105-oem/,,,Процессор Intel Core i3-10105 OEM,15 690 р.,Китай,1 год,Intel Core i3,LGA1200,,4,8,3.7 ГГц,4.4 ГГц,14 нм,OEM,1 МБ,6 МБ,Есть,Intel UHD Graphics 630,,,DDR4,PC4-21300 (DDR4 2666 МГц),2,128 ГБ,41.6 Гбит/с,,65 Вт,100 ˚С,37.5 мм,37.5 мм,,256 КБ,,,,,,,,,,,
https://www.eldorado.ru/cat/detail/protsessor-intel-core-i3-12100-oem/,,,Процессор Intel Core i3-12100 OEM,12 190 р.,Китай,3 года,Intel Core i3,,,4,8,3.3 ГГц,4.3 ГГц,,OEM,5 МБ,12 МБ,Есть,,,,DDR4,PC4-25600 (DDR4 3200 МГц),2,128 ГБ,76.8 Гбит/с,,89 Вт,100 ˚С,37.5 мм,45 мм,,,,,,,,,,,,,
https://www.eldorado.ru/cat/detail/protsessor-intel-core-i5-10400-oem/,,,Процессор Intel Core i5-10400 OEM,18 290 р.,Китай,3 года,Intel Core i5,LGA1200,,6,12,2.9 ГГц,4.3 ГГц,14 нм,OEM,1.5 МБ,12 МБ,Есть,Intel UHD Graphics 630,,,DDR4,PC4-21300 (DDR4 2666 МГц),2,128 ГБ,41.6 Гбит/с,,65 Вт,100 ˚С,37.5 мм,37.5 мм,,384 КБ,,,,,,,,,,,
https://www.eldorado.ru/cat/detail/protsessor-intel-core-i5-10400f-oem/,,,Процессор Intel Core i5-10400F OEM,12 190 р.,Китай,3 года,Intel Core i5,LGA1200,,6,12,2.9 ГГц,4.3 ГГц,14 нм,OEM,1.5 МБ,12 МБ,,,,,DDR4,PC4-21300 (DDR4 2666 МГц),2,128 ГБ,41.6 Гбит/с,,65 Вт,100 ˚С,37.5 мм,37.5 мм,,384 КБ,,,,,,,,,,,
https://www.eldorado.ru/cat/detail/protsessor-intel-core-i5-10500-oem/,,,Процессор Intel Core i5-10500 OEM,18 890 р.,Китай,1 год,Intel Core i5,LGA1200,,6,12,3.1 ГГц,4.5 ГГц,14 нм,OEM,1.5 МБ,12 МБ,Есть,Intel UHD Graphics 630,,,DDR4,PC4-21300 (DDR4 2666 МГц),2,128 ГБ,41.6 Гбит/с,,65 Вт,100 ˚С,37.5 мм,37.5 мм,,384 КБ,,,,,,,,,,,
https://www.eldorado.ru/cat/detail/protsessor-intel-core-i5-11400-oem/,,,Процессор Intel Core i5-11400 OEM,17 190 р.,Китай,3 года,Intel Core i5,LGA1200,Rocket Lake,6,12,2.6 ГГц,4.4 ГГц,14 нм,OEM,3 МБ,12 МБ,Есть,Intel UHD Graphics 730,350 МГц,1300 МГц,DDR4,PC4-25600 (DDR4 3200 МГц),2,128 ГБ,50 Гбит/с,,65 Вт,100 ˚С,37.5 мм,37.5 мм,,,,,,,,,,,,,
https://www.eldorado.ru/cat/detail/protsessor-intel-core-i5-11400f-oem/,,,Процессор Intel Core i5-11400F OEM,17 590 р.,Китай,1 год,Intel Core i5,LGA1200,,6,12,2.6 ГГц,4.4 ГГц,14 нм,OEM,3 МБ,12 МБ,,,,,DDR4,PC4-25600 (DDR4 3200 МГц),2,128 ГБ,50 Гбит/с,,65 Вт,100 ˚С,37.5 мм,37.5 мм,,,,,,,,,,,,,
https://www.eldorado.ru/cat/detail/protsessor-intel-core-i7-11700f-box/,,,Процессор Intel Core i7-11700F Box,37 490 р.,Китай,3 года,Intel Core i3,LGA1200,,8,16,2.5 ГГц,4.9 ГГц,14 нм,BOX,4 МБ,16 МБ,,,,,DDR4,PC4-25600 (DDR4 3200 МГц),2,128 ГБ,50 Гбит/с,,65 Вт,100 ˚С,37.5 мм,37.5 мм,,,,,,,,30 г,,,Есть,,
https://www.eldorado.ru/cat/detail/protsessor-amd-ryzen-3-pro-2100ge-oem/,,,Процессор AMD Ryzen 3 Pro 2100GE OEM,14 190 р.,Китай,1 год,AMD Ryzen 3,AM4,Raven Ridge,2,4,3.2 ГГц,,14 нм,OEM,1 МБ,4 МБ,Есть,AMD Radeon Vega 3,,,DDR4,PC4-25600 (DDR4 3200 МГц),2,128 ГБ,,,35 Вт,95 ˚С,40 мм,6 мм,,,40 мм,Есть,,,,42 г,,,,,
https://www.eldorado.ru/cat/detail/protsessor-amd-ryzen-5-3600-oem/,,,Процессор AMD Ryzen 5 3600 OEM,10 890 р.,Китай,1 год,AMD Ryzen 5,AM4,,6,12,3.6 ГГц,4.2 ГГц,7 нм,OEM,3 МБ,32 МБ,,,,,DDR4,PC4-25600 (DDR4 3200 МГц),2,128 ГБ,,,65 Вт,95 ˚С,45 мм,45 мм,,384 КБ,,,,,,150 г,,,,,
https://www.eldorado.ru/cat/detail/protsessor-amd-ryzen-5-5600x-oem/,,,Процессор AMD Ryzen 5 5600X OEM,18 590 р.,Китай,1 год,AMD Ryzen 5,AM4,Vermeer,6,12,3.7 ГГц,4.6 ГГц,7 нм,OEM,3 МБ,32 МБ,,,,,DDR4,PC4-25600 (DDR4 3200 МГц),,,,,65 Вт,95 ˚С,,,,,,,,,,,,,,,
https://www.eldorado.ru/cat/detail/protsessor-amd-ryzen-5-pro-4650g-oem/,,,Процессор AMD Ryzen 5 Pro 4650G OEM,13 290 р.,Китай,1 год,AMD Ryzen 5,AM4,,6,12,3.7 ГГц,4.2 ГГц,7 нм,OEM,3 МБ,8 МБ,Есть,AMD Radeon Vega 7,,,DDR4,PC4-25600 (DDR4 3200 МГц),2,,,,65 Вт,95 ˚С,,,,384 КБ,,,,,,,,,,,
https://www.eldorado.ru/cat/detail/protsessor-amd-ryzen-7-3700x-oem/,,,Процессор AMD Ryzen 7 3700X OEM,21 590 р.,Китай,1 год,AMD Ryzen 7,AM4,,8,16,3.6 ГГц,4.4 ГГц,7 нм,OEM,4 МБ,32 МБ,,,,,DDR4,PC4-25600 (DDR4 3200 МГц),2,,,,65 Вт,95 ˚С,40 мм,,,512 КБ,40 мм,Есть,,,,,,,,,
https://www.eldorado.ru/cat/detail/protsessor-amd-ryzen-7-5800x-oem/,,,Процессор AMD Ryzen 7 5800X OEM,35 190 р.,Китай,1 год,AMD Ryzen 7,AM4,,8,16,3.8 ГГц,4.7 ГГц,7 нм,OEM,4 МБ,32 МБ,,,,,DDR4,PC4-25600 (DDR4 3200 МГц),,,,,105 Вт,90 ˚С,,,,,,Есть,,,,,,,,,
https://www.eldorado.ru/cat/detail/protsessor-amd-ryzen-7-pro-4750g-oem/,,,Процессор AMD Ryzen 7 Pro 4750G OEM,24 790 р.,Китай,1 год,AMD Ryzen 7,AM4,,8,16,3.6 ГГц,4.4 ГГц,7 нм,OEM,4 МБ,8 МБ,Есть,AMD Radeon Vega 8,,,DDR4,PC4-25600 (DDR4 3200 МГц),2,,,,65 Вт,95 ˚С,40 мм,6 мм,,512 КБ,40 мм,,,,,,,,,,
https://www.eldorado.ru/cat/detail/protsessor-amd-ryzen-9-5900x-oem/,,,Процессор AMD Ryzen 9 5900X OEM,38 890 р.,Китай,1 год,AMD Ryzen 9,AM4,,12,24,3.7 ГГц,4.8 ГГц,7 нм,OEM,6 МБ,64 МБ,,,,,DDR4,PC4-25600 (DDR4 3200 МГц),,,,,105 Вт,90 ˚С,40 мм,6 мм,,768 КБ,40 мм,Есть,,,,,,,,,
https://www.eldorado.ru/cat/detail/protsessor-amd-ryzen-3-pro-4350g-oem/,,,Процессор AMD Ryzen 3 Pro 4350G OEM,11 890 р.,Китай,1 год,AMD Ryzen 3,AM4,,4,8,3.8 ГГц,4 ГГц,7 нм,OEM,2 МБ,4 МБ,Есть,,,1700 МГц,DDR4,,2,128 ГБ,,,65 Вт,,,,,256 КБ,,,,,,,,,,,
https://www.eldorado.ru/cat/detail/protsessor-amd-ryzen-9-5950x-oem-100-000000059/,,,Процессор AMD Ryzen 9 5950X OEM (100-000000059),59 190 р.,Китай,1 год,AMD Ryzen 9,AM4,,16,32,3.4 ГГц,4.9 ГГц,7 нм,OEM,8 МБ,64 МБ,,,,,DDR4,PC4-25600 (DDR4 3200 МГц),,128 ГБ,,,105 Вт,90 ˚С,,,,1 МБ,,Есть,,,,,,,,,
https://www.eldorado.ru/cat/detail/protsessor-intel-core-i5-11400f-oem-cm8070804497016-s-rkp1/,,,Процессор Intel Core i5 11400F OEM (CM8070804497016 S RKP1),15 590 р.,Китай,3 года,Intel Core i5,LGA1200,Rocket Lake,6,12,2.6 ГГц,4.4 ГГц,14 нм,OEM,3 МБ,12 МБ,,,,,DDR4,,2,128 ГБ,50 Гбит/с,,65 Вт,100 ˚С,,37.5 мм,,,37.5 мм,,,,,,,,,,
https://www.eldorado.ru/cat/detail/protsessor-amd-ryzen-7-5700g-oem-100-000000263/,,,Процессор AMD Ryzen 7 5700G OEM (100-000000263),24 190 р.,Китай,1 год,AMD Ryzen 7,AM4,Cezanne,8,16,3.8 ГГц,4.6 ГГц,7 нм,OEM,4 МБ,16 МБ,Есть,AMD Radeon Vega 8,,2000 МГц,DDR4,PC4-25600 (DDR4 3200 МГц),2,,,"AVX2, AVX, SSE, SSE4.1, SSE4.2, F16C, SSE3, FMA3, SSE4, SSE2, AES",65 Вт,95 ˚С,,,128 ГБ,256 КБ,,Есть,,,"Intel Hyper-Threading, Enhanced Virus Protection, AMD virtualization",,,,,,
https://www.eldorado.ru/cat/detail/protsessor-amd-ryzen-5-4600g-oem-100-000000147/,,,Процессор AMD Ryzen 5 4600G OEM (100-000000147),13 390 р.,Китай,1 год,AMD Ryzen 5,AM4,,6,12,3.7 ГГц,4.2 ГГц,7 нм,OEM,3 МБ,8 МБ,Есть,AMD Radeon Vega 7,1900 МГц,,DDR4,PC4-25600 (DDR4 3200 МГц),2,64 ГБ,,,65 Вт,95 ˚С,,,,384 КБ,,,,,,,,,,,
https://www.eldorado.ru/cat/detail/protsessor-amd-ryzen-7-7700x-oem-100-000000591/,,,Процессор AMD Ryzen 7 7700X OEM (100-000000591),38 290 р.,Китай,1 год,AMD Ryzen 7,,,8,16,4.5 ГГц,5.4 ГГц,,,8 МБ,32 МБ,Есть,,,2200 МГц,DDR5,,2,128 ГБ,,,105 Вт,95 ˚С,,,,512 КБ,,,,,,,,,,,
https://www.eldorado.ru/cat/detail/protsessor-amd-ryzen-9-7900x-oem-100-000000589/,,,Процессор AMD Ryzen 9 7900X OEM (100-000000589),55 690 р.,Китай,1 год,AMD Ryzen 9,,,12,24,4.7 ГГц,5.6 ГГц,,OEM,12 МБ,64 МБ,Есть,,,2200 МГц,DDR5,,2,128 ГБ,,,170 Вт,95 ˚С,,,,768 КБ,,,,,,,,,,,
https://www.eldorado.ru/cat/detail/protsessor-intel-core-i5-13600kf-oem/,,,Процессор Intel Core i5 13600KF OEM,43 890 р.,Китай,1 год,Intel Core i5,LGA1700,Raptor Lake,14,20,3.5 ГГц,5.1 ГГц,10 нм,OEM,20 МБ,24 МБ,,,,,"DDR5, DDR4",,,128 ГБ,89.6 Гбит/с,,181 Вт,100 ˚С,,,,,,Есть,,,,55 г,,,,,
https://www.eldorado.ru/cat/detail/protsessor-intel-original-core-i7-13700k/,,,Процессор Intel Original Core i7 13700K,53 590 р.,Китай,1 год,Intel Core i7,LGA1700,Raptor Lake,16,24,3.4 ГГц,5.4 ГГц,10 нм,BOX,24 МБ,30 МБ,Есть,Intel UHD Graphics 770,300 МГц,1600 МГц,"DDR5, DDR4",PC4-25600 (DDR4 3200 МГц),2,128 ГБ,,,253 Вт,100 ˚С,,,,,,Есть,Есть,,,,Графический контроллер: PCI-E 5.0,,,,
https://www.eldorado.ru/cat/detail/protsessor-intel-original-core-i7-13700kf/,,,Процессор Intel Original Core i7 13700KF,51 290 р.,Китай,1 год,Intel Core i7,LGA1700,Raptor Lake,16,24,3.4 ГГц,5.4 ГГц,10 нм,BOX,24 МБ,30 МБ,,,,,"DDR5, DDR4",PC4-25600 (DDR4 3200 МГц),2,128 ГБ,,,253 Вт,100 ˚С,,,,,,Есть,,,,,Графический контроллер: PCI-E 5.0,,,,
https://www.eldorado.ru/cat/detail/protsessor-intel-original-core-i9-13900k-soc-1700-oem/,,,Процессор Intel Original Core i9 13900K Soc-1700 OEM,79 590 р.,Китай,1 год,Intel Core i9,LGA1700,Raptor Lake,24,32,3 ГГц,5.8 ГГц,10 нм,OEM,32 МБ,36 МБ,Есть,Intel UHD Graphics 770,300 МГц,1650 МГц,"DDR5, DDR4",PC4-25600 (DDR4 3200 МГц),2,,,,253 Вт,100 ˚С,,,,,,Есть,Есть,,,,Графический контроллер: PCI-E 5.0,,,,
https://www.eldorado.ru/cat/detail/protsessor-intel-original-core-i9-13900kf-soc-1700-oem/,,,Процессор Intel Original Core i9 13900KF Soc-1700 OEM,81 690 р.,Китай,1 год,Intel Core i9,LGA1700,Raptor Lake,24,32,3 ГГц,5.8 ГГц,10 нм,OEM,32 МБ,36 МБ,,,,,"DDR5, DDR4",PC4-25600 (DDR4 3200 МГц),2,128 ГБ,,,253 Вт,100 ˚С,,,,,,Есть,,,,,Графический контроллер: PCI-E 5.0,,,,
https://www.eldorado.ru/cat/detail/protsessor-amd-ryzen-3-3200g-am4-box/,,,Процессор AMD Ryzen 3 3200G AM4 BOX,10 790 р.,Китай,1 год,AMD Ryzen 3,AM4,,4,4,3.6 ГГц,4 ГГц,12 нм,BOX,2 МБ,4 МБ,,AMD Radeon Vega 8,1250 МГц,,DDR4,PC4-23400 (DDR4 2933 МГц),2,,,,65 Вт,95 ˚С,,,,384 КБ,,Есть,,,,,,,Есть,,
https://www.eldorado.ru/cat/detail/protsessor-amd-ryzen-3-3200g-am4-oem/,,,Процессор AMD Ryzen 3 3200G AM4 OEM,9 440 р.,Китай,1 год,AMD Ryzen 3,AM4,,4,4,3.6 ГГц,4 ГГц,12 нм,OEM,2 МБ,4 МБ,,AMD Radeon Vega 8,1250 МГц,,DDR4,PC4-23400 (DDR4 2933 МГц),2,,,,65 Вт,95 ˚С,,,,384 КБ,,Есть,,,,,,,,,
https://www.eldorado.ru/cat/detail/protsessor-intel-core-i5-11500-oem-s-rkny-cm8070804496809/,,,Процессор Intel Core i5-11500 OEM S RKNY (CM8070804496809),24 990 р.,Китай,3 года,Intel Core i5,LGA1200,Rocket Lake,6,12,2.7 ГГц,4.6 ГГц,14 нм,OEM,3 МБ,12 МБ,Есть,,,,DDR4,PC4-25600 (DDR4 3200 МГц),2,128 ГБ,,,65 Вт,,,,,64 КБ,,,,27,,,Графический контроллер Intel UHD Graphics 750,,,,
https://www.eldorado.ru/cat/detail/protsessor-amd-ryzen-5-3600-oem-0694559/,,,Процессор AMD Ryzen 5 3600 OEM (0694559),9 799 р.,Китай,1 год,AMD Ryzen 5,AM4,,6,12,3.6 ГГц,4.2 ГГц,7 нм,OEM,3 МБ,32 МБ,,,,,DDR4,PC4-25600 (DDR4 3200 МГц),2,128 ГБ,,,65 Вт,95 ˚С,,,,384 КБ,,Есть,,36,,150 г,,,,,
https://www.eldorado.ru/cat/detail/protsessor-amd-sempron-3850-socket-am1-box-sd3850jahmbox/,,,Процессор AMD Sempron 3850 Socket AM1 Box (SD3850JAHMBox),2 690 р.,Китай,3 года,AMD Sempron,AM1,Kabini,4,,1.3 ГГц,,28 нм,BOX,2 Мб,,Есть,,450 МГц,,,PC3‑12800 (DDR3 1600 МГц),,,,"AVX, SSE, SSE4.1, SSE4.2, F16C, SSE3, MMX, SSE4, SSE2, BMI1, AES",25 Вт,90 ˚С,,,,64 КБ,,,,,AMD64/Intel64/EM64T,,,,,0.5 В,1.4 В
https://www.eldorado.ru/cat/detail/protsessor-amd-a6-7400k-socket-fm2-box-ad740kybjabox/,,,Процессор AMD A6 7400K Socket FM2+ Box (AD740KYBJABox),3 099 р.,Китай,3 года,AMD A6,FM2+,Kaveri,2,,3.5 ГГц,,28 нм,BOX,1 Мб,,Есть,AMD Radeon R5,756 МГц,,,"PC3‑8500 (DDR3 1066 МГц), PC3‑14900 (DDR3 1866 МГц), PC3‑6400 (DDR3 800 МГц), PC3‑10600 (DDR3 1333 МГц), PC3‑12800 (DDR3 1600 МГц)",,,,"SSE, SSE3, MMX, SSE4, SSE2",65 Вт,70 ˚С,,,,128 КБ,,,,,"AMD64/Intel64/EM64T, AMD virtualization",,,,,,
https://www.eldorado.ru/cat/detail/protsessor-amd-fx-4350-socket-am3-oem-fd4350frw4khk/,,,Процессор AMD FX-4350 Socket AM3+ Oem (FD4350FRW4KHK),2 999 р.,Китай,1 год,AMD FX,AM3+,Vishera,4,,4.2 ГГц,,32 нм,OEM,4 Мб,8 Мб,,,,,DDR3,"PC3‑8500 (DDR3 1066 МГц), PC3‑14900 (DDR3 1866 МГц), PC3‑6400 (DDR3 800 МГц), PC3‑10600 (DDR3 1333 МГц), PC3‑12800 (DDR3 1600 МГц)",,128 ГБ,,"AVX, SSE, SSE3, XOP, MMX, SSE4, FMA4, SSE2",125 Вт,,,,,48 КБ,,,Есть,,,,,,,,
https://www.eldorado.ru/cat/detail/protsessor-amd-fx-6350-socket-am3-oem-fd6350frw6khk/,,,Процессор AMD FX-6350 Socket AM3+ Oem (FD6350FRW6KHK),0,Китай,1 год,AMD FX,AM3+,Vishera,6,,3.9 ГГц,4.2 ГГц,32 нм,,6 Мб,8 Мб,,,,,,,,,,"AVX, SSE, SSE4.1, SSE4.2, SSE3, SSE4, SSE4a, SSE2, BMI1, AES, AVX2, F16C, XOP, FMA3, MMX, SSSE3, FMA4, TBM",125 Вт,,,,,64 КБ,,Есть,,,"AMD Turbo Core 3.0, AMD64/Intel64/EM64T, AMD virtualization",,,,,,
https://www.eldorado.ru/cat/detail/protsessor-intel-celeron-g3900-2-80ghz-2mb-box-bx80662g3900sr2hv/,,,"Процессор Intel Celeron G3900 2,80Ghz 2Mb Box (BX80662G3900SR2HV)",5 990 р.,Вьетнам,3 года,Intel Celeron,LGA1151,Skylake,2,,2.8 ГГц,,14 нм,BOX,0.5 МБ,2 МБ,Есть,Intel HD Graphics 510,950 МГц,,DDR4,,2,64 ГБ,,"SSE, SSE4.1, SSE4.2, SSE3, MMX, SSE4, SSE2, AES",51 Вт,72 ˚С,,,,128 КБ,,,,28,,,,,,,
https://www.eldorado.ru/cat/detail/protsessor-intel-celeron-g3930/,,,Процессор Intel Celeron G3930,4 590 р.,Малайзия,3 года,Intel Celeron,LGA1151,,2,,2.9 ГГц,,,BOX,,2 МБ,Есть,,,,,,,,,,51 Вт,,,,,,,,,,,,Графический контроллер - Intel HD Graphics 610,,,,
https://www.eldorado.ru/cat/detail/protsessor-intel-pentium-g4400-bx80662g4400/,,,Процессор Intel Pentium G4400 (BX80662G4400),4 690 р.,Вьетнам,3 года,Intel Pentium,LGA1151,,2,,3.3 ГГц,,,BOX,,3 МБ,Есть,,,,,,,,,,54 Вт,,,,,,,,,,,,Графический контроллер - Intel HD Graphics 510,,,,
https://www.eldorado.ru/cat/detail/protsessor-intel-pentium-g4620/,,,Процессор Intel Pentium G4620,5 599 р.,Малайзия,3 года,Intel Pentium,LGA1151,,2,,3.7 ГГц,,,BOX,,3 МБ,Есть,,,,,,,,,,51 Вт,,,,,,,,,,,,Графический контроллер - Intel HD Graphics 630,,,,
https://www.eldorado.ru/cat/detail/protsessor-intel-core-i3-7100/,,,Процессор Intel Core i3-7100,7 199 р.,Вьетнам,3 года,Intel Core i3,,,2,,3.9 ГГц,,,,,3 МБ,Есть,Intel HD Graphics,,,,,,,,,,,,,,,,,,,,,,,,,
https://www.eldorado.ru/cat/detail/protsessor-intel-core-i5-6400-bx80662i56400/,,,Процессор Intel Core i5-6400 (BX80662I56400),18 699 р.,Вьетнам,3 года,Intel Core i5,,,4,,2.7 ГГц,3.3 ГГц,,BOX,6 МБ,,Есть,Intel HD Graphics,,,,,,,,,65 Вт,,,,,,,,,,,,,,,,
https://www.eldorado.ru/cat/detail/protsessor-intel-core-i5-7500/,,,Процессор Intel Core i5-7500,13 990 р.,Вьетнам,3 года,Intel Core i5,LGA1151,,4,,3.4 ГГц,3.8 ГГц,,BOX,,6 МБ,Есть,,,,,,,,,,65 Вт,,,,,,,,,,,,Графический контроллер - Intel HD Graphics 630,,,,
https://www.eldorado.ru/cat/detail/protsessor-intel-core-i5-7600-bx80677i57600/,,,Процессор Intel Core i5-7500,0,,,,,,,,,,,,,,,,,,,,,,,,,,,,,,,,,,,,,,,,
https://www.eldorado.ru/cat/detail/protsessor-intel-core-i5-7600k-bx80677i57600k/,,,Процессор Intel Core i5-7600K (BX80677I57600K),10 199 р.,Вьетнам,3 года,Intel Core i5,LGA1151,,4,,3.8 ГГц,4.2 ГГц,,BOX,,6 МБ,Есть,,,,,,,,,,91 Вт,,,,,,,Есть,,,,,Графический контроллер - Intel HD Graphics 630,,,,
https://www.eldorado.ru/cat/detail/protsessor-intel-core-i7-7700/,,,Процессор Intel Core i7-7700,29 290 р.,Вьетнам,3 года,Intel Core i7,LGA1151,,4,,3.6 ГГц,4.2 ГГц,,BOX,,8 МБ,Есть,,,,,,,,,,65 Вт,,,,,,,,,,,,Графический контроллер - Intel HD Graphics 630,,,,
https://www.eldorado.ru/cat/detail/protsessor-amd-ryzen-5-1400-yd1400bbaebox/,,,Процессор AMD Ryzen 5 1400 (YD1400BBAEBOX),8 290 р.,Малайзия,3 года,AMD Ryzen 5,AM4,,4,,3.2 ГГц,3.4 ГГц,,BOX,,8 МБ,,,,,,,,,,,65 Вт,,,,,,,Есть,,,,,,,,,
https://www.eldorado.ru/cat/detail/protsessor-amd-ryzen-7-1700-yd1700bbaebox/,,,Процессор AMD Ryzen 7 1700 (YD1700BBAEBOX),17 299 р.,Малайзия,3 года,AMD Ryzen 7,AM4,Summit Ridge,8,16,3 ГГц,3.7 ГГц,14 нм,BOX,4 МБ,16 МБ,,,,,DDR4,PC4-12800 (DDR4 1600 МГц),2,128 ГБ,,"AVX, SSE3, FMA3, MMX, SSSE3, SSE2, AES",65 Вт,90 ˚С,,,,768 КБ,,Есть,,30,,,,,Есть,,
https://www.eldorado.ru/cat/detail/protsessor-amd-a10-7850k/,,,Процессор AMD A10 7850K,7 590 р.,Малайзия,3 года,,FM2+,Kaveri,4,,3.7 ГГц,4 ГГц,28 нм,BOX,2х2 МБ,,Есть,AMD Radeon R7,,,,,,,,,95 Вт,,,,,,,Есть,,,,,,,,,
https://www.eldorado.ru/cat/detail/protsessor-amd-sempron-x2-2650/,,,Процессор AMD A10 7850K,0,,,,,,,,,,,,,,,,,,,,,,,,,,,,,,,,,,,,,,,,
https://www.eldorado.ru/cat/detail/protsessor-intel-core-i3-6100-bx80662i36100/,,,Процессор Intel Core i3-6100 (BX80662I36100),7 790 р.,Китай,3 года,Intel Core i3,LGA1151,Skylake,2,4,3.7 ГГц,,14 нм,BOX,0.5 МБ,3 МБ,Есть,Intel HD Graphics 530,350 МГц,1050 МГц,"DDR4, DDR3",,2,64 ГБ,34.1 Гбит/с,"AVX2, SSE4.1, SSE4.2",51 Вт,65 ˚С,37.5 мм,37.5 мм,64 ГБ,64 КБ,,,Есть,,"Enhanced Intel SpeedStep, Intel Virtualization (VT-d), Intel Hyper-Threading, AMD64/Intel64/EM64T, Intel Virtualization (VT-x)",,,,,,
https://www.eldorado.ru/cat/detail/protsessor-intel-core-i3-7300-bx80677i37300/,,,Процессор Intel Core i3-7300 (BX80677I37300),9 690 р.,Китай,3 года,Intel Core i3,LGA1151,,2,,4 ГГц,,,BOX,,4 МБ,Есть,,,,,,,,,,51 Вт,,,,,,,,,,,,Графический контроллер - Intel HD Graphics 630,,,,
https://www.eldorado.ru/cat/detail/protsessor-intel-core-i3-7320-bx80677i37320/,,,Процессор Intel Core i3-7320 (BX80677I37320),12 499 р.,Китай,3 года,Intel Core i3,,,2,,4.1 ГГц,,,BOX,,,Есть,,,,,,,,,,51 Вт,,,,,,,,,,,,,,,,
https://www.eldorado.ru/cat/detail/protsessor-intel-core-i3-7350k-bx80677i37350k/,,,Процессор Intel Core i3-7350K (BX80677I37350K),11 190 р.,Китай,3 года,Intel Core i3,LGA1150,,2,,4.2 ГГц,,,BOX,,4 МБ,Есть,Intel HD Graphics,350 МГц,1150 МГц,DDR4,,2,,,,60 Вт,,,,64 ГБ,,,Есть,Есть,,,,,,,,
https://www.eldorado.ru/cat/detail/protsessor-intel-core-i5-7640x-bx80677i57640x/,,,Процессор Intel Core i5-7640X (BX80677I57640X),19 490 р.,Китай,3 года,Intel Core i5,LGA2066,,4,,4 ГГц,4.2 ГГц,,BOX,,6 МБ,,,,,,,,,,,112 Вт,,,,,,,,,,,,,,,,
https://www.eldorado.ru/cat/detail/protsessor-intel-core-i7-7740x-bx80677i77740x/,,,Процессор Intel Core i7-7740X (BX80677I77740X),15 499 р.,Китай,3 года,Intel Core i7,LGA2066,,4,,4.3 ГГц,4.5 ГГц,,BOX,,8 МБ,,,,,,,,,,,112 Вт,,,,,,,Есть,,,,,,,,,
https://www.eldorado.ru/cat/detail/protsessor-amd-fx-8320e-fd832ewmhkbox/,,,Процессор AMD FX-8320E (FD832EWMHKBOX),6 790 р.,Германия,3 года,,AM3+,,8,,3.2 ГГц,4 ГГц,,BOX,,8 МБ,,,,,,,,,,,95 Вт,,,,,,,,,,,,,,Есть,,
https://www.eldorado.ru/cat/detail/protsessor-amd-fx-8300-fd8300wmhkbox/,,,Процессор AMD FX-8300 (FD8300WMHKBOX),7 390 р.,Германия,3 года,,AM3+,,8,,3.3 ГГц,4.2 ГГц,,BOX,,8 МБ,,,,,,,,,,,95 Вт,,,,,,,Есть,,,,,,,,,
https://www.eldorado.ru/cat/detail/protsessor-amd-fx-8320-fd8320frhkbox/,,,Процессор AMD FX-8320 (FD8320FRHKBOX),8 590 р.,Германия,3 года,AMD FX,AM3+,,8,8,3.2 ГГц,4 ГГц,32 нм,BOX,,8 МБ,,,,,DDR3,,,,,AES,125 Вт,61.1 ˚С,,,,,,Есть,,,,,,,,,
https://www.eldorado.ru/cat/detail/protsessor-amd-a10-7800-ad7800ybjabox/,,,Процессор AMD A10 7800 (AD7800YBJABOX),5 490 р.,Малайзия,3 года,AMD A10,FM2+,,4,,3.5 ГГц,3.9 ГГц,,BOX,4 МБ,,Есть,AMD Radeon R7,,,,,,,,,65 Вт,,,,,,,,,,,,,,,,
https://www.eldorado.ru/cat/detail/protsessor-amd-a8-7650k-ad765kxbjabox/,,,Процессор AMD A8 7650K (AD765KXBJABOX),4 990 р.,Малайзия,3 года,AMD A8,FM2+,,4,,3.3 ГГц,3.8 ГГц,,BOX,4 МБ,,Есть,AMD Radeon R7,,,,,,,,,95 Вт,,,,,,,Есть,,,,,,,,,
https://www.eldorado.ru/cat/detail/protsessor-amd-a4-7300-ad7300okhlbox/,,,Процессор AMD A4 7300 (AD7300OKHLBOX),2 590 р.,Малайзия,3 года,AMD A4,FM2,,2,,3.8 ГГц,4 ГГц,,BOX,1 МБ,,Есть,AMD HD 8470D,,,,,,,,,65 Вт,,,,,,,,,,,,,,,,
https://www.eldorado.ru/cat/detail/protsessor-amd-a10-7870k-ad787kxdjcbox/,,,Процессор AMD A10 7870K (AD787KXDJCBOX),6 190 р.,Малайзия,3 года,AMD A10,FM2+,,4,,3.9 ГГц,4.1 ГГц,,BOX,4 МБ,,Есть,AMD Radeon R7,,,,,,,,,95 Вт,,,,,,,Есть,,,,,,,,,
https://www.eldorado.ru/cat/detail/protsessor-amd-a10-7890k-ad789kxdjchbx/,,,Процессор AMD A10 7890K (AD789KXDJCHBX),6 690 р.,Малайзия,3 года,AMD A10,FM2+,,4,,4.1 ГГц,4.3 ГГц,,BOX,4 МБ,,Есть,AMD Radeon R7,,,,,,,,,95 Вт,,,,,,,Есть,,,,,,,,,
https://www.eldorado.ru/cat/detail/protsessor-amd-a10-7870k-ad787kxdjcsbx/,,,Процессор AMD A10 7870K (AD787KXDJCSBX),6 290 р.,Малайзия,3 года,AMD A10,FM2+,,4,,3.9 ГГц,4.1 ГГц,,BOX,4 МБ,,Есть,AMD Radeon R7,,,,,,,,,95 Вт,,,,,,,Есть,,,,,,,,,
https://www.eldorado.ru/cat/detail/protsessor-amd-a10-7860k-ad786kybjcsbx/,,,Процессор AMD A10 7860K (AD786KYBJCSBX),5 990 р.,Малайзия,3 года,AMD A10,FM2+,,4,,3.6 ГГц,4 ГГц,,BOX,4 МБ,,Есть,AMD Radeon R7,,,,,,,,,65 Вт,,,,,,,Есть,,,,,,,,,
https://www.eldorado.ru/cat/detail/protsessor-amd-ryzen-5-1500x-yd150xbbaebox/,,,Процессор AMD Ryzen 5 1500X (YD150XBBAEBOX),0,Малайзия,3 года,AMD Ryzen 5,AM4,,4,,3.5 ГГц,3.7 ГГц,,BOX,2 МБ,16 МБ,,,,,,,,,,,65 Вт,,,,,,,Есть,,,,,,,,,
https://www.eldorado.ru/cat/detail/protsessor-amd-a10-9700e-ad9700ahabbox/,,,Процессор AMD A10 9700E (AD9700AHABBOX),5 690 р.,Малайзия,3 года,AMD A10,AM4,,4,,3 ГГц,3.5 ГГц,,BOX,2 МБ,,Есть,AMD Radeon R7,,,,,,,,,35 Вт,,,,,,,Есть,,,,,,,,,
https://www.eldorado.ru/cat/detail/protsessor-amd-a12-9800e-ad9800ahabbox/,,,Процессор AMD A12 9800E (AD9800AHABBOX),6 990 р.,Малайзия,3 года,AMD A12,AM4,,4,,3.1 ГГц,3.8 ГГц,,BOX,2 МБ,,Есть,AMD Radeon R7,,,,,,,,,35 Вт,,,,,,,Есть,,,,,,,,,
https://www.eldorado.ru/cat/detail/protsessor-amd-a6-9500e-ad9500ahabbox/,,,Процессор AMD A6 9500E (AD9500AHABBOX),3 399 р.,Малайзия,3 года,AMD A6,AM4,Bristol Ridge,2,2,3 ГГц,3.4 ГГц,28 нм,BOX,1 МБ,,Есть,AMD Radeon R5,800 МГц,,DDR4,PC4-12800 (DDR4 1600 МГц),2,,,"AVX, SSE, SSE3, FMA3, MMX, SSE4, FMA4, SSE2, TBM, AES",35 Вт,90 ˚С,,,,,,,,30,AMD Turbo Core,,,,,,
https://www.eldorado.ru/cat/detail/protsessor-amd-a6-9500-ad9500agabbox/,,,Процессор AMD A6 9500 (AD9500AGABBOX),3 490 р.,Малайзия,3 года,AMD A6,AM4,,2,,3.5 ГГц,3.8 ГГц,,BOX,1 МБ,,Есть,AMD Radeon R5,,,,,,,,,65 Вт,,,,,,,Есть,,,,,,,,,
https://www.eldorado.ru/cat/detail/protsessor-amd-a10-9700-ad9700agabbox/,,,Процессор AMD A10 9700 (AD9700AGABBOX),5 690 р.,Малайзия,3 года,AMD A10,AM4,,4,,3.5 ГГц,3.8 ГГц,,BOX,2 МБ,,Есть,AMD Radeon R7,,,,,,,,,65 Вт,,,,,,,Есть,,,,,,,,,
https://www.eldorado.ru/cat/detail/protsessor-amd-ryzen-5-2400g-yd2400c5fbbox/,,,Процессор AMD Ryzen 5 2400G (YD2400C5FBBOX),11 399 р.,Малайзия,3 года,AMD Ryzen 5,AM4,Raven Ridge,4,8,3.6 ГГц,3.9 ГГц,14 нм,BOX,2 МБ,4 МБ,Есть,AMD Radeon Vega 11,1250 МГц,,DDR4,,2,64 ГБ,,,65 Вт,95 ˚С,,,,384 КБ,,,,,,,,,Есть,,
https://www.eldorado.ru/cat/detail/protsessor-amd-a4-4000-ad4000okhlbox/,,,Процессор AMD A4 4000 (AD4000OKHLBOX),0,Малайзия,3 года,AMD A4,FM2,Richland,2,2,3 ГГц,3.2 ГГц,32 нм,BOX,1 МБ,,Есть,AMD HD 7480D,724 МГц,,DDR3,PC3‑10600 (DDR3 1333 МГц),2,,,"AVX, SSE, SSE4.1, SSE4.2, SSE3, FMA3, MMX, SSE4, FMA4, SSE2, AES",65 Вт,70 ˚С,,40 мм,,64 КБ,40 мм,,,,AMD Turbo Core 3.0,39 г,,,Есть,,
https://www.eldorado.ru/cat/detail/protsessor-amd-a4-6300-ad6300okhlbox/,,,Процессор AMD A4 6300 (AD6300OKHLBOX),2 090 р.,Малайзия,3 года,AMD A4,FM2,,2,,3.7 ГГц,3.9 ГГц,,BOX,1 МБ,,Есть,AMD HD 8370D,,,,,,,,,65 Вт,,,,,,,,,,,,,,,,
https://www.eldorado.ru/cat/detail/protsessor-amd-a8-7670k-ad767kxbjcbox/,,,Процессор AMD A8 7670K (AD767KXBJCBOX),0,Малайзия,3 года,AMD A8,FM2+,Godavari,4,4,3.6 ГГц,3.9 ГГц,28 нм,BOX,4 МБ,,Есть,AMD Radeon R7,,757 МГц,DDR3,PC3‑6400 (DDR3 800 МГц),2,64 ГБ,,"SSE, SSE3, FMA3, MMX, SSE4, SSSE3, FMA4, SSE2, TBM",95 Вт,72.4 ˚С,,,,192 КБ,,,,36,AMD Turbo Core 3.0,,,,,,
https://www.eldorado.ru/cat/detail/protsessor-intel-pentium-gold-g5600-3-9ghz-bx80684g5600/,,,Процессор Intel Pentium Gold G5600 3.9GHz (BX80684G5600),8 790 р.,Китай,3 года,Intel Pentium,LGA1150,,2,4,3.9 ГГц,,,BOX,,4 МБ,Есть,Intel HD Graphics,350 МГц,1100 МГц,DDR4,,2,64 ГБ,,,54 Вт,100 ˚С,,37.5 мм,64 ГБ,,37.5 мм,,,,"Intel Virtualization (VT-d), Intel Hyper-Threading, Intel Virtualization (VT-x)",,,,,,
https://www.eldorado.ru/cat/detail/protsessor-intel-pentium-gold-g5500-3-8ghz-bx80684g5500/,,,"Процессор Intel Pentium Gold G5500 3,8GHz (BX80684G5500)",8 590 р.,Китай,3 года,Intel Pentium,,,2,4,3.8 ГГц,,,,,4 МБ,Есть,Intel HD Graphics,350 МГц,1 МГц,DDR4,,2,64 ГБ,37.5 Гбит/с,,54 Вт,100 ˚С,,,64 ГБ,,,,Есть,,,,,,,,
https://www.eldorado.ru/cat/detail/protsessor-intel-pentium-gold-g5400-3-7-ghz-bx80684g5400/,,,Процессор Intel Pentium Gold G5400 3.7 GHz (BX80684G5400),4 990 р.,Китай,3 года,Intel Pentium,LGA1151 v2,,2,,3.7 ГГц,,,BOX,,4 МБ,Есть,,,,,,,,,,54 Вт,,,,,,,,,,,,Графический контроллер - Intel HD Graphics 610,,,,
https://www.eldorado.ru/cat/detail/protsessor-intel-core-i7-8700k-3-7ghz-bx80684i78700k/,,,Процессор Intel Core i7-8700K 3.7GHz (BX80684I78700K),27 790 р.,Китай,3 года,Intel Core i7,LGA1150,,6,,3.7 ГГц,4.7 ГГц,,BOX,1.5 МБ,12 МБ,Есть,Intel HD Graphics,350 МГц,1200 МГц,DDR4,,2,128 ГБ,41.6 Гбит/с,,95 Вт,100 ˚С,,,64 ГБ,,,Есть,,,"Intel Virtualization (VT-d), Intel Hyper-Threading, Intel vPro, Intel Turbo Boost 2.0, Intel Virtualization (VT-x)",,,,,,
https://www.eldorado.ru/cat/detail/protsessor-intel-core-i5-8600-3-1ghz-bx80684i58600/,,,"Процессор Intel Core i5-8600 3,1GHz (BX80684I58600)",21 390 р.,Китай,3 года,Intel Core i5,,,6,,3.1 ГГц,4.3 ГГц,,BOX,1.5 МБ,9 МБ,Есть,Intel HD Graphics,,,DDR4,,2,128 ГБ,41.6 Гбит/с,,65 Вт,100 ˚С,,,,,,,,,,,,,,,
https://www.eldorado.ru/cat/detail/protsessor-intel-core-i5-8500-3-0ghz-bx80684i58500/,,,Процессор Intel Core i5-8500 3.0GHz (BX80684I58500),20 190 р.,Китай,3 года,Intel Core i5,LGA1150,,6,,3 ГГц,4.1 ГГц,,BOX,1.5 МБ,9 МБ,Есть,Intel HD Graphics,,,DDR4,,2,128 ГБ,41.6 Гбит/с,,65 Вт,100 ˚С,,37.5 мм,,,37.5 мм,,,,"Intel Virtualization (VT-d), Intel vPro, Intel Turbo Boost 2.0, Intel Virtualization (VT-x)",,,,,,
https://www.eldorado.ru/cat/detail/protsessor-intel-core-i3-8300-3-7ghz-bx80684i38300/,,,Процессор Intel Core i3-8300 3.7GHz (BX80684I38300),12 390 р.,Китай,3 года,Intel Core i3,LGA1151 v2,Coffee Lake,4,4,3.7 ГГц,,14 нм,BOX,1 МБ,8 МБ,Есть,Intel HD Graphics,350 МГц,1150 МГц,DDR4,,2,64 ГБ,,ABM,62 Вт,100 ˚С,,,64 ГБ,128 КБ,,,Есть,,,,,,Есть,,
https://www.eldorado.ru/cat/detail/protsessor-intel-celeron-g4900-3-1ghz-bx80684g4900/,,,"Процессор Intel Celeron G4900 3,1GHz (BX80684G4900)",2 690 р.,Китай,3 года,Intel Celeron,,,2,,3.1 ГГц,,,BOX,,2 МБ,Есть,Intel HD Graphics,350 МГц,1 МГц,DDR4,,2,64 ГБ,37.5 Гбит/с,,54 Вт,100 ˚С,,,64 ГБ,,,,Есть,,,,,,,,
https://www.eldorado.ru/cat/detail/protsessor-intel-core-i7-8700-bx80684i78700/,,,Процессор Intel Core i7-8700 (BX80684I78700),29 190 р.,Китай,3 года,Intel Core i7,LGA1150,,6,,3.2 ГГц,4.6 ГГц,,,1.5 МБ,12 МБ,,,,,,,,,,,65 Вт,,,,,,,,,,,,,,,,
https://www.eldorado.ru/cat/detail/protsessor-intel-celeron-g3950-3-0ghz-2mb-box-bx80677g3950sr35j/,,,Процессор Intel Celeron G3950 3.0Ghz/2Mb Box (BX80677G3950SR35J),5 790 р.,Малайзия,3 года,Intel Celeron,,,2,2,3 ГГц,3 ГГц,,BOX,0.5 МБ,2 МБ,Есть,Intel HD Graphics,,1 МГц,DDR4,,,64 ГБ,,,51 Вт,,,,,64 КБ,,,,,,,,,,,
https://www.eldorado.ru/cat/detail/protsessor-intel-pentium-g4500-3-50ghz-3mb-box-bx80662g4500sr2hj/,,,"Процессор Intel Pentium G4500 3,50Ghz 3Mb Box (BX80662G4500SR2HJ)",5 790 р.,Вьетнам,3 года,Intel Celeron,LGA1151,Skylake,2,,3.5 ГГц,,14 нм,BOX,0.5 МБ,2 МБ,Есть,Intel HD Graphics,,,"DDR4, DDR3",,,,,,51 Вт,,,,,64 КБ,,,,,,,,,,,
https://www.eldorado.ru/cat/detail/protsessor-intel-i7-3770/,,,Процессор Intel i7-3770,21 990 р.,Китай,1 год,Intel Core i7,LGA1155,,4,,3.4 ГГц,3.9 ГГц,,OEM,1 МБ,8 МБ,Есть,Intel HD Graphics 4000,,,,,,,,,77 Вт,,,,,64 КБ,,,,,,,,,,,
https://www.eldorado.ru/cat/detail/protsessor-amd-ryzen-threadripper-2990wx-tr4-box-w-o-cooler-yd299xazafwof/,,,Процессор AMD Ryzen Threadripper 2990WX TR4 Box w/o Cooler (YD299XAZAFWOF),119 990 р.,Китай,3 года,AMD Ryzen Threadripper,TR4,,32,,3 ГГц,4.2 ГГц,,BOX,16 МБ,64 МБ,,,,,,,,,,,,,,,,,,,,,,,,,,,
https://www.eldorado.ru/cat/detail/protsessor-amd-ryzen-threadripper-2970wx-tr4-box-w-o-cooler-yd297xazafwof/,,,Процессор AMD Ryzen Threadripper 2970WX TR4 Box w/o Cooler (YD297XAZAFWOF),85 990 р.,Китай,3 года,AMD Ryzen Threadripper,TR4,,24,,2.9 ГГц,4.1 ГГц,12 нм,,12 МБ,64 МБ,,,,,,,,,,,,,,,,2.25 МБ,,,,,,,,,,,
https://www.eldorado.ru/cat/detail/protsessor-amd-ryzen-threadripper-2950x-tr4-box-w-o-cooler-yd295xa8afwof/,,,Процессор AMD Ryzen Threadripper 2950X TR4 BOX w/o Cooler (YD295XA8AFWOF),52 990 р.,Китай,3 года,AMD Ryzen Threadripper,TR4,,16,,3.5 ГГц,4.4 ГГц,12 нм,,8 МБ,32 МБ,,,,,DDR4,,4,,,,180 Вт,68 ˚С,,,,1.5 МБ,,,,,,,,,,,
https://www.eldorado.ru/cat/detail/protsessor-amd-ryzen-threadripper-2920x-tr4-box-w-o-cooler-yd292xa8afwof/,,,Процессор AMD Ryzen Threadripper 2920X TR4 Box w/o Cooler (YD292XA8AFWOF),35 190 р.,Китай,3 года,,,,,,3.5 ГГц,4.3 ГГц,,,6 МБ,32 МБ,,,,,,,,,,,,,,,,,,,,,,,,,,,
https://www.eldorado.ru/cat/detail/protsessor-amd-ryzen-9-3900x-am4-box-wraith-prism-cooler-100-100000023box/,,,Процессор AMD Ryzen 9 3900X AM4 Box Wraith Prism Cooler (100-100000023BOX),47 390 р.,Китай,3 года,AMD Ryzen 9,AM4,,12,,3.8 ГГц,4.6 ГГц,,,6 МБ,64 МБ,,,,,DDR4,,2,,,,,,,,,,,Есть,,,,,,,,,
https://www.eldorado.ru/cat/detail/protsessor-amd-ryzen-7-3800x-am4-box-wraith-prism-cooler-100-100000025box/,,,Процессор AMD Ryzen 7 3800X AM4 Box Wraith Prism Cooler (100-100000025BOX),29 390 р.,Китай,3 года,AMD Ryzen 7,AM4,,8,16,3.8 ГГц,4.4 ГГц,7 нм,BOX,4 МБ,32 МБ,,,,,,,,,,,105 Вт,,,,,512 КБ,,,,,,,,,Есть,,
https://www.eldorado.ru/cat/detail/protsessor-amd-ryzen-7-3700x-am4-box-wraith-prism-cooler-100-100000071box/,,,Процессор AMD Ryzen 7 3700X AM4 Box Wraith Prism Cooler (100-100000071BOX),28 990 р.,Китай,3 года,AMD Ryzen 7,AM4,,8,,3.6 ГГц,4.4 ГГц,,,4 МБ,32 МБ,,,,,,,,,,,,,,,,,,,,,,,,,,,
https://www.eldorado.ru/cat/detail/protsessor-amd-ryzen-5-3400g-am4-box-yd3400c5fhbox/,,,Процессор AMD Ryzen 5 3400G AM4 Box (YD3400C5FHBOX),13 390 р.,Китай,3 года,AMD Ryzen 5,AM4,,4,8,3.6 ГГц,4.1 ГГц,12 нм,BOX,2 МБ,4 МБ,,AMD Radeon Vega 11,,,,,,,,,65 Вт,,,,,384 КБ,,,,,,,,,Есть,,
https://www.eldorado.ru/cat/detail/protsessor-amd-ryzen-7-2700x-am4-box-yd270xbgafbox/,,,Процессор AMD Ryzen 7 2700X AM4 Box (YD270XBGAFBOX),17 990 р.,Китай,3 года,AMD Ryzen 7,AM4,,8,,3.6 ГГц,4.2 ГГц,12 нм,BOX,4 МБ,16 МБ,,,,,,,,,,,105 Вт,,,,,768 КБ,,,,,,,,,Есть,,
https://www.eldorado.ru/cat/detail/protsessor-amd-ryzen-7-2700-am4-box-yd2700bbafbox/,,,Процессор AMD Ryzen 7 2700 AM4 Box (YD2700BBAFBOX),15 990 р.,Китай,3 года,,,,8,,3.2 ГГц,,,,4 МБ,16 МБ,,,,,,,,,,,,,,,,,,,,,,,,,,,
https://www.eldorado.ru/cat/detail/protsessor-amd-ryzen-5-2600x-am4-box-yd260xbcafbox/,,,Процессор AMD Ryzen 5 2600X AM4 Box (YD260XBCAFBOX),12 990 р.,Китай,3 года,AMD Ryzen 5,AM4,,6,,3.5 ГГц,4.1 ГГц,12 нм,BOX,3 МБ,16 МБ,,,,,,,,,,,95 Вт,,,,,576 КБ,,,,,,,,,Есть,,
https://www.eldorado.ru/cat/detail/protsessor-amd-athlon-3000g-am4-box-yd3000c6fhbox/,,,Процессор AMD Athlon 3000G AM4 Box (YD3000C6FHBOX),3 990 р.,Китай,3 года,AMD Athlon,AM4,,2,,3.5 ГГц,,,,1 МБ,4 МБ,Есть,AMD Radeon Vega 3,,,,,,,,,35 Вт,,,,,192 КБ,,Есть,,,,,,,,,
https://www.eldorado.ru/cat/detail/protsessor-amd-ryzen-3-3100-s-kulerom-100-100000284box/,,,"Процессор AMD Ryzen 3 3100, с кулером (100-100000284BOX)",9 190 р.,Китай,3 года,AMD Ryzen 3,AM4,,4,,3.6 ГГц,3.9 ГГц,,,2 МБ,16 МБ,,,,,,,,,,,65 Вт,,,,,256 КБ,,Есть,,,,,,,Есть,,
https://www.eldorado.ru/cat/detail/protsessor-intel-core-i3-10105f-bx8070110105fsrh8v/,,,Процессор Intel Core i3-10105F (BX8070110105FSRH8V),6 899 р.,Вьетнам,3 года,Intel Core i3,,,4,,3.7 ГГц,4.4 ГГц,,BOX,1.5 МБ,6 МБ,,,,,,,,,,,65 Вт,,,,,64 КБ,,,,,,,,,,,
https://www.eldorado.ru/cat/detail/protsessor-intel-core-i5-11600-bx8070811600srknw/,,,Процессор Intel Core i5-11600 (BX8070811600SRKNW),22 299 р.,Китай,3 года,Intel Core i5,,,6,,2.8 ГГц,4.8 ГГц,,,,12 МБ,Есть,,350 МГц,,DDR4,,2,128 ГБ,50 Гбит/с,,65 Вт,,37.5 мм,37.5 мм,64 ГБ,,,,,,,,,,,,
https://www.eldorado.ru/cat/detail/protsessor-intel-sore-i3-10105f-s1200-3-7g-bx8070110105f-s-rh8v/,,,Процессор Intel Core i3-10105F S1200 3.7G (BX8070110105F S RH8V),8 499 р.,Вьетнам,3 года,Intel Core i3,LGA1200,Comet Lake,4,8,3.7 ГГц,4.4 ГГц,14 нм,BOX,1.5 МБ,6 МБ,,,,,DDR4,PC4-21300 (DDR4 2666 МГц),,,,,65 Вт,100 ˚С,,,,,,,,,,,,,,,
https://www.eldorado.ru/cat/detail/protsessor-intel-pentium-g6405-s1200-4-1g-bx80701g6405-s-rh3z/,,,Процессор Intel Pentium G6405 S1200 4.1G (BX80701G6405 S RH3Z),5 899 р.,Вьетнам,3 года,Intel Pentium,LGA1200,Comet Lake,2,4,4.1 ГГц,,14 нм,BOX,0.5 МБ,0.0039 МБ,Есть,Intel UHD Graphics 610,350 МГц,1050 МГц,DDR4,PC4-21300 (DDR4 2666 МГц),,128 ГБ,,,58 Вт,100 ˚С,,,,64 КБ,,,,,,,,,,,
https://www.eldorado.ru/cat/detail/protsessor-intel-sore-i5-12400f-s1700-2-5g-bx8071512400f-s-rl4w/,,,Процессор Intel Core i5-12400F S1700 2.5G (BX8071512400F S RL4W),14 699 р.,Вьетнам,3 года,Intel Core i5,,,6,,2.5 ГГц,4.4 ГГц,,BOX,7.5 МБ,18 МБ,,,,,,,,,,,117 Вт,,,,,,,,,,,,,,,,
https://www.eldorado.ru/cat/detail/protsessor-intel-i7-10700kf-3-8ghz-16m-1200-no-fan-box/,,,Процессор Intel i7 10700KF 3.8GHz 16M 1200 no Fan Box,25 499 р.,Китай,1 год,Intel Core i7,LGA1200,,8,16,3.8 ГГц,5.1 ГГц,14 нм,BOX,16 МБ,,,,,,DDR4,PC4-23400 (DDR4 2933 МГц),2,128 ГБ,45.8 Гбит/с,"SSE4.1, SSE4.2, AES",,100 ˚С,37.5 мм,37.5 мм,,,,,,,,,,,,,
https://www.eldorado.ru/cat/detail/protsessor-intel-core-i3-10105f-s1200-3-7g-bx8070110105f-s-rh8v/,,,Процессор Intel Core I3-10105F S1200 3.7G (BX8070110105F S RH8V),6 399 р.,Вьетнам,1 год,Intel Core i3,LGA1200,,4,8,3.7 ГГц,4.4 ГГц,14 нм,BOX,6 МБ,,,,,,DDR4,PC4-21300 (DDR4 2666 МГц),2,128 ГБ,41.6 Гбит/с,"SSE4.1, SSE4.2, AES",,100 ˚С,37.5 мм,37.5 мм,,,,,,,,,,,,,
https://www.eldorado.ru/cat/detail/protsessor-intel-core-i5-12400-s1700-2-5g-bx8071512400-s-rl4v/,,,Процессор Intel Core I5-12400 S1700 2.5G (BX8071512400 S RL4V),15 299 р.,Вьетнам,1 год,Intel Core i5,LGA1700,Alder Lake,6,12,2.5 ГГц,4.4 ГГц,10 нм,BOX,7.5 МБ,18 МБ,Есть,Intel UHD Graphics 730,300 МГц,1450 МГц,"DDR5, DDR4","PC5-38400 (DDR5 4800 МГц), PC4-25600 (DDR4 3200 МГц)",2,128 ГБ,76.8 Гбит/с,"SSE4.1, SSE4.2, AES",117 Вт,100 ˚С,37.5 мм,45 мм,,,,,,,,,,,,,
https://www.eldorado.ru/cat/detail/protsessor-intel-core-i5-12400f-s1700-2-5g-bx8071512400f-s-rl4w/,,,Процессор Intel Core I5-12400F S1700 2.5G (BX8071512400F S RL4W),14 799 р.,Вьетнам,1 год,Intel Core i5,,,6,12,2.5 ГГц,4.4 ГГц,,BOX,7.5 МБ,18 МБ,,,,,DDR4,PC4-25600 (DDR4 3200 МГц),2,128 ГБ,76.8 Гбит/с,"SSE4.1, SSE4.2, AES",,100 ˚С,37.5 мм,45 мм,,,,,,,,,,,,,
https://www.eldorado.ru/cat/detail/protsessor-intel-i3-10105-3-7ghz-box/,,,Процессор Intel Core i3 10105 3.7GHz Box,9 799 р.,Китай,1 год,Intel Core i3,LGA1200,,4,8,3.7 ГГц,4.4 ГГц,14 нм,BOX,5 МБ,12 МБ,Есть,Intel UHD Graphics 630,350 МГц,1100 МГц,DDR4,PC4-21300 (DDR4 2666 МГц),2,128 ГБ,41.6 Гбит/с,"SSE4.1, SSE4.2, AES",,100 ˚С,37.5 мм,37.5 мм,64 ГБ,,,,,,,,,,,,
https://www.eldorado.ru/cat/detail/protsessor-intel-i3-12100-3-30ghz-box/,,,Процессор Intel Core i3-12100 3.30Ghz Box,10 999 р.,Китай,1 год,Intel Core i3,,,4,8,3.3 ГГц,4.3 ГГц,,BOX,5 МБ,12 МБ,Есть,,300 МГц,1400 МГц,DDR4,PC4-25600 (DDR4 3200 МГц),2,128 ГБ,76.8 Гбит/с,"SSE4.1, SSE4.2, AES",,100 ˚С,37.5 мм,45 мм,,,,,,,,,,,,,
https://www.eldorado.ru/cat/detail/protsessor-intel-i5-10400-2-9ghz-12mb-1200-box/,,,Процессор Intel Core i3-12100 3.30Ghz Box,0,,,,,,,,,,,,,,,,,,,,,,,,,,,,,,,,,,,,,,,,
https://www.eldorado.ru/cat/detail/protsessor-intel-i5-12500-box/,,,Процессор Intel Core i5-12500 Box,17 699 р.,Китай,1 год,Intel Core i5,LGA1700,Alder Lake,6,12,3 ГГц,4.6 ГГц,10 нм,BOX,7.5 МБ,18 МБ,Есть,Intel UHD Graphics 770,300 МГц,1450 МГц,"DDR5, DDR4","PC5-38400 (DDR5 4800 МГц), PC4-25600 (DDR4 3200 МГц)",2,128 ГБ,76.8 Гбит/с,"SSE4.1, SSE4.2, AES",117 Вт,100 ˚С,37.5 мм,45 мм,,,,,Есть,,,,,,,,
https://www.eldorado.ru/cat/detail/protsessor-intel-i7-11700k-3-6-ghz/,,,Процессор Intel i7-11700K 3.6 GHz,28 999 р.,Китай,1 год,Intel Core i7,LGA1200,Rocket Lake,8,16,3.6 ГГц,5 ГГц,14 нм,BOX,4 МБ,16 МБ,Есть,Intel UHD Graphics 750,350 МГц,1300 МГц,DDR4,PC4-25600 (DDR4 3200 МГц),2,128 ГБ,50 Гбит/с,"SSE4.1, SSE4.2, AES",125 Вт,100 ˚С,37.5 мм,37.5 мм,64 ГБ,,,,,,,,,,,,
https://www.eldorado.ru/cat/detail/protsessor-intel-i7-11700kf-5-ghz/,,,Процессор Intel i7-11700KF 5 GHz,27 999 р.,Китай,1 год,Intel Core i7,LGA1200,,8,16,3.6 ГГц,5 ГГц,14 нм,BOX,16 МБ,,,,,,DDR4,PC4-25600 (DDR4 3200 МГц),2,128 ГБ,50 Гбит/с,"SSE4.1, SSE4.2, AES",,100 ˚С,37.5 мм,37.5 мм,,,,,,,,,,,,,
https://www.eldorado.ru/cat/detail/protsessor-intel-i7-12700k-4-9ghz/,,,Процессор Intel i7 12700K 4.9GHz,34 999 р.,Китай,1 год,Intel Core i7,,,12,20,2.7 ГГц,5 ГГц,,BOX,12 МБ,25 МБ,Есть,,300 МГц,1500 МГц,DDR4,PC4-25600 (DDR4 3200 МГц),2,128 ГБ,76.8 Гбит/с,"SSE4.1, SSE4.2, AES",,100 ˚С,37.5 мм,45 мм,,,,,Есть,,,,,,,,
