Название,Время отклика,Порты USB 3.1 (Type-C),Графический,Тип матрицы,Веб-камера,Диагональ экрана,Гарантия,Рейтинг,Порты USB 3.0 (Type-C),Количество ядер,Процессор,Количество отзывов,Подсветка клавиш,Выходная мощность адаптера питания,Емкость,Сенсорный,Максимальное число потоков,Соотношение сторон,Тип вилки,Яркость,Количество ячеек,Частота обновления,Операционная система,Объем оперативной памяти,Вес,Цена,Для геймеров,Количество высокопроизводительных ядер,Порты USB 3.2 (Type-C),Количество слотов оперативной
"ноутбук huawei matebook d 16 16""",0.0,0.0,0,5,0,0,0.0,0.0,0.0,0.0,0,22.0,0.0,0,0.0,0.0,0.0,0,0,0.0,0.0,0.0,0,0.0,0.0,81520.0,0.0,0.0,0.0,0.0
ноутбук huawei matebook d 15 bod-wdh9,0.0,0.0,0,5,0,0,0.0,4.9,0.0,0.0,0,1.0,0.0,0,0.0,0.0,0.0,0,0,0.0,0.0,0.0,0,0.0,0.0,46990.0,0.0,0.0,0.0,0.0
ноутбук huawei matebook d 15 bod-wdi9,0.0,0.0,0,5,0,0,0.0,0.0,0.0,0.0,0,5.0,0.0,0,0.0,0.0,0.0,0,0,0.0,0.0,0.0,0,0.0,0.0,43990.0,0.0,0.0,0.0,0.0
ноутбук hiper expertbook mtl1577,0.0,0.0,3,2,1,13,12.0,5.0,2.0,6.0,127,5.0,1.0,0,4800.0,0.0,12.0,2,0,250.0,0.0,60.0,9,8.0,1.7,46990.0,0.0,6.0,0.0,2.0
ноутбук digma pro fortis m,0.0,0.0,64,2,1,13,12.0,5.0,1.0,4.0,33,10.0,1.0,0,4250.0,0.0,8.0,2,0,0.0,0.0,60.0,9,8.0,1.87,45990.0,0.0,4.0,1.0,0.0
ноутбук asus a516jp-ej461,0.0,0.0,19,8,1,13,12.0,0.0,1.0,4.0,67,5.0,1.0,0,0.0,0.0,8.0,2,0,200.0,2.0,60.0,10,16.0,1.8,55990.0,0.0,4.0,0.0,1.0
ноутбук huawei matebook d 15 bom-wfp9,0.0,0.0,3,2,1,13,12.0,0.0,0.0,8.0,136,21.0,1.0,0,0.0,0.0,16.0,2,0,250.0,0.0,60.0,10,16.0,1.56,59990.0,0.0,8.0,0.0,0.0
ноутбук hiper dzen mtl1569,0.0,0.0,62,2,1,13,12.0,5.0,1.0,4.0,38,14.0,1.0,0,5700.0,0.0,8.0,2,0,250.0,0.0,60.0,4,8.0,1.7,54990.0,0.0,4.0,0.0,2.0
ноутбук игровой msi gp66 leopard 11ug-699xru,0.0,0.0,36,2,1,13,12.0,4.9,0.0,8.0,73,7.0,1.0,0,0.0,0.0,16.0,2,0,0.0,4.0,144.0,4,16.0,2.38,134990.0,1.0,8.0,0.0,2.0
‌,0.0,0.0,29,2,1,13,12.0,0.0,1.0,6.0,39,9.0,1.0,0,0.0,0.0,12.0,2,0,0.0,3.0,144.0,4,16.0,1.86,134990.0,1.0,6.0,0.0,2.0
ноутбук huawei matebook d 15 bod-wfh9,0.0,0.0,62,2,1,13,12.0,5.0,0.0,4.0,38,10.0,1.0,0,0.0,0.0,8.0,2,0,250.0,3.0,60.0,9,16.0,1.56,62990.0,0.0,4.0,0.0,0.0
ноутбук игровой msi sword 15 a12ue-487xru,0.0,0.0,32,2,1,13,12.0,4.8,1.0,14.0,77,10.0,1.0,0,0.0,0.0,20.0,2,0,0.0,3.0,144.0,4,16.0,2.25,105990.0,1.0,6.0,0.0,2.0
ноутбук msi modern 14 c5m-010xru,0.0,1.0,3,2,1,6,12.0,4.6,0.0,6.0,128,18.0,1.0,0,0.0,0.0,12.0,2,0,0.0,3.0,60.0,4,16.0,1.4,58990.0,0.0,6.0,0.0,0.0
ноутбук huawei matebook d 15 bod-wdi9,0.0,0.0,64,2,1,13,12.0,4.9,1.0,2.0,25,12.0,1.0,0,3665.0,0.0,4.0,2,0,250.0,3.0,60.0,9,8.0,1.53,43990.0,0.0,2.0,0.0,1.0
ноутбук игровой msi gf63 thin 11sc-623xru,0.0,0.0,17,2,1,13,12.0,4.8,1.0,6.0,39,4.0,1.0,0,0.0,0.0,12.0,2,0,0.0,3.0,144.0,4,8.0,1.86,69990.0,1.0,6.0,0.0,2.0
ноутбук msi modern 14 c5m-012ru,0.0,1.0,3,2,1,6,12.0,5.0,0.0,6.0,128,1.0,1.0,0,0.0,0.0,12.0,2,0,0.0,3.0,60.0,9,16.0,1.4,52990.0,0.0,6.0,0.0,0.0
ноутбук игровой msi gf63 thin 11ud-206xru,0.0,0.0,27,2,1,13,12.0,4.9,1.0,6.0,39,7.0,1.0,0,0.0,0.0,12.0,2,0,0.0,3.0,144.0,4,16.0,1.86,85990.0,1.0,6.0,0.0,2.0
ноутбук игровой msi sword 17 a11ud-809xru,0.0,0.0,27,2,1,18,12.0,4.8,1.0,6.0,39,4.0,1.0,0,0.0,0.0,12.0,2,0,0.0,3.0,144.0,4,16.0,2.6,89990.0,1.0,6.0,0.0,2.0
ноутбук игровой msi pulse gl66 12uek-289xru,0.0,0.0,32,2,1,13,12.0,4.6,1.0,12.0,46,16.0,1.0,0,0.0,0.0,16.0,2,0,0.0,3.0,144.0,4,8.0,2.25,105990.0,1.0,4.0,0.0,2.0
ноутбук chuwi corebook x 14,0.0,0.0,64,2,1,6,12.0,4.8,1.0,2.0,24,8.0,1.0,0,4000.0,0.0,4.0,4,0,0.0,0.0,0.0,9,8.0,1.5,35990.0,0.0,2.0,0.0,0.0
ноутбук huawei matebook d 16 rlef-x,0.0,0.0,64,2,1,14,12.0,4.9,2.0,8.0,45,9.0,1.0,0,0.0,0.0,12.0,1,0,300.0,0.0,60.0,9,16.0,1.71,76990.0,0.0,4.0,0.0,0.0
ноутбук huawei matebook d 14 nbde-wdh9,0.0,0.0,62,2,1,6,12.0,5.0,1.0,4.0,41,1.0,1.0,0,0.0,0.0,8.0,2,0,250.0,4.0,60.0,9,8.0,1.38,54990.0,0.0,4.0,0.0,0.0
ноутбук игровой msi sword 17 a11ud-808xru,0.0,0.0,27,2,1,18,12.0,4.9,1.0,8.0,73,13.0,1.0,0,0.0,0.0,16.0,2,0,0.0,3.0,144.0,4,16.0,2.6,99990.0,1.0,8.0,0.0,0.0
ноутбук игровой adata xpg xenia 15kc,0.0,0.0,36,2,1,13,12.0,4.8,0.0,8.0,73,11.0,1.0,0,0.0,0.0,16.0,2,0,300.0,0.0,165.0,9,32.0,1.94,109191.0,1.0,8.0,0.0,2.0
ноутбук digma pro fortis m,0.0,0.0,9,2,1,13,12.0,4.7,1.0,6.0,127,12.0,1.0,0,4250.0,0.0,12.0,2,0,0.0,0.0,0.0,9,8.0,0.0,47000.0,0.0,6.0,1.0,0.0
ноутбук huawei matebook d 14 nbd-wdi9,0.0,0.0,64,2,1,6,12.0,4.7,1.0,2.0,25,7.0,1.0,0,0.0,0.0,4.0,2,0,250.0,4.0,60.0,9,8.0,1.38,43990.0,0.0,2.0,0.0,0.0
ноутбук asus vivobook x515ea-ej1413,0.0,0.0,64,8,1,13,12.0,5.0,1.0,2.0,110,17.0,1.0,0,0.0,0.0,4.0,2,0,200.0,2.0,60.0,10,8.0,1.8,34690.0,0.0,2.0,0.0,1.0
ноутбук msi modern 14 c5m-011xru,0.0,1.0,3,2,1,6,12.0,4.2,0.0,6.0,128,16.0,1.0,0,0.0,0.0,12.0,2,0,0.0,3.0,60.0,4,8.0,1.4,45990.0,0.0,6.0,0.0,0.0
ноутбук digma eve 15 c423,0.0,0.0,10,2,1,13,12.0,4.3,1.0,4.0,122,12.0,1.0,0,4000.0,0.0,8.0,2,0,0.0,0.0,0.0,9,8.0,1.7,34571.0,0.0,4.0,0.0,0.0
ноутбук xiaomi redmibook pro,0.0,0.0,0,5,0,0,0.0,4.7,0.0,0.0,0,5.0,0.0,0,0.0,0.0,0.0,0,0,0.0,0.0,0.0,0,0.0,1.79,112010.0,0.0,0.0,0.0,0.0
ноутбук chuwi corebook xpro,0.0,0.0,64,2,1,13,12.0,4.9,1.0,4.0,33,18.0,1.0,0,6060.0,0.0,8.0,2,0,0.0,0.0,0.0,9,8.0,1.78,44990.0,0.0,4.0,0.0,0.0
ноутбук chuwi corebook 14,0.0,0.0,59,2,1,6,12.0,4.6,1.0,4.0,34,14.0,1.0,0,4000.0,0.0,8.0,1,0,0.0,0.0,0.0,9,8.0,1.5,38990.0,0.0,4.0,0.0,0.0
ноутбук digma eve 15 c423,0.0,0.0,8,2,1,13,12.0,4.4,1.0,2.0,116,4.0,1.0,0,4000.0,0.0,4.0,2,0,0.0,0.0,0.0,9,16.0,1.7,41500.0,0.0,2.0,0.0,0.0
ноутбук digma pro fortis m,0.0,0.0,64,2,1,13,12.0,4.6,1.0,6.0,68,4.0,1.0,0,4250.0,0.0,12.0,2,0,0.0,0.0,60.0,9,16.0,1.87,59600.0,0.0,6.0,1.0,0.0
ноутбук asus vivobook 15 m1502i,0.0,0.0,3,2,1,13,12.0,4.8,1.0,6.0,124,8.0,1.0,0,0.0,0.0,12.0,2,0,0.0,3.0,60.0,10,8.0,1.7,53310.0,0.0,6.0,0.0,0.0
ноутбук digma eve 15 p417,0.0,0.0,66,2,1,13,12.0,4.8,0.0,4.0,113,6.0,1.0,0,5000.0,0.0,4.0,2,0,0.0,0.0,0.0,9,8.0,1.54,30300.0,0.0,4.0,0.0,0.0
ноутбук tecno megabook t1,0.0,0.0,0,5,0,0,0.0,5.0,0.0,0.0,0,13.0,0.0,0,0.0,0.0,0.0,0,0,0.0,0.0,0.0,0,0.0,0.0,38990.0,0.0,0.0,0.0,0.0
ноутбук игровой msi bravo 15 b5dd-415xru,0.0,0.0,0,5,0,0,0.0,4.8,0.0,0.0,0,7.0,0.0,0,0.0,0.0,0.0,0,0,0.0,0.0,0.0,0,0.0,0.0,80990.0,0.0,0.0,0.0,0.0
ноутбук игровой msi sword 17 a11uc-811xru,0.0,0.0,0,5,0,0,0.0,5.0,0.0,0.0,0,8.0,0.0,0,0.0,0.0,0.0,0,0,0.0,0.0,0.0,0,0.0,0.0,79990.0,0.0,0.0,0.0,0.0
ноутбук xiaomi redmibook pro,0.0,0.0,0,5,0,0,0.0,4.0,0.0,0.0,0,19.0,0.0,0,0.0,0.0,0.0,0,0,0.0,0.0,0.0,0,0.0,0.0,81990.0,0.0,0.0,0.0,0.0
ноутбук игровой lenovo ip gaming 3 16arh7,0.0,1.0,0,5,1,0,12.0,5.0,0.0,6.0,0,10.0,1.0,0,0.0,0.0,12.0,0,0,0.0,0.0,0.0,10,0.0,2.5,74990.0,1.0,6.0,0.0,0.0
ноутбук asus vivobook 16x m1603qa-mb253,0.0,0.0,0,5,0,0,0.0,0.0,0.0,0.0,0,10.0,0.0,0,0.0,0.0,0.0,0,0,0.0,0.0,0.0,0,0.0,0.0,69530.0,0.0,0.0,0.0,0.0
ноутбук digma eve 15 c423,0.0,0.0,0,5,0,0,0.0,4.8,0.0,0.0,0,15.0,0.0,0,0.0,0.0,0.0,0,0,0.0,0.0,0.0,0,0.0,0.0,34700.0,0.0,0.0,0.0,0.0
ноутбук игровой adata xpg xenia 16rx,0.0,0.0,0,5,0,0,0.0,5.0,0.0,0.0,0,16.0,0.0,0,0.0,0.0,0.0,0,0,0.0,0.0,0.0,0,0.0,0.0,125990.0,0.0,0.0,0.0,0.0
ноутбук игровой msi pulse gl66 12uek-220ru,0.0,0.0,32,2,1,13,12.0,4.9,1.0,14.0,77,12.0,1.0,0,0.0,0.0,20.0,2,0,0.0,3.0,144.0,9,16.0,2.25,115990.0,1.0,6.0,0.0,2.0
ноутбук huawei matebook d 14 nbd-wdh9,0.0,0.0,0,5,0,0,0.0,5.0,0.0,0.0,0,16.0,0.0,0,0.0,0.0,0.0,0,0,0.0,0.0,0.0,0,0.0,0.0,61990.0,0.0,0.0,0.0,0.0
ноутбук lenovo v15 g2 alc,0.0,0.0,0,5,0,0,0.0,0.0,0.0,0.0,0,3.0,0.0,0,0.0,0.0,0.0,0,0,0.0,0.0,0.0,0,0.0,0.0,42990.0,0.0,0.0,0.0,0.0
ноутбук digma pro fortis m,0.0,0.0,0,5,0,0,0.0,4.3,0.0,0.0,0,10.0,0.0,0,0.0,0.0,0.0,0,0,0.0,0.0,0.0,0,0.0,0.0,43100.0,0.0,0.0,0.0,0.0
ноутбук игровой msi gf63 12hw-005xru,0.0,0.0,55,2,1,13,12.0,4.7,1.0,12.0,46,7.0,1.0,0,0.0,0.0,16.0,2,0,0.0,3.0,144.0,4,16.0,1.86,71990.0,1.0,4.0,0.0,0.0
ноутбук игровой msi sword 17 a11ud-810xru,0.0,0.0,0,5,0,0,12.0,5.0,0.0,0.0,0,11.0,1.0,0,0.0,0.0,0.0,0,0,0.0,3.0,0.0,0,0.0,2.6,90290.0,0.0,0.0,0.0,0.0
ноутбук hiper workbook n15rp,0.0,0.0,0,5,0,0,0.0,4.2,0.0,0.0,0,13.0,0.0,0,0.0,0.0,0.0,0,0,0.0,0.0,0.0,0,0.0,0.0,54990.0,0.0,0.0,0.0,0.0
ноутбук игровой msi gf63 12hw-006xru,0.0,0.0,0,5,1,0,12.0,5.0,1.0,12.0,46,7.0,1.0,0,0.0,0.0,16.0,0,0,0.0,3.0,0.0,4,0.0,1.86,64990.0,1.0,4.0,0.0,0.0
ноутбук lenovo v15 g2 alc,0.0,0.0,3,8,1,13,12.0,3.0,1.0,6.0,125,15.0,1.0,0,0.0,0.0,12.0,2,0,250.0,0.0,60.0,10,8.0,1.7,46990.0,0.0,6.0,0.0,1.0
ноутбук digma pro fortis m,0.0,0.0,0,5,0,0,0.0,4.8,0.0,0.0,0,9.0,0.0,0,0.0,0.0,0.0,0,0,0.0,0.0,0.0,0,0.0,0.0,45300.0,0.0,0.0,0.0,0.0
ноутбук iru калибр 15clg1,0.0,0.0,0,5,0,0,0.0,5.0,0.0,0.0,0,9.0,0.0,0,0.0,0.0,0.0,0,0,0.0,0.0,0.0,0,0.0,0.0,42500.0,0.0,0.0,0.0,0.0
ноутбук digma pro fortis m,0.0,0.0,0,5,0,0,0.0,4.8,0.0,0.0,0,16.0,0.0,0,0.0,0.0,0.0,0,0,0.0,0.0,0.0,0,0.0,0.0,44700.0,0.0,0.0,0.0,0.0
ноутбук huawei matebook d 15 bod-wdi9,0.0,0.0,64,2,1,13,12.0,5.0,0.0,2.0,25,12.0,1.0,0,0.0,0.0,4.0,2,0,250.0,4.0,0.0,10,8.0,1.56,41990.0,0.0,2.0,0.0,0.0
ноутбук игровой msi gf63 thin 11ud-223xru,0.0,0.0,0,5,0,0,0.0,5.0,0.0,0.0,0,1.0,0.0,0,0.0,0.0,0.0,0,0,0.0,3.0,0.0,0,0.0,1.86,75990.0,0.0,0.0,0.0,0.0
ноутбук digma pro fortis m,0.0,0.0,0,5,0,0,0.0,4.8,0.0,0.0,0,19.0,0.0,0,0.0,0.0,0.0,0,0,0.0,0.0,0.0,0,0.0,1.87,36800.0,0.0,0.0,0.0,0.0
ноутбук msi modern 15 b12hw-002xru,0.0,0.0,55,5,1,0,12.0,4.8,0.0,10.0,42,4.0,1.0,0,0.0,0.0,12.0,0,0,0.0,3.0,0.0,4,0.0,1.75,59990.0,0.0,2.0,0.0,0.0
ноутбук игровой msi raider ge66 12ugs-466ru,0.0,0.0,0,5,0,0,0.0,4.1,0.0,0.0,0,17.0,0.0,0,0.0,0.0,0.0,0,0,0.0,0.0,0.0,0,0.0,0.0,235990.0,0.0,0.0,0.0,0.0
ноутбук hp 250 g8,0.0,0.0,0,5,0,0,0.0,4.0,0.0,0.0,0,1.0,0.0,0,0.0,0.0,0.0,0,0,0.0,0.0,0.0,0,0.0,0.0,28240.0,0.0,0.0,0.0,0.0
ноутбук игровой msi pulse gl76 12udk-282xru,0.0,0.0,0,5,0,0,0.0,5.0,0.0,0.0,0,15.0,0.0,0,0.0,0.0,0.0,0,0,0.0,0.0,0.0,0,0.0,0.0,89990.0,0.0,0.0,0.0,0.0
ноутбук игровой msi creator z16 a12uet-064ru,0.0,0.0,0,5,0,0,0.0,5.0,0.0,0.0,0,1.0,0.0,0,0.0,0.0,0.0,0,0,0.0,0.0,0.0,0,0.0,0.0,144990.0,0.0,0.0,0.0,0.0
ноутбук rombica mybook eclipse,0.0,0.0,0,5,0,0,0.0,4.8,0.0,0.0,0,8.0,0.0,0,0.0,0.0,0.0,0,0,0.0,0.0,0.0,0,0.0,0.0,54990.0,0.0,0.0,0.0,0.0
ноутбук игровой msi raider ge77hx 12uhs-232ru,0.0,0.0,0,5,0,0,0.0,5.0,0.0,0.0,0,9.0,0.0,0,0.0,0.0,0.0,0,0,0.0,0.0,0.0,0,0.0,2.9,289990.0,0.0,0.0,0.0,0.0
ноутбук chuwi herobook pro,0.0,0.0,0,5,0,0,0.0,4.9,0.0,0.0,0,9.0,0.0,0,0.0,0.0,0.0,0,0,0.0,0.0,0.0,0,0.0,0.0,22990.0,0.0,0.0,0.0,0.0
ноутбук игровой msi pulse gl76 12udk-281xru,0.0,0.0,0,5,0,0,0.0,4.7,0.0,0.0,0,6.0,0.0,0,0.0,0.0,0.0,0,0,0.0,0.0,0.0,0,0.0,0.0,109990.0,0.0,0.0,0.0,0.0
ноутбук игровой xiaomi redmibook redmi g,0.0,0.0,0,5,1,0,12.0,1.0,0.0,0.0,0,8.0,1.0,0,0.0,0.0,0.0,0,0,0.0,0.0,0.0,0,0.0,0.0,119990.0,1.0,0.0,0.0,0.0
ноутбук digma pro fortis m,0.0,0.0,0,5,0,0,0.0,4.9,0.0,0.0,0,1.0,0.0,0,0.0,0.0,0.0,0,0,0.0,0.0,0.0,0,0.0,0.0,60900.0,0.0,0.0,0.0,0.0
ноутбук hp 15-dw3170nia,0.0,0.0,21,5,1,0,12.0,4.7,1.0,4.0,70,9.0,1.0,0,0.0,0.0,8.0,0,5,0.0,3.0,0.0,4,8.0,1.75,54050.0,0.0,4.0,0.0,0.0
ноутбук acer aspire 1 a115-32-p123,0.0,0.0,0,5,0,0,0.0,2.0,0.0,0.0,0,7.0,0.0,0,0.0,0.0,0.0,0,0,0.0,0.0,0.0,0,0.0,0.0,38080.0,0.0,0.0,0.0,0.0
ноутбук игровой msi gf63 thin 11uc-219xru,0.0,0.0,29,5,1,0,12.0,5.0,1.0,6.0,39,4.0,1.0,0,0.0,0.0,12.0,0,0,0.0,3.0,0.0,4,0.0,1.86,75990.0,1.0,6.0,0.0,0.0
ноутбук игровой asus vivobook a571gt-bq937,0.0,0.0,0,5,0,0,12.0,4.0,0.0,0.0,0,10.0,1.0,0,0.0,0.0,0.0,0,0,0.0,3.0,0.0,0,0.0,2.14,63990.0,0.0,0.0,0.0,0.0
ноутбук игровой asus vivobook a571gt-bq938,0.0,0.0,0,5,0,0,0.0,0.0,0.0,0.0,0,4.0,0.0,0,0.0,0.0,0.0,0,0,0.0,0.0,0.0,0,0.0,2.14,72990.0,0.0,0.0,0.0,0.0
ноутбук игровой msi gf63 thin 11uc-217ru,0.0,0.0,29,2,1,13,12.0,4.7,1.0,6.0,39,6.0,1.0,0,0.0,0.0,12.0,2,0,0.0,3.0,144.0,9,8.0,1.86,75990.0,1.0,6.0,0.0,2.0
ноутбук digma pro fortis m,0.0,0.0,0,5,0,0,0.0,4.8,0.0,0.0,0,9.0,0.0,0,0.0,0.0,0.0,0,0,0.0,0.0,0.0,0,0.0,0.0,50400.0,0.0,0.0,0.0,0.0
ноутбук игровой msi pulse gl76 12uck-278xru,0.0,0.0,29,2,1,18,12.0,5.0,1.0,14.0,77,20.0,1.0,0,0.0,0.0,20.0,2,0,0.0,3.0,144.0,4,8.0,2.66,97990.0,1.0,6.0,0.0,2.0
ноутбук игровой msi stealth gs77 12ugs-251ru,0.0,1.0,35,2,1,18,24.0,5.0,0.0,14.0,98,1.0,1.0,0,0.0,0.0,20.0,2,0,0.0,4.0,240.0,9,32.0,2.8,259990.0,1.0,6.0,0.0,2.0
ноутбук игровой msi stealth gs66 12ugs-212ru,0.0,0.0,0,5,0,0,0.0,4.0,0.0,0.0,0,1.0,0.0,0,0.0,0.0,0.0,0,0,0.0,0.0,0.0,0,0.0,2.1,184990.0,0.0,0.0,0.0,0.0
ноутбук игровой msi pulse gl76 12uck-051ru,0.0,0.0,0,5,1,0,12.0,4.5,1.0,0.0,0,9.0,1.0,0,0.0,0.0,0.0,0,0,0.0,3.0,0.0,9,0.0,2.66,109990.0,1.0,6.0,0.0,0.0
ноутбук игровой msi pulse gl76 12udk-280ru,0.0,0.0,0,5,1,0,12.0,5.0,1.0,14.0,77,13.0,1.0,0,0.0,0.0,20.0,0,0,0.0,3.0,0.0,9,0.0,2.66,119990.0,1.0,6.0,0.0,0.0
ноутбук tecno megabook t1,0.0,1.0,0,5,1,0,12.0,5.0,0.0,0.0,0,5.0,1.0,0,6060.0,0.0,0.0,0,0,0.0,3.0,0.0,9,0.0,1.56,41990.0,0.0,0.0,0.0,0.0
ноутбук iru калибр 15glg,0.0,0.0,0,5,0,0,0.0,4.7,0.0,0.0,0,4.0,0.0,0,0.0,0.0,0.0,0,0,0.0,0.0,0.0,0,0.0,0.0,27500.0,0.0,0.0,0.0,0.0
ноутбук игровой msi alpha 17 b5eek-040xru,0.0,0.0,0,5,0,0,0.0,5.0,0.0,0.0,0,11.0,0.0,0,0.0,0.0,0.0,0,0,0.0,0.0,0.0,0,0.0,0.0,124990.0,0.0,0.0,0.0,0.0
ноутбук lenovo v15 g2 alc,0.0,0.0,0,5,0,0,0.0,0.0,0.0,0.0,0,12.0,0.0,0,0.0,0.0,0.0,0,0,0.0,0.0,0.0,0,0.0,0.0,41990.0,0.0,0.0,0.0,0.0
ноутбук chuwi corebook x 14,0.0,0.0,0,5,0,0,0.0,4.9,0.0,0.0,0,15.0,0.0,0,0.0,0.0,0.0,0,0,0.0,0.0,0.0,0,0.0,0.0,39990.0,0.0,0.0,0.0,0.0
ноутбук игровой msi pulse gl66 12udk-697ru,0.0,0.0,0,5,0,0,12.0,1.0,0.0,0.0,0,13.0,1.0,0,0.0,0.0,0.0,0,0,0.0,3.0,0.0,0,0.0,2.25,105990.0,0.0,0.0,0.0,0.0
ноутбук игровой msi sword 17 a12ud-248xru,0.0,0.0,27,2,1,18,12.0,5.0,1.0,12.0,46,11.0,1.0,0,0.0,0.0,16.0,2,0,0.0,3.0,144.0,4,16.0,2.6,109990.0,1.0,4.0,0.0,2.0
ноутбук игровой xiaomi redmibook redmi g,0.0,0.0,29,2,1,14,12.0,0.0,0.0,10.0,75,17.0,1.0,0,0.0,0.0,16.0,1,0,0.0,0.0,165.0,9,16.0,0.0,121990.0,1.0,6.0,0.0,0.0
ноутбук lenovo ideapad 3 15itl6,0.0,0.0,0,5,1,0,12.0,5.0,0.0,0.0,0,14.0,1.0,0,0.0,0.0,0.0,0,0,0.0,2.0,0.0,0,0.0,1.65,43090.0,0.0,0.0,0.0,0.0
ноутбук digma pro fortis m,0.0,0.0,0,5,0,0,0.0,5.0,0.0,0.0,0,6.0,0.0,0,0.0,0.0,0.0,0,0,0.0,0.0,0.0,0,0.0,0.0,40500.0,0.0,0.0,0.0,0.0
ноутбук игровой msi bravo 15 b5ed-002xru,0.0,0.0,7,2,1,13,12.0,5.0,1.0,6.0,126,9.0,1.0,0,0.0,0.0,12.0,2,0,0.0,0.0,144.0,4,8.0,2.35,73990.0,1.0,6.0,0.0,2.0
ноутбук huawei matebook d 15 bode-wfh9,0.0,0.0,62,2,1,13,12.0,5.0,0.0,4.0,41,6.0,1.0,0,0.0,0.0,8.0,2,0,250.0,4.0,0.0,9,16.0,1.56,62990.0,0.0,4.0,0.0,0.0
"ноутбук realme book 14""",0.0,1.0,62,2,1,6,12.0,4.0,0.0,4.0,38,11.0,1.0,0,6875.0,0.0,8.0,4,0,400.0,0.0,0.0,9,8.0,1.38,64990.0,0.0,4.0,0.0,0.0
ноутбук huawei matebook b3-520,0.0,0.0,62,5,1,0,12.0,0.0,1.0,4.0,38,8.0,1.0,0,0.0,0.0,8.0,0,0,0.0,3.0,0.0,9,0.0,1.56,59990.0,0.0,4.0,0.0,0.0
ноутбук lenovo ideapad 3 15iau7,0.0,0.0,0,5,0,0,0.0,0.0,0.0,0.0,0,7.0,1.0,0,0.0,0.0,0.0,0,0,0.0,0.0,0.0,0,0.0,1.63,48990.0,0.0,0.0,0.0,0.0
ноутбук acer aspire 3 a315-24p-r490,0.0,0.0,0,5,0,0,0.0,4.0,0.0,0.0,0,8.0,0.0,0,0.0,0.0,0.0,0,0,0.0,0.0,0.0,0,0.0,0.0,49990.0,0.0,0.0,0.0,0.0
ноутбук msi modern 14 c12m-239ru,0.0,0.0,0,5,0,0,0.0,4.0,0.0,0.0,0,10.0,0.0,0,0.0,0.0,0.0,0,0,0.0,0.0,0.0,0,0.0,0.0,59990.0,0.0,0.0,0.0,0.0
ноутбук acer aspire 3 a315-24p-r4ve,0.0,0.0,3,2,1,13,12.0,0.0,1.0,4.0,121,1.0,1.0,0,0.0,0.0,8.0,2,0,250.0,3.0,60.0,3,8.0,1.8,41990.0,0.0,4.0,0.0,0.0
ноутбук игровой msi gf63 thin 11uc-218xru,0.0,0.0,29,2,1,13,12.0,5.0,1.0,8.0,73,0.0,1.0,0,0.0,0.0,16.0,2,0,0.0,3.0,144.0,4,8.0,1.86,77990.0,1.0,8.0,0.0,2.0
ноутбук digma eve 15 p418,0.0,0.0,65,2,1,13,12.0,5.0,0.0,2.0,19,0.0,1.0,0,5000.0,0.0,2.0,2,0,0.0,0.0,0.0,9,4.0,2.0,20000.0,0.0,2.0,0.0,0.0
ноутбук digma eve 15 p417,0.0,0.0,0,5,0,0,0.0,5.0,0.0,0.0,0,0.0,0.0,0,0.0,0.0,0.0,0,0,0.0,0.0,0.0,0,0.0,0.0,31000.0,0.0,0.0,0.0,0.0
ноутбук игровой msi gf63 thin 11ud-221ru,0.0,0.0,27,2,1,13,12.0,1.0,1.0,6.0,39,0.0,1.0,0,0.0,0.0,12.0,2,0,0.0,3.0,144.0,9,8.0,1.86,77990.0,1.0,6.0,0.0,2.0
ноутбук hp 255 g8,0.0,0.0,3,8,1,13,12.0,4.0,1.0,2.0,11,0.0,1.0,0,0.0,0.0,2.0,2,0,250.0,3.0,60.0,4,4.0,1.74,29990.0,0.0,2.0,0.0,1.0
ноутбук игровой msi gf63 thin 11uc-216ru,0.0,0.0,0,5,0,0,0.0,5.0,0.0,0.0,0,0.0,0.0,0,0.0,0.0,0.0,0,0,0.0,0.0,0.0,0,0.0,0.0,89990.0,0.0,0.0,0.0,0.0
"ноутбук игровой gigabyte aero 16 16""",0.0,0.0,0,5,0,0,0.0,4.5,0.0,0.0,0,0.0,0.0,0,0.0,0.0,0.0,0,0,0.0,0.0,0.0,0,0.0,0.0,177990.0,0.0,0.0,0.0,0.0
ноутбук acer aspire 1 a114-33-p7vd,11.0,0.0,64,8,1,6,12.0,4.8,0.0,4.0,114,0.0,1.0,0,0.0,0.0,4.0,2,0,220.0,2.0,60.0,3,8.0,1.9,37030.0,0.0,4.0,0.0,2.0
ноутбук lenovo ideapad 3 15aba7,0.0,0.0,3,2,1,13,12.0,0.0,1.0,8.0,139,0.0,1.0,0,0.0,0.0,16.0,2,0,300.0,0.0,60.0,9,8.0,1.63,58990.0,0.0,8.0,0.0,1.0
ноутбук huawei matebook d 15 bod-wdi9,0.0,0.0,64,2,1,13,12.0,5.0,0.0,2.0,25,0.0,1.0,0,0.0,0.0,4.0,2,0,250.0,4.0,0.0,10,8.0,1.56,41990.0,0.0,2.0,0.0,0.0
ноутбук игровой asus vivobook pro 15 oled k6500z,0.2,0.0,29,6,1,13,12.0,5.0,0.0,12.0,46,0.0,1.0,0,0.0,0.0,16.0,2,0,600.0,3.0,120.0,10,16.0,1.8,135990.0,1.0,4.0,0.0,0.0
ноутбук rombica mybook zenith,0.0,0.0,3,2,1,13,12.0,5.0,2.0,6.0,127,0.0,1.0,0,4800.0,0.0,12.0,2,0,0.0,0.0,0.0,10,16.0,1.7,49990.0,0.0,6.0,0.0,2.0
ноутбук игровой msi gf63 thin 11ud-222xru,0.0,0.0,27,2,1,13,12.0,5.0,1.0,8.0,73,0.0,1.0,0,0.0,0.0,16.0,2,0,0.0,3.0,144.0,4,8.0,1.86,83990.0,1.0,8.0,0.0,2.0
"ноутбук игровой gigabyte aero 17 17.3""",0.0,1.0,35,2,1,18,24.0,4.3,0.0,14.0,77,0.0,1.0,0,0.0,0.0,20.0,2,0,1000.0,0.0,120.0,9,16.0,2.6,184990.0,1.0,6.0,0.0,2.0
ноутбук msi summit e14 evo a12m-066ru,0.0,0.0,62,2,1,6,24.0,4.8,0.0,12.0,44,0.0,1.0,0,0.0,0.0,16.0,1,0,0.0,4.0,0.0,9,16.0,1.6,79990.0,0.0,4.0,0.0,0.0
ноутбук игровой msi pulse gl76 12uck-279xru,0.0,0.0,29,2,1,18,12.0,4.5,1.0,12.0,46,0.0,1.0,0,0.0,0.0,16.0,2,0,0.0,3.0,144.0,4,8.0,2.66,89990.0,1.0,4.0,0.0,2.0
ноутбук huawei matebook d 14 nbd-wdi9,0.0,0.0,64,2,1,6,12.0,5.0,1.0,2.0,25,0.0,1.0,0,0.0,0.0,4.0,2,0,250.0,4.0,60.0,10,8.0,1.38,41990.0,0.0,2.0,0.0,0.0
ноутбук игровой msi titan gt77 12uhs-208ru,0.0,0.0,39,2,1,18,24.0,5.0,0.0,16.0,99,0.0,1.0,0,0.0,0.0,24.0,2,0,0.0,4.0,120.0,9,64.0,3.3,379990.0,1.0,8.0,0.0,2.0
ноутбук lenovo v15-iil,0.0,0.0,64,8,1,13,12.0,4.5,0.0,2.0,23,0.0,1.0,0,0.0,0.0,4.0,2,0,220.0,0.0,60.0,9,8.0,1.85,48990.0,0.0,2.0,0.0,1.0
ноутбук lenovo v15 iml,0.0,0.0,19,8,1,13,12.0,5.0,0.0,4.0,33,0.0,1.0,0,0.0,0.0,8.0,2,5,220.0,2.0,0.0,4,8.0,1.85,47990.0,0.0,4.0,0.0,1.0
"ноутбук chuwi gemibook xpro 14.1""",0.0,0.0,64,2,1,7,12.0,0.0,1.0,4.0,16,0.0,1.0,0,5000.0,0.0,4.0,2,0,250.0,0.0,0.0,9,8.0,1.46,24990.0,0.0,4.0,0.0,0.0
‌,0.0,0.0,64,2,1,13,12.0,0.0,1.0,4.0,38,0.0,1.0,0,0.0,0.0,8.0,2,0,250.0,2.0,60.0,10,8.0,1.8,24990.0,0.0,4.0,0.0,1.0
ноутбук acer aspire 5 a515-56-57x2,0.0,0.0,62,2,1,13,12.0,4.5,1.0,4.0,38,0.0,1.0,0,0.0,0.0,8.0,2,0,0.0,0.0,60.0,9,8.0,1.65,58990.0,0.0,4.0,0.0,0.0
ноутбук digma pro fortis m,0.0,0.0,64,2,1,13,12.0,5.0,1.0,4.0,33,0.0,1.0,0,4250.0,0.0,8.0,2,0,0.0,0.0,60.0,10,8.0,0.0,40500.0,0.0,4.0,1.0,0.0
ноутбук asus a516ja-bq1918,0.0,0.0,0,5,0,0,0.0,0.0,0.0,0.0,0,0.0,0.0,0,0.0,0.0,0.0,0,0,0.0,0.0,0.0,0,0.0,0.0,55990.0,0.0,0.0,0.0,0.0
ноутбук asus vivobook 16 x1605za-mb510,0.0,0.0,0,5,0,0,0.0,0.0,0.0,0.0,0,0.0,0.0,0,0.0,0.0,0.0,0,0,0.0,0.0,0.0,0,0.0,0.0,68990.0,0.0,0.0,0.0,0.0
ноутбук rombica mybook zenith,0.0,0.0,3,2,1,13,12.0,5.0,2.0,8.0,137,0.0,1.0,0,4800.0,0.0,16.0,2,0,0.0,0.0,0.0,10,16.0,1.7,53990.0,0.0,8.0,0.0,2.0
ноутбук игровой asus vivobook pro 15 m6500qh-hn089,0.0,0.0,16,2,1,13,12.0,0.0,1.0,8.0,137,0.0,1.0,0,0.0,0.0,16.0,2,0,250.0,3.0,144.0,10,16.0,1.8,76990.0,1.0,8.0,0.0,0.0
ноутбук hiper workbook n15rp,0.0,0.0,0,5,0,0,0.0,4.5,0.0,0.0,0,0.0,0.0,0,0.0,0.0,0.0,0,0,0.0,0.0,0.0,0,0.0,0.0,39990.0,0.0,0.0,0.0,0.0
ноутбук игровой hasee t8-da9nt,0.0,1.0,32,2,1,14,12.0,4.5,0.0,14.0,98,0.0,1.0,0,3410.0,0.0,20.0,1,0,0.0,0.0,165.0,4,16.0,2.15,131100.0,1.0,6.0,0.0,0.0
ноутбук asus vivobook m515da-bq1255t,0.0,0.0,3,2,1,13,12.0,0.0,1.0,2.0,117,0.0,1.0,0,0.0,0.0,4.0,2,0,250.0,2.0,0.0,9,8.0,1.8,41990.0,0.0,2.0,0.0,0.0
ноутбук adata xpg xenia 15tc,0.0,1.0,62,2,1,13,12.0,5.0,0.0,4.0,70,0.0,1.0,0,0.0,0.0,8.0,2,0,250.0,0.0,0.0,4,16.0,1.9,69990.0,0.0,4.0,0.0,0.0
ноутбук digma eve 15 p418,0.0,0.0,66,2,1,13,12.0,0.0,0.0,4.0,113,0.0,1.0,0,5000.0,0.0,4.0,0,0,0.0,0.0,0.0,9,8.0,1.54,31000.0,0.0,4.0,0.0,0.0
ноутбук iru калибр 15tli,0.0,0.0,64,2,1,13,12.0,4.7,1.0,2.0,25,0.0,1.0,0,7200.0,0.0,4.0,2,0,250.0,0.0,0.0,4,8.0,2.0,44700.0,0.0,2.0,2.0,0.0
ноутбук игровой hiper g16,0.0,0.0,0,5,0,0,0.0,5.0,0.0,0.0,0,0.0,0.0,0,0.0,0.0,0.0,0,0,0.0,0.0,0.0,0,0.0,0.0,166990.0,0.0,0.0,0.0,0.0
ноутбук lenovo ideapad 3 15itl05,0.0,0.0,64,8,1,13,12.0,0.0,0.0,2.0,25,0.0,1.0,0,0.0,0.0,4.0,2,0,220.0,2.0,0.0,9,8.0,1.7,41990.0,0.0,2.0,0.0,1.0
ноутбук asus vivobook 15 oled k513ea-l13067,0.2,0.0,64,6,1,13,12.0,0.0,1.0,2.0,25,0.0,1.0,0,4200.0,0.0,4.0,2,0,600.0,3.0,60.0,10,8.0,1.8,57790.0,0.0,2.0,0.0,1.0
ноутбук asus vivobook 15 oled k513ea-l11950,0.2,0.0,62,6,1,13,12.0,5.0,1.0,4.0,38,0.0,1.0,0,0.0,0.0,8.0,0,0,600.0,3.0,0.0,10,16.0,1.8,64110.0,0.0,4.0,0.0,0.0
ноутбук игровой msi gf63 thin 11ud-220ru,0.0,0.0,27,2,1,13,12.0,1.0,1.0,8.0,73,0.0,1.0,0,0.0,0.0,16.0,2,0,0.0,3.0,144.0,9,8.0,1.86,91990.0,1.0,8.0,0.0,2.0
ноутбук игровой asus tuf gaming f15 fx506heb-hn155,0.0,1.0,27,2,1,13,12.0,3.0,0.0,6.0,39,0.0,1.0,0,0.0,0.0,12.0,0,0,250.0,4.0,144.0,10,8.0,2.3,74990.0,1.0,6.0,0.0,2.0
ноутбук acer aspire 3 a315-24p-r16w,0.0,0.0,3,2,1,13,12.0,0.0,1.0,4.0,121,0.0,1.0,0,0.0,0.0,8.0,2,0,250.0,3.0,60.0,3,8.0,1.8,42740.0,0.0,4.0,0.0,0.0
ноутбук игровой msi pulse gl66 12uck-696xru,0.0,0.0,29,2,1,13,12.0,1.0,1.0,12.0,46,0.0,1.0,0,0.0,0.0,16.0,2,0,0.0,3.0,144.0,4,8.0,2.25,72990.0,1.0,4.0,0.0,2.0
ноутбук игровой asus vivobook pro 16x oled n7600pc-l2012w,0.2,0.0,29,6,1,14,12.0,5.0,0.0,4.0,36,0.0,1.0,0,0.0,0.0,8.0,1,0,550.0,6.0,60.0,9,16.0,1.95,114990.0,1.0,4.0,0.0,0.0
ноутбук acer aspire 3 a315-59-36c1 slim,0.0,0.0,64,2,1,13,12.0,0.0,0.0,6.0,26,0.0,1.0,0,0.0,0.0,8.0,2,0,250.0,3.0,60.0,3,8.0,1.77,49760.0,0.0,2.0,0.0,0.0
ноутбук samsung galaxy book np750,0.0,0.0,62,5,1,13,12.0,5.0,2.0,4.0,70,0.0,1.0,0,0.0,0.0,8.0,2,1,300.0,0.0,0.0,9,16.0,1.55,76990.0,0.0,4.0,0.0,0.0
ноутбук adata xpg xenia 15tc,0.0,1.0,62,2,1,13,12.0,5.0,0.0,4.0,38,0.0,1.0,0,0.0,0.0,8.0,2,0,250.0,0.0,0.0,4,16.0,1.9,64990.0,0.0,4.0,0.0,0.0
ноутбук honor magicbook 14,0.0,0.0,3,2,1,6,12.0,4.0,1.0,6.0,125,0.0,1.0,0,0.0,0.0,12.0,2,0,300.0,4.0,60.0,9,8.0,1.38,51990.0,0.0,6.0,0.0,0.0
ноутбук hiper dzen mtl1569,0.0,0.0,21,2,1,13,12.0,5.0,1.0,4.0,70,0.0,1.0,0,5700.0,0.0,8.0,2,0,250.0,0.0,60.0,9,16.0,1.7,81990.0,0.0,4.0,0.0,2.0
ноутбук adata xpg xenia 14,0.0,1.0,62,2,1,6,12.0,4.8,0.0,4.0,38,0.0,1.0,0,0.0,0.0,8.0,2,0,400.0,0.0,60.0,9,16.0,0.97,74990.0,0.0,4.0,0.0,0.0
ноутбук rombica mybook zenith,0.0,0.0,3,2,1,13,12.0,1.0,2.0,6.0,127,0.0,1.0,0,4800.0,0.0,12.0,2,0,0.0,0.0,0.0,10,8.0,1.7,43990.0,0.0,6.0,0.0,2.0
ноутбук asus a516jp-ej463,0.0,0.0,19,8,1,13,12.0,0.0,1.0,4.0,67,0.0,1.0,0,0.0,0.0,8.0,2,0,200.0,2.0,60.0,10,16.0,1.8,54990.0,0.0,4.0,0.0,1.0
ноутбук asus vivobook x712ja-au784,0.0,0.0,64,2,1,18,12.0,0.0,1.0,2.0,23,0.0,1.0,0,0.0,0.0,4.0,2,0,250.0,2.0,60.0,10,8.0,2.3,49990.0,0.0,2.0,0.0,0.0
ноутбук игровой hiper g16,5.0,0.0,36,2,1,15,12.0,5.0,1.0,6.0,35,0.0,1.0,0,5040.0,0.0,12.0,2,0,300.0,0.0,144.0,10,16.0,2.7,138990.0,1.0,6.0,0.0,2.0
ноутбук игровой hiper g16,5.0,0.0,36,2,1,15,12.0,4.5,1.0,8.0,72,0.0,1.0,0,5040.0,0.0,16.0,2,0,300.0,0.0,144.0,9,16.0,2.7,167990.0,1.0,8.0,0.0,2.0
ноутбук игровой asus a571lh-bq454,0.0,0.0,16,2,1,13,12.0,0.0,1.0,8.0,69,0.0,1.0,0,0.0,0.0,16.0,2,0,250.0,3.0,60.0,10,16.0,2.14,85290.0,1.0,8.0,0.0,1.0
ноутбук apple macbook pro a2485,0.0,0.0,0,5,1,16,12.0,0.0,0.0,10.0,5,0.0,1.0,0,0.0,0.0,10.0,1,5,1600.0,0.0,120.0,7,16.0,2.15,236990.0,0.0,8.0,0.0,0.0
ноутбук asus a416ja-eb1184,0.0,0.0,0,5,0,0,0.0,0.0,0.0,0.0,0,0.0,0.0,0,0.0,0.0,0.0,0,0,0.0,2.0,0.0,0,0.0,1.6,43990.0,0.0,0.0,0.0,0.0
ноутбук игровой msi raider ge67hx 12uhs-099ru,1.0,1.0,39,6,1,13,24.0,0.0,0.0,16.0,99,0.0,1.0,0,0.0,0.0,24.0,2,0,0.0,4.0,240.0,9,32.0,2.38,269990.0,1.0,8.0,0.0,2.0
ноутбук игровой asus tuf gaming a17 fa707rr-hx001,0.0,0.0,36,2,1,18,12.0,0.0,2.0,8.0,141,0.0,1.0,0,0.0,0.0,16.0,2,0,250.0,4.0,144.0,10,16.0,2.6,183790.0,1.0,8.0,0.0,2.0
ноутбук lenovo ideapad 3 15itl6,0.0,0.0,64,2,1,13,12.0,0.0,1.0,4.0,38,0.0,1.0,0,0.0,0.0,8.0,2,0,300.0,2.0,60.0,10,8.0,1.65,60160.0,0.0,4.0,0.0,1.0
ноутбук hiper workbook n15rp,0.0,0.0,10,2,1,13,12.0,4.3,1.0,4.0,122,0.0,1.0,0,6000.0,0.0,8.0,2,0,250.0,0.0,60.0,9,8.0,1.7,48430.0,0.0,4.0,0.0,2.0
ноутбук игровой msi prestige 16 evo a12m-093ru,0.0,0.0,62,2,1,14,12.0,4.6,0.0,12.0,44,0.0,1.0,0,0.0,0.0,16.0,1,0,0.0,4.0,165.0,9,16.0,1.9,89990.0,1.0,4.0,0.0,0.0
ноутбук apple macbook pro a2485,0.0,0.0,0,5,1,16,12.0,5.0,0.0,10.0,3,0.0,1.0,0,0.0,0.0,10.0,1,5,1600.0,0.0,120.0,7,32.0,2.17,360990.0,0.0,8.0,0.0,0.0
ноутбук rombica mybook zenith,0.0,0.0,3,2,1,13,12.0,5.0,2.0,8.0,137,0.0,1.0,0,4800.0,0.0,16.0,2,0,0.0,0.0,0.0,9,16.0,1.7,62990.0,0.0,8.0,0.0,2.0
ноутбук tcl book 14 go b220g,0.0,0.0,2,8,1,6,12.0,5.0,0.0,8.0,115,0.0,1.0,0,5400.0,0.0,8.0,2,0,250.0,0.0,60.0,9,4.0,1.3,30990.0,0.0,4.0,0.0,0.0
ноутбук apple macbook pro a2442,0.0,0.0,0,2,1,8,12.0,3.0,0.0,8.0,6,0.0,1.0,0,0.0,0.0,8.0,1,2,1600.0,0.0,120.0,7,16.0,1.61,245990.0,0.0,6.0,0.0,0.0
ноутбук huawei matebook d 15 bod-wdi9,0.0,0.0,0,5,0,0,0.0,0.0,0.0,0.0,0,0.0,0.0,0,0.0,0.0,0.0,0,0,0.0,0.0,0.0,0,0.0,0.0,43990.0,0.0,0.0,0.0,0.0
ноутбук infinix inbook x2 plus xl25,0.0,0.0,62,2,1,13,24.0,5.0,2.0,4.0,41,0.0,1.0,0,0.0,0.0,8.0,2,0,300.0,0.0,0.0,9,8.0,1.6,50990.0,0.0,4.0,0.0,0.0
ноутбук asus vivobook 17 x1704za-au024w,0.0,0.0,64,2,1,18,12.0,0.0,1.0,6.0,26,0.0,1.0,0,0.0,0.0,8.0,2,0,250.0,3.0,60.0,9,8.0,2.1,62990.0,0.0,2.0,0.0,1.0
ноутбук apple macbook pro a2485,0.0,0.0,0,5,1,16,12.0,0.0,0.0,10.0,3,0.0,1.0,0,0.0,0.0,10.0,1,5,1600.0,0.0,120.0,7,32.0,2.17,330990.0,0.0,8.0,0.0,0.0
ноутбук игровой hiper g16,5.0,0.0,36,2,1,15,12.0,4.5,1.0,6.0,35,0.0,1.0,0,5040.0,0.0,12.0,2,0,300.0,0.0,144.0,10,16.0,2.7,146990.0,1.0,6.0,0.0,2.0
ноутбук infinix inbook x2 plus xl25,0.0,0.0,62,2,1,13,24.0,0.0,2.0,4.0,41,0.0,1.0,0,0.0,0.0,8.0,2,0,300.0,0.0,0.0,9,8.0,1.6,50990.0,0.0,4.0,0.0,0.0
ноутбук asus x415ka-ek070w,0.0,0.0,64,8,1,6,12.0,0.0,1.0,4.0,114,0.0,1.0,0,0.0,0.0,4.0,2,0,220.0,2.0,0.0,9,4.0,1.6,31370.0,0.0,4.0,0.0,1.0
ноутбук rombica mybook zenith,0.0,0.0,3,2,1,13,12.0,4.7,2.0,6.0,127,0.0,1.0,0,4800.0,0.0,12.0,2,0,0.0,0.0,0.0,9,16.0,1.7,50990.0,0.0,6.0,0.0,2.0
ноутбук игровой msi bravo 15 b5dd-414xru,0.0,0.0,6,2,1,13,12.0,0.0,1.0,6.0,126,0.0,1.0,0,0.0,0.0,12.0,2,0,0.0,0.0,144.0,4,16.0,2.35,67990.0,1.0,6.0,0.0,2.0
ноутбук iru калибр 15рh,0.0,0.0,10,2,1,13,12.0,0.0,0.0,4.0,122,0.0,1.0,0,4500.0,0.0,8.0,0,0,0.0,0.0,0.0,9,8.0,1.8,38000.0,0.0,4.0,1.0,0.0
ноутбук acer aspire 3 a315-59-55nk slim,0.0,0.0,62,2,1,13,12.0,0.0,0.0,10.0,42,0.0,1.0,0,0.0,0.0,12.0,2,0,250.0,3.0,60.0,3,16.0,1.77,67810.0,0.0,2.0,0.0,0.0
ноутбук rombica mybook zenith,0.0,0.0,3,2,1,13,12.0,5.0,2.0,8.0,138,0.0,1.0,0,4800.0,0.0,16.0,2,0,0.0,0.0,0.0,10,16.0,1.7,55990.0,0.0,8.0,0.0,2.0
ноутбук asus vivobook 16x m1603qa-mb219,0.0,0.0,3,2,1,14,12.0,5.0,1.0,8.0,137,0.0,1.0,0,0.0,0.0,16.0,1,0,300.0,3.0,60.0,10,16.0,1.88,65990.0,0.0,8.0,0.0,1.0
ноутбук huawei matebook d 15 bode-wdh9,0.0,0.0,62,2,1,13,12.0,5.0,0.0,4.0,41,0.0,1.0,0,0.0,0.0,8.0,2,0,250.0,4.0,0.0,9,8.0,1.56,51990.0,0.0,4.0,0.0,0.0
ноутбук игровой msi stealth 17m a12ue-041ru,0.0,1.0,32,2,1,18,12.0,4.0,0.0,12.0,43,0.0,1.0,0,0.0,0.0,16.0,2,0,0.0,4.0,144.0,9,16.0,2.2,119990.0,1.0,4.0,0.0,2.0
ноутбук asus a516jf-br329,0.0,0.0,18,8,1,13,12.0,0.0,1.0,2.0,109,0.0,1.0,0,0.0,0.0,4.0,2,0,200.0,2.0,0.0,10,8.0,1.8,38990.0,0.0,2.0,0.0,0.0
ноутбук apple macbook air a2681,0.0,0.0,0,5,0,0,0.0,0.0,0.0,0.0,0,0.0,0.0,0,0.0,0.0,0.0,0,0,0.0,0.0,0.0,0,0.0,0.0,188670.0,0.0,0.0,0.0,0.0
ноутбук игровой lenovo legion s7 15ach6,3.0,2.0,27,2,1,13,12.0,0.0,0.0,6.0,126,0.0,1.0,0,0.0,0.0,12.0,2,0,300.0,4.0,165.0,10,16.0,1.9,104990.0,1.0,6.0,0.0,2.0
ноутбук игровой asus tuf gaming f15 fx506hc-hn011,0.0,1.0,29,2,1,13,12.0,0.0,0.0,6.0,39,0.0,1.0,0,0.0,0.0,12.0,2,0,250.0,3.0,144.0,10,8.0,2.3,84290.0,1.0,6.0,0.0,2.0
ноутбук asus x515jf-br240,0.0,1.0,18,8,1,13,12.0,5.0,0.0,2.0,109,0.0,1.0,0,0.0,0.0,4.0,2,0,200.0,2.0,0.0,10,4.0,1.8,40990.0,0.0,2.0,0.0,1.0
ноутбук игровой msi pulse gl76 12uck-277ru,0.0,0.0,29,2,1,18,12.0,5.0,1.0,12.0,46,0.0,1.0,0,0.0,0.0,16.0,2,0,0.0,3.0,144.0,9,8.0,2.66,92990.0,1.0,4.0,0.0,2.0
ноутбук acer aspire 3 a315-59-7868 slim,0.0,0.0,62,2,1,13,12.0,0.0,0.0,10.0,74,0.0,1.0,0,0.0,0.0,12.0,2,0,0.0,3.0,0.0,3,16.0,1.77,64960.0,0.0,2.0,0.0,0.0
ноутбук lenovo ideapad 3 15iau7,0.0,0.0,62,2,1,13,12.0,0.0,1.0,10.0,74,0.0,1.0,0,0.0,0.0,12.0,2,0,300.0,0.0,60.0,10,16.0,1.63,72990.0,0.0,2.0,0.0,1.0
ноутбук adata xpg xenia xe,0.0,0.0,62,2,1,13,12.0,5.0,0.0,4.0,71,0.0,1.0,0,0.0,1.0,8.0,2,0,0.0,0.0,60.0,9,16.0,1.65,119990.0,0.0,4.0,0.0,0.0
ноутбук acer aspire 3 a315-35-p5rw,0.0,0.0,0,5,0,0,0.0,0.0,0.0,0.0,0,0.0,0.0,0,0.0,0.0,0.0,0,0,0.0,0.0,0.0,0,0.0,0.0,43550.0,0.0,0.0,0.0,0.0
ноутбук игровой gigabyte g5,0.0,0.0,0,5,0,0,0.0,0.0,0.0,0.0,0,0.0,0.0,0,0.0,0.0,0.0,0,0,0.0,0.0,0.0,0,0.0,0.0,89990.0,0.0,0.0,0.0,0.0
ноутбук rombica mybook zenith,0.0,0.0,3,2,1,13,12.0,2.0,2.0,8.0,138,0.0,1.0,0,4800.0,0.0,16.0,2,0,0.0,0.0,0.0,9,16.0,1.7,58990.0,0.0,8.0,0.0,2.0
ноутбук rombica mybook eclipse,0.0,0.0,64,2,1,13,12.0,0.0,1.0,4.0,33,0.0,1.0,0,4825.0,0.0,8.0,2,0,0.0,0.0,0.0,10,8.0,1.86,40990.0,0.0,4.0,0.0,0.0
ноутбук adata xpg xenia 15tc,0.0,1.0,62,2,1,13,12.0,4.7,0.0,4.0,38,0.0,1.0,0,0.0,0.0,8.0,2,0,250.0,0.0,0.0,4,8.0,1.9,54990.0,0.0,4.0,0.0,0.0
ноутбук asus a516jf-br330,0.0,0.0,18,8,1,13,12.0,0.0,1.0,2.0,109,0.0,1.0,0,0.0,0.0,4.0,2,0,200.0,2.0,0.0,10,8.0,1.8,38990.0,0.0,2.0,0.0,0.0
ноутбук rombica mybook eclipse,0.0,0.0,64,2,1,13,12.0,0.0,1.0,4.0,33,0.0,1.0,0,4825.0,0.0,8.0,2,0,0.0,0.0,0.0,10,16.0,1.86,41990.0,0.0,4.0,0.0,0.0
ноутбук игровой acer nitro 5 an515-46-r3qn,0.0,1.0,29,2,1,13,12.0,0.0,0.0,6.0,129,0.0,1.0,0,0.0,0.0,12.0,2,0,250.0,4.0,144.0,3,8.0,2.0,80240.0,1.0,6.0,0.0,0.0
ноутбук asus a516jf-bq328,0.0,0.0,18,2,1,13,12.0,0.0,1.0,2.0,109,0.0,1.0,0,0.0,0.0,4.0,2,0,250.0,2.0,0.0,10,8.0,1.8,42680.0,0.0,2.0,0.0,1.0
ноутбук игровой msi prestige 15 a12ud-223ru,0.0,0.0,27,2,1,13,12.0,5.0,0.0,14.0,79,0.0,1.0,0,0.0,0.0,20.0,2,0,0.0,4.0,60.0,9,16.0,1.69,155990.0,1.0,6.0,0.0,0.0
ноутбук rombica mybook zenith,0.0,0.0,3,2,1,13,12.0,5.0,2.0,8.0,143,0.0,1.0,0,4800.0,0.0,16.0,2,0,0.0,0.0,0.0,10,16.0,1.7,67990.0,0.0,8.0,0.0,2.0
ноутбук игровой msi stealth gs77 12uhs-030ru,0.0,1.0,39,2,1,18,24.0,0.0,0.0,14.0,98,0.0,1.0,0,0.0,0.0,20.0,2,0,0.0,4.0,120.0,9,64.0,2.8,325990.0,1.0,6.0,0.0,2.0
ноутбук игровой hiper g16,5.0,0.0,36,2,1,15,12.0,5.0,1.0,8.0,72,0.0,1.0,0,5040.0,0.0,16.0,2,0,300.0,0.0,144.0,9,16.0,2.7,180990.0,1.0,8.0,0.0,2.0
ноутбук acer aspire 5 a515-57-52nv,0.0,1.0,62,2,1,13,12.0,4.5,0.0,10.0,42,0.0,1.0,0,0.0,0.0,12.0,2,0,250.0,3.0,60.0,3,8.0,1.65,67560.0,0.0,2.0,0.0,0.0
ноутбук samsung galaxy book np750,0.0,0.0,62,5,1,13,12.0,5.0,2.0,4.0,38,0.0,1.0,0,0.0,0.0,8.0,0,1,300.0,0.0,0.0,9,8.0,1.55,59990.0,0.0,4.0,0.0,0.0
"ноутбук chuwi minibook x 10.8""",0.0,0.0,64,2,1,2,12.0,0.0,1.0,4.0,22,0.0,1.0,0,3800.0,1.0,4.0,1,0,250.0,0.0,0.0,9,12.0,0.98,35990.0,0.0,4.0,0.0,0.0
ноутбук hp 15-dw4000nia,0.0,0.0,22,2,1,13,12.0,0.0,1.0,10.0,42,0.0,1.0,0,0.0,0.0,12.0,2,0,250.0,3.0,0.0,4,8.0,1.75,61990.0,0.0,2.0,0.0,0.0
ноутбук acer aspire 3 a315-59-77hy slim,0.0,0.0,62,2,1,13,12.0,0.0,0.0,10.0,74,0.0,1.0,0,0.0,0.0,12.0,2,0,250.0,3.0,60.0,9,16.0,1.77,89600.0,0.0,2.0,0.0,0.0
ноутбук rombica mybook zenith,0.0,0.0,3,2,1,13,12.0,5.0,2.0,4.0,119,0.0,1.0,0,4800.0,0.0,8.0,2,0,0.0,0.0,0.0,10,8.0,1.7,40990.0,0.0,4.0,0.0,2.0
ноутбук hp 15s-fq5035nz,0.0,0.0,62,2,1,13,12.0,0.0,0.0,10.0,74,0.0,1.0,0,0.0,0.0,12.0,2,0,250.0,3.0,0.0,4,8.0,1.69,59830.0,0.0,2.0,0.0,0.0
ноутбук acer aspire 3 a315-24p-r2uh,0.0,0.0,3,2,1,13,12.0,0.0,1.0,4.0,121,0.0,1.0,0,0.0,0.0,8.0,2,0,250.0,3.0,60.0,9,8.0,1.8,53990.0,0.0,4.0,0.0,0.0
ноутбук acer extensa 15 ex215-52-30gd,0.0,0.0,64,8,1,13,12.0,0.0,0.0,2.0,23,0.0,1.0,0,0.0,0.0,4.0,2,0,0.0,0.0,60.0,10,8.0,1.9,41990.0,0.0,2.0,0.0,0.0
ноутбук asus vivobook pro 15 oled k3500pa-l1091t,0.2,0.0,62,6,1,13,12.0,0.0,0.0,4.0,36,0.0,1.0,0,0.0,0.0,8.0,2,0,600.0,3.0,60.0,9,16.0,1.65,96060.0,0.0,4.0,0.0,0.0
ноутбук irbis nb nb69,0.0,0.0,56,2,1,4,12.0,4.3,0.0,4.0,13,0.0,1.0,0,8000.0,0.0,4.0,2,0,0.0,0.0,0.0,9,2.0,1.273,17370.0,0.0,4.0,0.0,0.0
ноутбук apple macbook pro a2338,0.0,0.0,0,2,1,4,12.0,0.0,0.0,8.0,8,0.0,1.0,0,0.0,0.0,8.0,1,1,500.0,0.0,0.0,7,8.0,1.4,181990.0,0.0,4.0,0.0,0.0
ноутбук asus a416ma-ek620w,0.0,0.0,65,8,1,6,12.0,0.0,1.0,2.0,18,0.0,1.0,0,0.0,0.0,2.0,2,0,220.0,2.0,60.0,9,4.0,1.6,31260.0,0.0,2.0,0.0,1.0
ноутбук honor magicbook x16 pro,0.0,0.0,62,2,1,14,12.0,0.0,1.0,12.0,49,0.0,1.0,0,0.0,0.0,16.0,1,0,300.0,3.0,0.0,9,16.0,1.99,88990.0,0.0,4.0,0.0,0.0
ноутбук lenovo ideapad 5 pro 16arh7,0.0,1.0,3,2,1,14,12.0,5.0,0.0,6.0,130,0.0,1.0,0,0.0,0.0,12.0,1,0,350.0,0.0,60.0,9,16.0,1.92,93990.0,0.0,6.0,0.0,0.0
ноутбук hiper workbook n1567,0.0,0.0,64,2,1,13,12.0,4.2,1.0,4.0,33,0.0,1.0,0,5000.0,0.0,8.0,2,0,250.0,0.0,60.0,1,8.0,1.6,47250.0,0.0,4.0,0.0,1.0
ноутбук hp 255 g8,0.0,0.0,3,2,1,13,12.0,5.0,1.0,6.0,125,0.0,1.0,0,3610.0,0.0,12.0,2,0,250.0,3.0,0.0,4,8.0,1.74,70980.0,0.0,6.0,0.0,1.0
ноутбук lenovo ideapad 3 15itl6,0.0,0.0,20,2,1,13,12.0,0.0,1.0,4.0,38,0.0,1.0,0,0.0,0.0,8.0,2,0,300.0,2.0,60.0,10,8.0,1.65,68160.0,0.0,4.0,0.0,1.0
ноутбук rombica mybook zenith,0.0,0.0,0,5,1,0,12.0,1.0,2.0,8.0,137,0.0,1.0,0,4800.0,0.0,16.0,0,0,0.0,0.0,0.0,10,0.0,1.7,66990.0,0.0,8.0,0.0,0.0
"ноутбук realme book 14""",0.0,1.0,62,2,1,0,12.0,5.0,0.0,4.0,38,0.0,1.0,0,6875.0,0.0,8.0,4,0,0.0,0.0,0.0,9,8.0,1.38,64990.0,0.0,4.0,0.0,0.0
‌,0.0,0.0,0,5,0,0,0.0,0.0,0.0,0.0,0,0.0,0.0,0,0.0,0.0,0.0,0,0,0.0,0.0,0.0,0,0.0,0.0,64990.0,0.0,0.0,0.0,0.0
ноутбук hp 255 g8,0.0,0.0,0,5,0,0,12.0,0.0,0.0,0.0,0,0.0,1.0,0,0.0,0.0,0.0,0,0,0.0,3.0,0.0,0,0.0,1.74,44610.0,0.0,0.0,0.0,0.0
ноутбук lenovo ideapad 3 15iau7,0.0,0.0,0,5,0,0,0.0,0.0,0.0,0.0,0,0.0,0.0,0,0.0,0.0,0.0,0,0,0.0,0.0,0.0,0,0.0,0.0,51990.0,0.0,0.0,0.0,0.0
ноутбук acer aspire 3 a315-24p-r28j,0.0,0.0,3,2,1,13,12.0,5.0,1.0,4.0,131,0.0,1.0,0,0.0,0.0,8.0,2,0,250.0,3.0,60.0,3,8.0,1.8,51990.0,0.0,4.0,0.0,0.0
ноутбук hp 15s-eq3010ny,0.0,0.0,0,5,0,0,0.0,0.0,0.0,0.0,0,0.0,0.0,0,0.0,0.0,0.0,0,0,0.0,0.0,0.0,0,0.0,0.0,70990.0,0.0,0.0,0.0,0.0
ноутбук apple macbook pro a2485,0.0,0.0,0,5,1,16,12.0,0.0,0.0,10.0,5,0.0,1.0,0,0.0,0.0,10.0,1,0,1600.0,0.0,120.0,7,16.0,2.15,250990.0,0.0,8.0,0.0,0.0
ноутбук asus a416ea-eb1300,0.0,0.0,64,2,1,6,12.0,5.0,1.0,2.0,110,0.0,1.0,0,0.0,0.0,4.0,2,0,250.0,2.0,60.0,10,8.0,1.6,34990.0,0.0,2.0,0.0,1.0
ноутбук msi creator z16p b12uhst-028ru,0.0,0.0,0,5,0,0,0.0,0.0,0.0,0.0,0,0.0,0.0,0,0.0,0.0,0.0,0,0,0.0,0.0,0.0,0,0.0,0.0,284990.0,0.0,0.0,0.0,0.0
ноутбук xiaomi pro redmibook,0.0,2.0,3,2,1,6,12.0,0.0,0.0,6.0,129,0.0,1.0,0,0.0,0.0,12.0,0,0,0.0,0.0,0.0,9,16.0,0.0,87990.0,0.0,6.0,0.0,0.0
ноутбук игровой asus tuf gaming a15 fa506qm-hn128,0.0,0.0,32,2,1,13,12.0,0.0,1.0,8.0,137,0.0,1.0,0,0.0,0.0,16.0,2,0,0.0,3.0,144.0,10,16.0,2.3,132660.0,1.0,8.0,0.0,2.0
ноутбук acer aspire 3 a315-59-51gc slim,0.0,0.0,62,2,1,13,12.0,0.0,0.0,10.0,42,0.0,1.0,0,0.0,0.0,12.0,2,0,250.0,3.0,60.0,3,8.0,1.77,55990.0,0.0,2.0,0.0,0.0
ноутбук игровой msi prestige 15 a12ud-225ru,0.0,0.0,0,5,0,0,0.0,1.0,0.0,0.0,0,0.0,0.0,0,0.0,0.0,0.0,0,0,0.0,0.0,0.0,0,0.0,0.0,149990.0,0.0,0.0,0.0,0.0
ноутбук asus vivobook x515ea-bq1206,0.0,0.0,64,2,1,13,12.0,0.0,1.0,4.0,38,0.0,1.0,0,0.0,0.0,8.0,2,0,250.0,2.0,60.0,10,8.0,1.8,47990.0,0.0,4.0,0.0,1.0
ноутбук rombica mybook eclipse,0.0,0.0,64,2,1,13,12.0,5.0,1.0,4.0,33,0.0,1.0,0,4825.0,0.0,8.0,2,0,0.0,0.0,0.0,9,16.0,1.86,46990.0,0.0,4.0,0.0,0.0
ноутбук hiper expertbook mtl1577,0.0,0.0,3,2,1,13,12.0,5.0,2.0,8.0,138,0.0,1.0,0,4800.0,0.0,16.0,2,0,250.0,0.0,60.0,4,8.0,1.7,47990.0,0.0,8.0,0.0,2.0
ноутбук asus x509fa-br350,0.0,0.0,64,8,1,13,12.0,0.0,1.0,4.0,86,0.0,1.0,0,0.0,0.0,8.0,2,0,200.0,2.0,60.0,10,8.0,1.9,50860.0,0.0,4.0,0.0,0.0
ноутбук игровой msi pulse gl66 12uck-695ru,0.0,0.0,29,2,1,13,12.0,5.0,1.0,14.0,77,0.0,1.0,0,0.0,0.0,20.0,2,0,0.0,3.0,144.0,9,8.0,2.25,87990.0,1.0,6.0,0.0,2.0
ноутбук digma pro magnus m,0.0,0.0,5,2,1,15,12.0,4.7,0.0,8.0,143,0.0,1.0,0,6060.0,0.0,16.0,2,0,0.0,0.0,165.0,9,16.0,1.88,94500.0,0.0,8.0,1.0,0.0
ноутбук игровой hiper g16,5.0,0.0,36,2,1,15,12.0,5.0,1.0,6.0,35,0.0,1.0,0,5040.0,0.0,12.0,2,0,300.0,0.0,144.0,9,16.0,2.7,150990.0,1.0,6.0,0.0,2.0
ноутбук digma pro sprint m,0.0,0.0,5,2,1,13,12.0,0.0,0.0,4.0,122,0.0,1.0,0,4700.0,0.0,8.0,2,0,0.0,0.0,60.0,9,8.0,1.85,44990.0,0.0,4.0,0.0,2.0
ноутбук lenovo v15 g2 itl,0.0,0.0,64,5,1,13,12.0,0.0,1.0,2.0,25,0.0,1.0,0,0.0,0.0,4.0,2,0,250.0,0.0,0.0,4,8.0,1.7,41990.0,0.0,2.0,0.0,1.0
ноутбук msi creatorpro z17 a12ukst-259ru,0.0,0.0,49,2,1,17,24.0,4.5,0.0,14.0,77,0.0,1.0,0,0.0,1.0,20.0,2,0,0.0,4.0,165.0,9,32.0,2.49,279990.0,0.0,6.0,0.0,2.0
ноутбук asus vivobook go e1504fa-bq090,0.0,1.0,3,2,1,13,12.0,0.0,0.0,4.0,131,0.0,1.0,0,0.0,0.0,8.0,2,0,250.0,3.0,60.0,10,8.0,1.63,47990.0,0.0,4.0,0.0,0.0
ноутбук lenovo ideapad 3 15itl6,0.0,0.0,64,2,1,13,12.0,1.0,1.0,2.0,25,0.0,1.0,0,0.0,0.0,4.0,0,0,300.0,2.0,60.0,10,8.0,1.65,43990.0,0.0,2.0,0.0,1.0
ноутбук huawei matebook d 15 bod-wdi9,0.0,0.0,64,2,1,13,12.0,5.0,0.0,2.0,25,0.0,1.0,0,0.0,0.0,4.0,2,0,250.0,4.0,0.0,9,8.0,1.56,53990.0,0.0,2.0,0.0,0.0
ноутбук msi creator z16 a12uet-063ru,0.0,0.0,32,2,1,14,24.0,1.0,0.0,14.0,77,0.0,1.0,0,0.0,1.0,20.0,1,0,0.0,4.0,120.0,9,16.0,2.2,169990.0,0.0,6.0,0.0,2.0
ноутбук digma pro magnus m,0.0,0.0,4,2,1,15,12.0,5.0,0.0,6.0,127,0.0,1.0,0,6060.0,0.0,12.0,2,0,0.0,0.0,165.0,9,16.0,1.82,71400.0,0.0,6.0,1.0,0.0
ноутбук hp probook 450 g8,0.0,1.0,62,2,1,13,12.0,4.0,0.0,4.0,70,0.0,1.0,0,3950.0,0.0,8.0,2,0,250.0,3.0,0.0,4,8.0,1.74,109730.0,0.0,4.0,0.0,2.0
ноутбук digma pro fortis m,0.0,0.0,64,2,1,18,12.0,5.0,1.0,2.0,24,0.0,1.0,0,5500.0,0.0,4.0,2,0,0.0,0.0,60.0,9,16.0,2.2,51500.0,0.0,2.0,1.0,0.0
ноутбук hp 240 g8,0.0,0.0,64,8,1,6,12.0,0.0,1.0,2.0,23,0.0,1.0,0,0.0,0.0,4.0,2,0,250.0,3.0,60.0,10,4.0,1.47,58970.0,0.0,2.0,0.0,2.0
ноутбук msi creator z16p b12ugst-027ru,0.0,1.0,35,2,1,14,24.0,0.0,0.0,14.0,77,0.0,1.0,0,0.0,0.0,20.0,1,0,0.0,4.0,165.0,9,32.0,2.39,209990.0,0.0,6.0,0.0,2.0
ноутбук игровой msi pulse gl66 12udk-698xru,0.0,0.0,0,5,0,0,0.0,5.0,0.0,0.0,0,0.0,0.0,0,0.0,0.0,0.0,0,0,0.0,0.0,0.0,0,0.0,0.0,89990.0,0.0,0.0,0.0,0.0
ноутбук acer aspire 3 a315-24p-r2b8,0.0,0.0,3,5,1,0,12.0,0.0,1.0,4.0,131,0.0,1.0,0,0.0,0.0,8.0,0,0,0.0,3.0,0.0,9,0.0,1.8,50990.0,0.0,4.0,0.0,0.0
ноутбук acer aspire 5 a515-57-58zy,0.0,0.0,64,5,1,13,12.0,0.0,0.0,10.0,42,0.0,0.0,0,0.0,0.0,12.0,0,0,0.0,0.0,0.0,3,8.0,1.8,62490.0,0.0,2.0,0.0,0.0
ноутбук apple macbook air a2941,0.0,0.0,0,2,1,11,12.0,0.0,0.0,8.0,8,0.0,1.0,0,0.0,0.0,8.0,0,5,500.0,0.0,60.0,7,8.0,1.51,194990.0,0.0,4.0,0.0,0.0
ноутбук apple macbook air a2941,0.0,0.0,0,2,1,11,12.0,0.0,0.0,8.0,8,0.0,1.0,0,0.0,0.0,8.0,0,5,500.0,0.0,60.0,7,8.0,1.51,166990.0,0.0,4.0,0.0,0.0
ноутбук apple macbook air a2941,0.0,0.0,0,2,1,11,12.0,0.0,0.0,8.0,8,0.0,1.0,0,0.0,0.0,8.0,0,5,500.0,0.0,60.0,7,8.0,1.51,194990.0,0.0,4.0,0.0,0.0
ноутбук apple macbook air a2941,0.0,0.0,0,2,1,11,12.0,0.0,0.0,8.0,8,0.0,1.0,0,0.0,0.0,8.0,0,5,500.0,0.0,60.0,7,8.0,1.51,188630.0,0.0,4.0,0.0,0.0
ноутбук apple macbook air a2941,0.0,0.0,0,2,1,11,12.0,0.0,0.0,8.0,8,0.0,1.0,0,0.0,0.0,8.0,0,5,500.0,0.0,60.0,7,8.0,1.51,188620.0,0.0,4.0,0.0,0.0
ноутбук lenovo ideapad 3 15itl6,0.0,0.0,64,2,1,13,12.0,0.0,1.0,2.0,25,0.0,1.0,0,0.0,0.0,4.0,2,0,300.0,2.0,60.0,10,8.0,1.65,46200.0,0.0,2.0,0.0,1.0
ноутбук игровой razer blade 15 ch8-nt,0.0,0.0,32,2,1,13,12.0,0.0,0.0,14.0,98,0.0,0.0,0,0.0,0.0,20.0,0,0,0.0,0.0,0.0,9,32.0,2.02,447410.0,1.0,6.0,0.0,0.0
ноутбук acer aspire 7 a715-43g-r2pg,0.0,0.0,29,2,1,13,12.0,0.0,1.0,6.0,128,0.0,1.0,0,0.0,0.0,12.0,2,0,0.0,3.0,144.0,3,16.0,2.15,66990.0,0.0,6.0,0.0,2.0
ноутбук hiper slim h1306o7165wm,0.0,0.0,69,2,1,4,12.0,0.0,0.0,10.0,74,0.0,0.0,0,0.0,1.0,12.0,0,0,0.0,0.0,0.0,9,16.0,1.26,111820.0,0.0,2.0,0.0,0.0
ноутбук hiper slim h1306o5165wm,0.0,0.0,69,2,1,4,12.0,0.0,0.0,10.0,42,0.0,0.0,0,0.0,1.0,12.0,0,0,0.0,0.0,0.0,9,16.0,1.26,94120.0,0.0,2.0,0.0,0.0
ноутбук hiper slim h1306o5165hm,0.0,0.0,69,2,1,4,12.0,0.0,0.0,10.0,42,0.0,0.0,0,0.0,1.0,12.0,0,0,0.0,0.0,0.0,9,16.0,1.26,92840.0,0.0,2.0,0.0,0.0
ноутбук hiper slim h1306o5165dm,0.0,0.0,69,2,1,4,12.0,0.0,0.0,10.0,42,0.0,0.0,0,0.0,1.0,12.0,0,0,0.0,0.0,0.0,4,16.0,1.26,92190.0,0.0,2.0,0.0,0.0
ноутбук hiper slim h1306o582dm,0.0,0.0,69,2,1,4,12.0,0.0,0.0,10.0,42,0.0,0.0,0,0.0,1.0,12.0,0,0,0.0,0.0,0.0,4,8.0,1.26,84740.0,0.0,2.0,0.0,0.0
ноутбук hiper slim h1306o3165wm,0.0,0.0,69,2,1,4,12.0,0.0,0.0,6.0,26,0.0,0.0,0,0.0,1.0,8.0,0,0,0.0,0.0,0.0,9,16.0,1.26,71420.0,0.0,2.0,0.0,0.0
ноутбук hiper slim h1306o3165hm,0.0,0.0,69,2,1,4,12.0,0.0,0.0,6.0,26,0.0,0.0,0,0.0,1.0,8.0,0,0,0.0,0.0,0.0,9,16.0,1.26,70140.0,0.0,2.0,0.0,0.0
ноутбук hiper slim h1306o3165dm,0.0,0.0,69,2,1,4,12.0,5.0,0.0,6.0,26,0.0,0.0,0,0.0,1.0,8.0,0,0,0.0,0.0,0.0,4,16.0,1.26,70340.0,0.0,2.0,0.0,0.0
ноутбук hiper expertbook h1600o5165wm,0.0,0.0,69,2,1,15,12.0,5.0,0.0,10.0,42,0.0,0.0,0,0.0,0.0,12.0,0,0,0.0,0.0,0.0,9,16.0,1.86,91780.0,0.0,2.0,0.0,0.0
ноутбук hiper expertbook h1600o5165hm,0.0,0.0,69,2,1,15,12.0,0.0,0.0,10.0,42,0.0,0.0,0,0.0,0.0,12.0,0,0,0.0,0.0,0.0,9,16.0,1.86,90170.0,0.0,2.0,0.0,0.0
ноутбук hiper expertbook h1600o5165dm,0.0,0.0,69,2,1,15,12.0,0.0,0.0,10.0,42,0.0,0.0,0,0.0,0.0,12.0,0,0,0.0,0.0,0.0,4,16.0,1.86,89700.0,0.0,2.0,0.0,0.0
ноутбук hiper expertbook h1600o582dm,0.0,0.0,69,2,1,15,12.0,0.0,0.0,10.0,42,0.0,0.0,0,0.0,0.0,12.0,0,0,0.0,0.0,0.0,4,8.0,1.86,82830.0,0.0,2.0,0.0,0.0
ноутбук hiper expertbook h1600o3165wm,0.0,0.0,69,2,1,15,12.0,0.0,0.0,6.0,26,0.0,0.0,0,0.0,0.0,8.0,0,0,0.0,0.0,0.0,9,16.0,1.86,79390.0,0.0,2.0,0.0,0.0
ноутбук hiper expertbook h1600o3165dm,0.0,0.0,69,2,1,15,12.0,0.0,0.0,6.0,26,0.0,0.0,0,0.0,0.0,8.0,0,0,0.0,0.0,0.0,4,16.0,1.86,75140.0,0.0,2.0,0.0,0.0
ноутбук hiper expertbook h1600o382dm,0.0,0.0,69,2,1,15,12.0,0.0,0.0,6.0,26,0.0,0.0,0,0.0,0.0,8.0,0,0,0.0,0.0,0.0,4,8.0,1.86,72410.0,0.0,2.0,0.0,0.0
ноутбук hiper office h1574o5165wm,0.0,0.0,69,2,1,13,12.0,0.0,0.0,10.0,42,0.0,0.0,0,0.0,0.0,12.0,0,0,0.0,0.0,0.0,9,16.0,1.7,81120.0,0.0,2.0,0.0,0.0
ноутбук hiper office h1574o5165dm,0.0,0.0,69,2,1,13,12.0,0.0,0.0,10.0,42,0.0,0.0,0,0.0,0.0,12.0,0,0,0.0,0.0,0.0,4,16.0,1.7,78240.0,0.0,2.0,0.0,0.0
ноутбук hiper office h1574o582dm,0.0,0.0,69,2,1,13,12.0,0.0,0.0,10.0,42,0.0,0.0,0,0.0,0.0,12.0,0,0,0.0,0.0,0.0,4,8.0,1.7,75690.0,0.0,2.0,0.0,0.0
ноутбук hiper h1579o5dv165wm,0.0,0.0,21,2,1,13,12.0,0.0,0.0,4.0,38,0.0,0.0,0,0.0,0.0,8.0,0,0,0.0,0.0,0.0,9,16.0,1.78,95190.0,0.0,4.0,0.0,0.0
ноутбук hiper h1579o5165wm,0.0,0.0,63,2,1,13,12.0,0.0,0.0,4.0,38,0.0,0.0,0,0.0,0.0,8.0,0,0,0.0,0.0,0.0,9,16.0,1.78,73760.0,0.0,4.0,0.0,0.0
ноутбук hiper dzen h1569o7165wmp,0.0,0.0,69,2,1,13,12.0,0.0,0.0,4.0,70,0.0,0.0,0,0.0,0.0,8.0,0,0,0.0,0.0,0.0,9,16.0,1.7,94650.0,0.0,4.0,0.0,0.0
ноутбук hiper dzen h1569o5165wmp,0.0,0.0,69,2,1,13,12.0,0.0,0.0,4.0,38,0.0,0.0,0,0.0,0.0,8.0,0,0,0.0,0.0,0.0,9,16.0,1.7,76680.0,0.0,4.0,0.0,0.0
ноутбук hiper dzen h1569o5165dmp,0.0,0.0,69,2,1,13,12.0,0.0,0.0,4.0,38,0.0,0.0,0,0.0,0.0,8.0,0,0,0.0,0.0,0.0,4,16.0,1.7,71950.0,0.0,4.0,0.0,0.0
ноутбук hiper dzen h1569o582dmp,0.0,0.0,69,2,1,13,12.0,0.0,0.0,4.0,38,0.0,0.0,0,0.0,0.0,8.0,0,0,0.0,0.0,0.0,4,8.0,1.7,67050.0,0.0,4.0,0.0,0.0
ноутбук lenovo thinkpad t14 gen 2,0.0,0.0,62,2,1,6,12.0,0.0,0.0,4.0,38,0.0,1.0,0,0.0,0.0,8.0,2,0,300.0,0.0,60.0,9,8.0,1.53,115080.0,0.0,4.0,0.0,1.0
ноутбук acer travelmate p2 tmp214-53,0.0,1.0,64,8,1,6,13.0,0.0,0.0,2.0,25,0.0,1.0,0,0.0,0.0,4.0,2,3,220.0,0.0,60.0,9,8.0,1.6,39990.0,0.0,2.0,0.0,2.0
ноутбук hp 15s-fq5016nia,0.0,0.0,62,9,1,13,12.0,0.0,1.0,10.0,42,0.0,1.0,0,3500.0,0.0,12.0,2,2,250.0,3.0,60.0,4,8.0,1.69,51990.0,0.0,2.0,0.0,0.0
ноутбук игровой razer blade 17 d8-nt,0.0,0.0,39,2,1,18,12.0,0.0,0.0,14.0,78,0.0,0.0,0,0.0,0.0,16.0,0,0,0.0,0.0,0.0,9,32.0,2.75,439180.0,1.0,8.0,0.0,0.0
ноутбук игровой razer blade 17 d8-nt,0.0,0.0,39,2,1,18,12.0,0.0,0.0,14.0,78,0.0,0.0,0,0.0,0.0,16.0,0,0,0.0,0.0,0.0,9,32.0,2.75,396010.0,1.0,8.0,0.0,0.0
ноутбук игровой razer blade 17 d8.5-nt,0.0,0.0,35,2,1,18,12.0,0.0,0.0,14.0,98,0.0,0.0,0,0.0,0.0,20.0,0,0,0.0,0.0,0.0,9,32.0,2.75,424050.0,1.0,6.0,0.0,0.0
ноутбук игровой razer blade 17 d8.5-nt,0.0,0.0,35,2,1,18,12.0,0.0,0.0,14.0,98,0.0,0.0,0,0.0,0.0,20.0,0,0,0.0,0.0,0.0,9,16.0,2.75,338400.0,1.0,6.0,0.0,0.0
ноутбук игровой razer blade 17 d8-nt,0.0,0.0,35,2,1,18,12.0,0.0,0.0,14.0,78,0.0,0.0,0,0.0,0.0,16.0,0,0,0.0,0.0,0.0,9,16.0,2.75,299640.0,1.0,8.0,0.0,0.0
ноутбук игровой razer blade 17 d8-nt,0.0,0.0,35,2,1,18,12.0,0.0,0.0,14.0,78,0.0,0.0,0,0.0,0.0,16.0,0,0,0.0,0.0,0.0,9,16.0,2.75,299640.0,1.0,8.0,0.0,0.0
ноутбук игровой razer blade 17 d8.5-nt,0.0,0.0,35,2,1,18,12.0,0.0,0.0,14.0,78,0.0,0.0,0,0.0,0.0,16.0,0,0,0.0,0.0,0.0,9,16.0,2.75,253700.0,1.0,8.0,0.0,0.0
ноутбук игровой razer blade 15 ch8-nt,0.0,0.0,39,2,1,13,12.0,0.0,0.0,14.0,78,0.0,0.0,0,0.0,0.0,16.0,0,0,0.0,0.0,0.0,9,32.0,2.02,404640.0,1.0,8.0,0.0,0.0
ноутбук игровой razer blade 15 ch8-nt,0.0,0.0,39,2,1,13,12.0,0.0,0.0,14.0,78,0.0,0.0,0,0.0,0.0,16.0,0,0,0.0,0.0,0.0,9,32.0,2.02,378950.0,1.0,8.0,0.0,0.0
ноутбук игровой razer blade 15 ch8.5-nt,0.0,0.0,39,6,1,13,12.0,0.0,0.0,14.0,98,0.0,0.0,0,0.0,0.0,20.0,0,0,0.0,0.0,0.0,9,16.0,2.02,320540.0,1.0,6.0,0.0,0.0
ноутбук игровой razer blade 15 ch8-nt,0.0,0.0,35,2,1,13,12.0,0.0,0.0,14.0,78,0.0,0.0,0,0.0,0.0,16.0,0,0,0.0,0.0,0.0,9,16.0,2.02,299840.0,1.0,8.0,0.0,0.0
ноутбук игровой razer blade 15 ch8-nt,0.0,0.0,35,2,1,13,12.0,0.0,0.0,14.0,78,0.0,0.0,0,0.0,0.0,16.0,0,0,0.0,0.0,0.0,9,16.0,2.02,281310.0,1.0,8.0,0.0,0.0
ноутбук игровой razer blade 15 ch8-nt,0.0,0.0,32,2,1,13,12.0,0.0,0.0,14.0,78,0.0,0.0,0,0.0,0.0,16.0,0,0,0.0,0.0,0.0,9,16.0,2.02,248480.0,1.0,8.0,0.0,0.0
ноутбук игровой razer blade 14 p8-nt,0.0,0.0,35,2,1,6,12.0,0.0,0.0,8.0,144,0.0,0.0,0,0.0,0.0,0.0,0,0,0.0,0.0,0.0,9,16.0,1.78,283780.0,1.0,0.0,0.0,0.0
ноутбук asus expertbook b1 b1502cga-bq0087w,0.0,1.0,64,2,1,13,12.0,0.0,1.0,8.0,28,0.0,1.0,0,0.0,0.0,8.0,2,0,250.0,3.0,60.0,9,8.0,1.52,49990.0,0.0,8.0,0.0,1.0
ноутбук asus expertbook b1 b1502cga-bq0082,0.0,1.0,64,2,1,13,12.0,0.0,1.0,8.0,28,0.0,1.0,0,0.0,0.0,8.0,2,0,250.0,3.0,60.0,10,8.0,1.52,45990.0,0.0,8.0,0.0,1.0
ноутбук игровой asus tuf gaming a15 fa507nu-lp055,0.0,1.0,42,2,1,13,12.0,0.0,0.0,8.0,142,0.0,1.0,0,0.0,0.0,16.0,2,0,250.0,4.0,144.0,10,16.0,2.2,114990.0,1.0,8.0,0.0,2.0
ноутбук игровой asus tuf gaming f15 fx506hf-hn017,0.0,0.0,24,2,1,13,12.0,0.0,0.0,6.0,39,0.0,1.0,0,0.0,0.0,12.0,2,0,250.0,3.0,144.0,10,16.0,2.3,72990.0,1.0,6.0,0.0,2.0
ноутбук asus vivobook x515ea-bq3272w,0.0,0.0,64,2,1,13,12.0,0.0,1.0,4.0,38,0.0,1.0,0,0.0,0.0,8.0,2,0,250.0,2.0,60.0,9,8.0,1.8,53990.0,0.0,4.0,0.0,1.0
ноутбук asus vivobook 17 x1704za-au086,0.0,0.0,64,2,1,18,12.0,0.0,1.0,6.0,26,0.0,1.0,0,0.0,0.0,8.0,2,0,250.0,3.0,60.0,10,8.0,2.1,58990.0,0.0,2.0,0.0,1.0
ноутбук asus zenbook s ux5304va-nq251w,0.2,0.0,62,6,1,4,12.0,0.0,0.0,10.0,47,0.0,1.0,0,0.0,0.0,12.0,1,0,550.0,4.0,60.0,9,16.0,1.14,125990.0,0.0,2.0,0.0,0.0
ноутбук chuwi corebook x 14/16/1024,0.0,0.0,62,2,1,6,12.0,0.0,1.0,10.0,42,0.0,1.0,0,4000.0,0.0,0.0,0,0,0.0,0.0,0.0,9,16.0,1.5,56990.0,0.0,0.0,0.0,0.0
‌,0.0,1.0,62,2,1,13,12.0,0.0,0.0,4.0,38,0.0,1.0,0,0.0,0.0,8.0,2,0,250.0,0.0,0.0,4,16.0,1.9,56990.0,0.0,4.0,0.0,0.0
ноутбук hp 15s,0.0,0.0,3,2,1,13,12.0,0.0,1.0,4.0,118,0.0,1.0,0,0.0,0.0,8.0,2,0,250.0,3.0,60.0,9,8.0,1.69,43990.0,0.0,4.0,0.0,0.0
ноутбук hp 15s,0.0,0.0,64,2,1,13,12.0,0.0,1.0,2.0,25,0.0,1.0,0,0.0,0.0,4.0,2,0,250.0,3.0,60.0,9,8.0,1.69,43990.0,0.0,2.0,0.0,0.0
ноутбук tecno megabook t1,16.0,1.0,64,2,1,13,12.0,0.0,0.0,2.0,23,0.0,1.0,0,6060.0,0.0,4.0,2,0,0.0,3.0,60.0,9,12.0,1.56,41990.0,0.0,2.0,0.0,2.0
ноутбук игровой maibenben x668,0.0,1.0,36,2,1,18,12.0,0.0,0.0,14.0,77,0.0,1.0,0,4100.0,0.0,20.0,2,0,0.0,3.0,165.0,6,16.0,2.5,141990.0,1.0,6.0,0.0,2.0
‌,0.0,0.0,3,2,1,6,12.0,0.0,2.0,8.0,136,0.0,1.0,0,0.0,0.0,16.0,1,0,0.0,0.0,60.0,9,16.0,0.0,141990.0,0.0,8.0,0.0,0.0
ноутбук игровой acer aspire 7 a715-42g-r2yb,27.0,0.0,16,2,1,13,12.0,0.0,1.0,6.0,125,0.0,1.0,0,0.0,0.0,12.0,2,0,250.0,3.0,60.0,10,8.0,2.15,62990.0,1.0,6.0,0.0,2.0
‌,0.0,0.0,0,5,0,0,0.0,0.0,0.0,0.0,0,0.0,0.0,0,0.0,0.0,0.0,0,0,0.0,0.0,0.0,0,0.0,0.0,62990.0,0.0,0.0,0.0,0.0
ноутбук apple macbook air a2337,0.0,0.0,0,5,0,0,0.0,0.0,0.0,0.0,0,0.0,0.0,0,0.0,0.0,0.0,0,0,0.0,0.0,0.0,0,0.0,0.0,156990.0,0.0,0.0,0.0,0.0
ноутбук apple macbook air a2681,0.0,0.0,0,5,0,0,0.0,0.0,0.0,0.0,0,0.0,0.0,0,0.0,0.0,0.0,0,0,0.0,0.0,0.0,0,0.0,0.0,205990.0,0.0,0.0,0.0,0.0
ноутбук apple macbook air a2681,0.0,0.0,0,2,1,5,12.0,0.0,0.0,8.0,8,0.0,1.0,0,0.0,0.0,8.0,0,5,500.0,0.0,60.0,7,16.0,1.24,173990.0,0.0,4.0,0.0,0.0
ноутбук dell inspiron 3525,0.0,0.0,3,9,1,13,12.0,0.0,1.0,4.0,139,0.0,1.0,0,0.0,0.0,8.0,2,0,0.0,3.0,0.0,8,16.0,1.8,69330.0,0.0,4.0,0.0,2.0
ноутбук dell inspiron 3511,0.0,0.0,0,5,0,0,0.0,0.0,0.0,0.0,0,0.0,0.0,0,0.0,0.0,0.0,0,0,0.0,0.0,0.0,0,0.0,0.0,41010.0,0.0,0.0,0.0,0.0
ноутбук apple macbook air a2681,0.0,0.0,0,5,0,0,0.0,0.0,0.0,0.0,0,0.0,0.0,0,0.0,0.0,0.0,0,0,0.0,0.0,0.0,0,0.0,0.0,205990.0,0.0,0.0,0.0,0.0
ноутбук huawei matebook d 14 mdf-x,0.0,0.0,62,2,1,6,12.0,0.0,1.0,10.0,42,0.0,1.0,0,0.0,0.0,12.0,2,0,250.0,4.0,60.0,9,8.0,1.38,69470.0,0.0,2.0,0.0,0.0
ноутбук huawei matebook d 14 mdf-x,0.0,0.0,62,2,1,6,12.0,0.0,1.0,10.0,42,0.0,1.0,0,0.0,0.0,12.0,2,0,250.0,4.0,60.0,9,16.0,1.38,77500.0,0.0,2.0,0.0,0.0
ноутбук huawei matebook d 16 rolleg-w7611,0.0,0.0,62,2,1,0,12.0,0.0,2.0,14.0,83,0.0,1.0,0,0.0,0.0,20.0,1,0,0.0,0.0,0.0,9,16.0,1.7,112990.0,0.0,6.0,0.0,0.0
ноутбук huawei matebook d 16 curieg-w9611t,0.0,0.0,0,5,0,0,12.0,0.0,0.0,0.0,0,0.0,1.0,0,0.0,0.0,0.0,0,0,0.0,0.0,0.0,0,0.0,1.7,119990.0,0.0,0.0,0.0,0.0
ноутбук huawei matebook 14 klvl-w76w,0.0,0.0,3,2,1,6,12.0,0.0,1.0,8.0,136,0.0,1.0,0,0.0,0.0,16.0,4,0,300.0,0.0,60.0,9,16.0,1.49,75990.0,0.0,8.0,0.0,0.0
ноутбук huawei matebook 16s crefg-x,0.0,0.0,62,2,1,14,12.0,0.0,1.0,14.0,83,0.0,1.0,0,7330.0,1.0,20.0,0,0,400.0,0.0,60.0,9,16.0,1.99,150990.0,0.0,6.0,0.0,0.0
ноутбук huawei matebook 16s crefg-x,0.0,0.0,62,2,1,14,12.0,0.0,1.0,14.0,100,0.0,1.0,0,7330.0,1.0,20.0,0,0,400.0,0.0,60.0,9,16.0,1.99,162990.0,0.0,6.0,0.0,0.0
ноутбук huawei matebook x pro morgang-w7611t,0.0,0.0,0,5,0,0,0.0,0.0,0.0,0.0,0,0.0,0.0,0,0.0,0.0,0.0,0,0,0.0,0.0,0.0,0,0.0,0.0,161990.0,0.0,0.0,0.0,0.0
ноутбук huawei matebook x pro morgang-w7611tm,0.0,0.0,62,2,1,8,12.0,0.0,2.0,12.0,81,0.0,1.0,0,0.0,1.0,12.0,0,0,500.0,0.0,90.0,9,16.0,1.26,175990.0,0.0,6.0,0.0,0.0
ноутбук msi creator z16 hx studio b13vfto-055ru,0.0,0.0,44,2,1,14,12.0,0.0,0.0,16.0,85,0.0,1.0,0,0.0,0.0,24.0,1,0,0.0,4.0,0.0,9,16.0,2.35,296320.0,0.0,8.0,0.0,2.0
ноутбук игровой msi creator m16 b12ve-810ru,0.0,1.0,42,2,1,14,12.0,0.0,0.0,10.0,75,0.0,1.0,0,0.0,0.0,16.0,1,0,0.0,3.0,144.0,9,16.0,2.26,188080.0,1.0,6.0,0.0,2.0
ноутбук asus expertbook b1 b1502cba-bq0427w,0.0,1.0,64,2,1,13,12.0,0.0,1.0,6.0,26,0.0,1.0,0,0.0,0.0,8.0,2,0,250.0,3.0,60.0,9,8.0,1.52,51660.0,0.0,2.0,0.0,1.0
ноутбук acer aspire 3 a315-59-7201 slim,0.0,0.0,62,2,1,13,12.0,0.0,0.0,10.0,74,0.0,1.0,0,0.0,0.0,12.0,2,0,250.0,3.0,60.0,3,8.0,1.77,56870.0,0.0,2.0,0.0,0.0
ноутбук игровой hp victus 16-e0304nw,0.0,0.0,29,2,1,15,12.0,0.0,1.0,6.0,126,0.0,1.0,0,0.0,0.0,12.0,2,0,250.0,4.0,144.0,10,16.0,2.46,90280.0,1.0,6.0,0.0,2.0
ноутбук игровой hp victus 16-e0164nw,7.0,0.0,29,2,1,15,12.0,0.0,1.0,6.0,127,0.0,1.0,0,0.0,0.0,12.0,2,0,300.0,4.0,144.0,10,16.0,2.46,94560.0,1.0,6.0,0.0,2.0
ноутбук acer aspire 5 a515-57-5293,0.0,1.0,64,2,1,13,12.0,0.0,0.0,10.0,42,0.0,1.0,0,0.0,0.0,12.0,2,0,250.0,3.0,60.0,3,8.0,1.65,68220.0,0.0,2.0,0.0,2.0
ультрабук honor magicbook x14,0.0,0.0,64,2,1,6,12.0,0.0,1.0,8.0,45,0.0,1.0,0,0.0,0.0,12.0,1,0,300.0,0.0,60.0,9,8.0,1.4,77670.0,0.0,4.0,0.0,0.0
ультрабук honor magicbook x14,0.0,0.0,64,2,1,6,12.0,0.0,1.0,8.0,45,0.0,1.0,0,0.0,0.0,12.0,1,0,300.0,0.0,60.0,9,16.0,1.4,85780.0,0.0,4.0,0.0,0.0
ноутбук honor magicbook x16,0.0,0.0,64,2,1,14,12.0,5.0,1.0,8.0,45,0.0,1.0,0,0.0,0.0,12.0,1,0,300.0,3.0,0.0,9,8.0,1.99,68990.0,0.0,4.0,0.0,0.0
ноутбук acer extensa 15 ex215-52-36b9,0.0,0.0,64,5,1,13,12.0,0.0,0.0,2.0,23,0.0,1.0,0,0.0,0.0,4.0,2,0,0.0,0.0,60.0,3,8.0,1.9,42070.0,0.0,2.0,0.0,2.0
ноутбук игровой iru калибр 15alc,0.0,0.0,31,2,1,13,12.0,0.0,0.0,12.0,46,0.0,1.0,0,3465.0,0.0,16.0,2,0,0.0,0.0,0.0,4,16.0,2.15,112400.0,1.0,4.0,0.0,0.0
ноутбук игровой iru калибр 15alc,0.0,0.0,25,2,1,13,12.0,0.0,0.0,12.0,46,0.0,1.0,0,3465.0,0.0,16.0,2,0,250.0,4.0,0.0,4,16.0,2.5,95600.0,1.0,4.0,1.0,0.0
ноутбук lenovo ideapad 3 15alc6,0.0,0.0,3,2,1,13,12.0,0.0,1.0,4.0,118,0.0,1.0,0,0.0,0.0,8.0,2,0,300.0,2.0,60.0,10,8.0,1.65,41990.0,0.0,4.0,0.0,1.0
ноутбук asus zenbook 14x oled ux3404va-m9287w,0.2,0.0,62,6,1,9,12.0,0.0,0.0,14.0,84,0.0,1.0,0,0.0,0.0,20.0,1,0,600.0,3.0,120.0,9,16.0,1.56,153990.0,0.0,6.0,0.0,0.0
ноутбук игровой msi gf63 thin 12ve-237ru,0.0,1.0,42,2,1,13,12.0,4.0,0.0,10.0,75,0.0,1.0,0,0.0,0.0,16.0,2,0,0.0,3.0,144.0,9,8.0,1.86,115990.0,1.0,6.0,0.0,2.0
‌,0.0,1.0,46,2,1,18,12.0,0.0,0.0,14.0,83,0.0,1.0,0,0.0,0.0,8.0,3,0,0.0,4.0,240.0,9,16.0,2.8,115990.0,1.0,4.0,0.0,2.0
ноутбук игровой msi raider ge78hx 13vh-214ru,0.0,0.0,0,5,0,0,0.0,0.0,0.0,0.0,0,0.0,0.0,0,0.0,0.0,0.0,0,0,0.0,0.0,0.0,0,0.0,0.0,346320.0,0.0,0.0,0.0,0.0
ноутбук игровой msi raider ge68hx 13vg-067ru,0.0,0.0,0,5,0,0,0.0,0.0,0.0,0.0,0,0.0,0.0,0,0.0,0.0,0.0,0,0,0.0,0.0,0.0,0,0.0,0.0,285320.0,0.0,0.0,0.0,0.0
ноутбук игровой msi bravo 17 c7ve-007xru,0.0,0.0,42,2,1,18,12.0,0.0,1.0,6.0,132,0.0,1.0,0,0.0,0.0,12.0,2,0,0.0,3.0,144.0,10,16.0,2.7,119990.0,1.0,6.0,0.0,2.0
ноутбук игровой msi bravo 17 c7ve-006ru,0.0,0.0,0,5,0,0,0.0,0.0,0.0,0.0,0,0.0,0.0,0,0.0,0.0,0.0,0,0,0.0,0.0,0.0,0,0.0,0.0,147650.0,0.0,0.0,0.0,0.0
ноутбук lenovo v15 g3 aba,0.0,0.0,0,5,0,0,0.0,0.0,0.0,0.0,0,0.0,0.0,0,0.0,0.0,0.0,0,0,0.0,0.0,0.0,0,0.0,0.0,42990.0,0.0,0.0,0.0,0.0
ноутбук lenovo yoga slim7 pro 14iap7,0.0,0.0,0,5,0,0,0.0,4.0,0.0,0.0,0,0.0,0.0,0,0.0,0.0,0.0,0,0,0.0,0.0,0.0,0,0.0,0.0,104990.0,0.0,0.0,0.0,0.0
‌,0.0,0.0,0,5,0,0,0.0,0.0,0.0,0.0,0,0.0,0.0,0,0.0,0.0,0.0,0,0,0.0,0.0,0.0,0,0.0,0.0,104990.0,0.0,0.0,0.0,0.0
ноутбук lenovo ideapad 3 15iau7,0.0,0.0,64,2,1,13,12.0,0.0,1.0,10.0,74,0.0,1.0,0,0.0,0.0,12.0,2,0,300.0,0.0,60.0,9,8.0,1.63,71990.0,0.0,2.0,0.0,1.0
ноутбук samsung galaxy book 3 pro np960,0.0,0.0,0,5,0,0,0.0,0.0,0.0,0.0,0,0.0,0.0,0,0.0,0.0,0.0,0,0,0.0,0.0,0.0,0,0.0,0.0,228990.0,0.0,0.0,0.0,0.0
ноутбук samsung galaxy book 3 pro 360 np960,0.0,0.0,0,5,0,0,0.0,0.0,0.0,0.0,0,0.0,0.0,0,0.0,0.0,0.0,0,0,0.0,0.0,0.0,0,0.0,0.0,225990.0,0.0,0.0,0.0,0.0
ноутбук samsung galaxy book 3 pro 360 np960,0.0,0.0,62,6,1,14,12.0,0.0,0.0,12.0,48,0.0,1.0,0,0.0,1.0,16.0,1,0,0.0,0.0,120.0,9,16.0,1.66,214190.0,0.0,4.0,0.0,0.0
ноутбук samsung galaxy book 3 360 np750,0.0,0.0,0,5,0,0,0.0,0.0,0.0,0.0,0,0.0,0.0,0,0.0,0.0,0.0,0,0,0.0,0.0,0.0,0,0.0,0.0,163990.0,0.0,0.0,0.0,0.0
‌,0.0,0.0,62,5,1,0,12.0,0.0,0.0,12.0,82,0.0,1.0,0,0.0,1.0,12.0,2,0,0.0,0.0,0.0,9,16.0,1.46,199990.0,0.0,6.0,0.0,0.0
‌,0.0,0.0,62,6,1,13,12.0,0.0,0.0,12.0,82,0.0,1.0,0,0.0,1.0,12.0,2,0,0.0,0.0,0.0,9,16.0,1.46,199990.0,0.0,6.0,0.0,0.0
ноутбук samsung galaxy book 3 360 np730,0.0,0.0,62,6,1,4,12.0,0.0,0.0,10.0,80,0.0,1.0,0,0.0,1.0,8.0,2,0,0.0,0.0,0.0,9,16.0,1.16,191990.0,0.0,4.0,0.0,0.0
ноутбук samsung galaxy book 3 360 np730,0.0,0.0,62,6,1,4,12.0,0.0,0.0,10.0,80,0.0,1.0,0,0.0,1.0,8.0,2,0,0.0,0.0,0.0,9,16.0,1.16,168990.0,0.0,4.0,0.0,0.0
ноутбук hp 15-dw4013nia,0.0,0.0,22,5,1,13,12.0,0.0,1.0,10.0,74,0.0,1.0,0,0.0,0.0,12.0,2,0,250.0,3.0,0.0,4,16.0,1.78,89990.0,0.0,2.0,0.0,2.0
ноутбук hp 15-dw4011nia,0.0,0.0,22,5,1,13,12.0,0.0,1.0,10.0,74,0.0,1.0,0,0.0,0.0,12.0,2,0,250.0,3.0,0.0,4,16.0,1.78,95560.0,0.0,2.0,0.0,2.0
ноутбук hp 15s-eq2658ng,0.0,0.0,3,2,1,13,12.0,0.0,1.0,6.0,125,0.0,1.0,0,0.0,0.0,12.0,2,0,250.0,3.0,60.0,9,16.0,1.69,83990.0,0.0,6.0,0.0,0.0
ноутбук lenovo v15 g2 itl,0.0,0.0,64,8,1,13,12.0,0.0,1.0,2.0,25,0.0,1.0,0,0.0,0.0,4.0,2,0,250.0,0.0,0.0,10,8.0,1.7,43990.0,0.0,2.0,0.0,1.0
ноутбук lenovo ideapad 5 15ial7,0.0,0.0,0,5,1,0,12.0,0.0,2.0,0.0,0,0.0,1.0,0,0.0,0.0,0.0,0,0,0.0,0.0,0.0,10,0.0,1.85,74610.0,0.0,0.0,0.0,0.0
ноутбук lenovo ideapad 5 15ial7,0.0,0.0,62,2,1,13,12.0,0.0,2.0,10.0,74,0.0,1.0,0,0.0,0.0,12.0,2,0,300.0,0.0,60.0,10,16.0,1.85,88990.0,0.0,2.0,0.0,0.0
ноутбук lenovo ideapad 3 15iau7,0.0,0.0,64,2,1,13,12.0,5.0,1.0,6.0,26,0.0,1.0,0,0.0,0.0,8.0,2,0,300.0,0.0,60.0,10,8.0,1.63,51990.0,0.0,2.0,0.0,1.0
ноутбук игровой lenovo ip gaming 3 15iah7,0.0,0.0,29,2,1,13,12.0,0.0,0.0,8.0,45,0.0,1.0,0,0.0,0.0,12.0,2,0,250.0,0.0,120.0,10,8.0,2.315,78990.0,1.0,4.0,0.0,2.0
ноутбук игровой lenovo ip gaming 3 15iah7,0.0,0.0,29,2,1,13,12.0,0.0,0.0,12.0,46,0.0,1.0,0,0.0,0.0,16.0,2,0,250.0,0.0,120.0,10,8.0,2.315,89110.0,1.0,4.0,0.0,2.0
ноутбук игровой lenovo ip gaming 3 16arh7,0.0,1.0,27,2,1,14,12.0,0.0,0.0,8.0,140,0.0,1.0,0,0.0,0.0,16.0,1,0,350.0,0.0,165.0,10,16.0,2.5,104990.0,1.0,8.0,0.0,2.0
ноутбук игровой lenovo legion 5 pro 16arh7h,0.0,2.0,32,2,1,14,12.0,0.0,0.0,6.0,129,0.0,1.0,0,0.0,0.0,12.0,1,0,300.0,0.0,165.0,10,16.0,2.49,137530.0,1.0,6.0,0.0,2.0
ноутбук игровой lenovo legion 5 15iah7h,0.0,2.0,27,2,1,13,12.0,0.0,0.0,12.0,46,0.0,1.0,0,0.0,0.0,16.0,2,0,300.0,0.0,60.0,10,8.0,2.35,104990.0,1.0,4.0,0.0,2.0
ноутбук apple macbook pro a2780,0.0,0.0,0,2,1,16,12.0,0.0,0.0,12.0,10,0.0,1.0,0,0.0,0.0,12.0,1,2,1600.0,0.0,120.0,7,16.0,2.15,291460.0,0.0,6.0,0.0,0.0
ноутбук samsung galaxy book 3 pro 360 np964,0.0,0.0,62,6,1,14,12.0,0.0,0.0,12.0,48,0.0,1.0,0,4900.0,1.0,16.0,1,0,400.0,4.0,120.0,9,16.0,1.6,208990.0,0.0,4.0,0.0,0.0
ноутбук samsung galaxy book 3 np754,0.0,0.0,62,2,1,13,12.0,0.0,0.0,12.0,48,0.0,1.0,0,0.0,0.0,16.0,2,0,0.0,0.0,0.0,9,16.0,1.57,135990.0,0.0,4.0,0.0,0.0
ноутбук apple macbook pro a2485,0.0,0.0,0,5,1,16,12.0,0.0,0.0,10.0,5,0.0,1.0,0,0.0,0.0,10.0,1,5,1600.0,0.0,120.0,7,16.0,2.15,285430.0,0.0,8.0,0.0,0.0
ноутбук asus vivobook 16 x1605za-mb321,0.0,0.0,64,2,1,14,12.0,5.0,1.0,6.0,26,0.0,1.0,0,0.0,0.0,8.0,1,0,300.0,3.0,60.0,10,8.0,1.88,48990.0,0.0,2.0,0.0,1.0
ноутбук asus vivobook 16 x1605za-mb364,0.0,0.0,64,2,1,14,12.0,0.0,1.0,6.0,26,0.0,1.0,0,0.0,0.0,8.0,1,0,300.0,3.0,60.0,10,8.0,1.88,48990.0,0.0,2.0,0.0,1.0
ноутбук acer aspire 3 a315-58,11.0,0.0,62,5,1,13,12.0,5.0,0.0,4.0,38,0.0,1.0,0,0.0,0.0,8.0,2,0,220.0,2.0,60.0,10,8.0,1.7,45990.0,0.0,4.0,0.0,1.0
ноутбук apple macbook pro a2780,0.0,0.0,0,2,1,16,12.0,0.0,0.0,12.0,10,0.0,1.0,0,0.0,0.0,12.0,1,1,1600.0,0.0,120.0,7,16.0,2.15,318710.0,0.0,6.0,0.0,0.0
‌,0.0,0.0,3,2,1,13,12.0,0.0,1.0,4.0,120,0.0,1.0,0,0.0,0.0,8.0,2,0,300.0,0.0,60.0,10,8.0,1.63,318710.0,0.0,4.0,0.0,1.0
ноутбук asus vivobook x515ea-bq2602,0.0,0.0,64,2,1,13,12.0,0.0,1.0,4.0,38,0.0,1.0,0,0.0,0.0,8.0,2,0,250.0,2.0,60.0,10,8.0,1.8,54370.0,0.0,4.0,0.0,1.0
ноутбук lenovo thinkbook 15 g3 acl,0.0,2.0,3,2,1,13,12.0,0.0,0.0,6.0,125,0.0,1.0,0,0.0,0.0,12.0,2,0,300.0,0.0,60.0,10,8.0,1.7,83990.0,0.0,6.0,0.0,1.0
ноутбук lenovo thinkbook 15 g2 itl,0.0,1.0,64,2,1,13,12.0,0.0,0.0,2.0,25,0.0,1.0,0,0.0,0.0,4.0,2,0,300.0,3.0,0.0,10,8.0,1.7,80960.0,0.0,2.0,0.0,1.0
ноутбук lenovo thinkbook 15 g2 itl,0.0,1.0,21,2,1,13,12.0,0.0,0.0,4.0,38,0.0,1.0,0,0.0,0.0,8.0,2,0,250.0,3.0,0.0,10,16.0,1.7,94740.0,0.0,4.0,0.0,1.0
ноутбук lenovo thinkbook 15 g2 itl,0.0,1.0,62,2,1,13,12.0,0.0,0.0,4.0,70,0.0,1.0,0,0.0,0.0,8.0,2,0,250.0,3.0,0.0,10,8.0,1.7,102860.0,0.0,4.0,0.0,1.0
ноутбук samsung galaxy book 3 pro 360 np960,0.0,0.0,62,6,1,14,12.0,0.0,0.0,12.0,82,0.0,1.0,0,0.0,1.0,16.0,1,0,0.0,0.0,120.0,9,16.0,1.66,269990.0,0.0,4.0,0.0,0.0
ноутбук samsung galaxy book 3 pro np960,0.0,0.0,62,6,1,14,12.0,0.0,0.0,12.0,82,0.0,1.0,0,0.0,0.0,16.0,1,0,0.0,0.0,120.0,9,16.0,1.56,217920.0,0.0,4.0,0.0,0.0
ноутбук samsung galaxy book 3 pro np960,0.0,0.0,62,6,1,14,12.0,0.0,0.0,12.0,82,0.0,1.0,0,0.0,0.0,16.0,1,0,0.0,0.0,120.0,9,16.0,1.56,217920.0,0.0,4.0,0.0,0.0
ноутбук huawei matebook d 14 nbde-wfh9,0.0,0.0,62,2,1,6,12.0,5.0,1.0,4.0,41,0.0,1.0,0,7330.0,0.0,8.0,2,0,250.0,4.0,60.0,9,16.0,1.38,62990.0,0.0,4.0,0.0,0.0
ноутбук apple macbook air a2337,0.0,0.0,0,2,1,4,12.0,0.0,0.0,8.0,2,0.0,1.0,0,0.0,0.0,8.0,1,2,400.0,0.0,0.0,7,8.0,1.29,104710.0,0.0,4.0,0.0,0.0
ноутбук iru калибр 15tlg,0.0,0.0,68,7,1,13,12.0,0.0,0.0,4.0,41,0.0,1.0,0,4000.0,0.0,8.0,2,0,300.0,0.0,0.0,9,16.0,1.7,48900.0,0.0,4.0,1.0,0.0
ноутбук iru калибр 15tlg,0.0,0.0,64,7,1,13,12.0,5.0,0.0,4.0,41,0.0,1.0,0,4000.0,0.0,8.0,2,0,300.0,0.0,0.0,9,8.0,1.7,43600.0,0.0,4.0,1.0,2.0
ноутбук iru калибр 15ph,0.0,0.0,10,2,1,13,12.0,5.0,0.0,4.0,122,0.0,0.0,0,4500.0,0.0,8.0,2,0,0.0,0.0,0.0,9,8.0,1.8,42500.0,0.0,4.0,1.0,0.0
ноутбук lenovo thinkpad t14 gen 2,0.0,0.0,21,2,1,6,12.0,0.0,0.0,4.0,70,0.0,1.0,0,0.0,0.0,8.0,2,0,300.0,0.0,60.0,10,16.0,1.53,169790.0,0.0,4.0,0.0,1.0
ноутбук lenovo thinkpad t14 gen 2,0.0,0.0,62,2,1,6,12.0,0.0,0.0,4.0,38,0.0,1.0,0,0.0,0.0,8.0,2,0,300.0,0.0,60.0,10,16.0,1.53,139200.0,0.0,4.0,0.0,1.0
ноутбук lenovo thinkpad l13 g3,0.0,2.0,4,2,1,4,12.0,0.0,0.0,6.0,133,0.0,1.0,0,0.0,0.0,12.0,1,0,300.0,0.0,0.0,10,8.0,1.25,105490.0,0.0,6.0,0.0,0.0
ноутбук lenovo thinkpad l13 g2,0.0,1.0,62,2,1,4,12.0,0.0,0.0,4.0,70,0.0,1.0,0,0.0,0.0,8.0,2,0,250.0,0.0,0.0,10,16.0,1.39,144880.0,0.0,4.0,0.0,0.0
ноутбук lenovo thinkpad l13 g2,0.0,1.0,62,2,1,4,12.0,0.0,0.0,4.0,38,0.0,1.0,0,0.0,0.0,8.0,2,0,250.0,0.0,0.0,10,8.0,1.39,104990.0,0.0,4.0,0.0,0.0
ноутбук lenovo thinkpad l13 g2,0.0,1.0,62,2,1,4,12.0,0.0,0.0,4.0,38,0.0,1.0,0,0.0,0.0,8.0,2,0,250.0,0.0,0.0,10,16.0,1.39,121080.0,0.0,4.0,0.0,0.0
ноутбук lenovo k14 gen 1,0.0,0.0,62,2,1,6,12.0,0.0,2.0,4.0,70,0.0,1.0,0,0.0,0.0,8.0,2,0,300.0,0.0,0.0,10,8.0,1.5,109470.0,0.0,4.0,0.0,2.0
ноутбук lenovo k14 gen 1,0.0,0.0,62,2,1,6,12.0,4.0,2.0,4.0,70,0.0,1.0,0,0.0,0.0,8.0,2,0,300.0,0.0,0.0,10,8.0,1.5,93820.0,0.0,4.0,0.0,2.0
ноутбук lenovo k14 gen 1,0.0,0.0,62,2,1,6,12.0,0.0,2.0,4.0,70,0.0,1.0,0,0.0,0.0,8.0,2,0,300.0,0.0,0.0,10,16.0,1.5,120890.0,0.0,4.0,0.0,2.0
ноутбук iru калибр 14tlh,0.0,0.0,61,2,1,7,12.0,0.0,0.0,4.0,38,0.0,0.0,0,4500.0,0.0,8.0,2,0,0.0,0.0,0.0,4,8.0,0.0,49600.0,0.0,4.0,0.0,0.0
ноутбук iru калибр 14tlh,0.0,0.0,61,2,1,7,12.0,0.0,0.0,4.0,38,0.0,0.0,0,4500.0,0.0,8.0,2,0,0.0,0.0,0.0,4,8.0,0.0,46200.0,0.0,4.0,0.0,0.0
ноутбук iru калибр 14tlh,0.0,0.0,61,2,1,7,12.0,0.0,0.0,2.0,25,0.0,1.0,0,4500.0,0.0,4.0,2,0,0.0,0.0,0.0,4,8.0,1.6,40500.0,0.0,2.0,1.0,0.0
ноутбук iru калибр 15tlg,0.0,0.0,67,7,1,13,12.0,0.0,0.0,2.0,25,0.0,1.0,0,4000.0,0.0,4.0,2,0,300.0,0.0,0.0,9,8.0,1.7,40300.0,0.0,2.0,1.0,2.0
ноутбук игровой iru калибр 17alc,0.0,0.0,31,2,1,18,12.0,0.0,0.0,12.0,46,0.0,1.0,0,3465.0,0.0,16.0,2,0,0.0,4.0,0.0,4,16.0,2.5,125000.0,1.0,4.0,1.0,0.0
ноутбук iru калибр 15alc,0.0,0.0,16,2,1,13,12.0,0.0,0.0,12.0,46,0.0,0.0,0,3465.0,0.0,16.0,2,0,0.0,0.0,0.0,4,16.0,2.2,84800.0,0.0,4.0,1.0,0.0
ноутбук iru калибр 17tli,0.0,0.0,61,2,1,18,12.0,0.0,0.0,4.0,38,0.0,1.0,0,4800.0,0.0,8.0,2,0,0.0,0.0,0.0,4,8.0,2.4,73500.0,0.0,4.0,0.0,0.0
ноутбук hp probook 440 g9,0.0,0.0,62,2,1,6,12.0,0.0,1.0,10.0,42,0.0,1.0,0,0.0,0.0,12.0,2,0,250.0,3.0,0.0,9,8.0,1.38,144250.0,0.0,2.0,0.0,2.0
ноутбук dell latitude 5520,0.0,0.0,62,2,1,13,12.0,0.0,0.0,4.0,38,0.0,1.0,0,0.0,0.0,8.0,2,0,0.0,4.0,60.0,9,8.0,1.59,114540.0,0.0,4.0,0.0,0.0
ноутбук iru калибр 14tlh,0.0,0.0,61,2,1,7,12.0,4.8,0.0,2.0,25,0.0,1.0,0,4500.0,0.0,4.0,2,0,0.0,0.0,0.0,4,8.0,1.6,41500.0,0.0,2.0,1.0,0.0
ноутбук hp 250 g9,0.0,0.0,62,8,1,13,12.0,0.0,0.0,10.0,42,0.0,1.0,0,0.0,0.0,12.0,0,0,250.0,3.0,0.0,4,8.0,1.74,69350.0,0.0,2.0,0.0,2.0
ноутбук acer aspire 5 a515-56-52mv,0.0,0.0,62,8,1,13,12.0,0.0,1.0,4.0,38,0.0,1.0,0,4800.0,0.0,8.0,2,0,0.0,0.0,60.0,9,8.0,1.9,55560.0,0.0,4.0,0.0,0.0
ноутбук asus vivobook 15 x1502za-bq1014,0.0,0.0,64,2,1,13,12.0,0.0,1.0,10.0,27,0.0,1.0,0,0.0,0.0,12.0,2,0,250.0,3.0,60.0,10,8.0,1.7,55990.0,0.0,2.0,0.0,1.0
ноутбук asus d515da-ej1397,0.0,0.0,3,2,1,13,12.0,0.0,1.0,2.0,117,0.0,1.0,0,0.0,0.0,4.0,2,0,250.0,2.0,60.0,10,8.0,1.8,43070.0,0.0,2.0,0.0,1.0
ноутбук asus d515da-bq1407w,0.0,0.0,3,2,1,13,12.0,0.0,1.0,2.0,117,0.0,1.0,0,0.0,0.0,4.0,2,0,250.0,2.0,60.0,9,8.0,1.8,47290.0,0.0,2.0,0.0,1.0
ноутбук hp 250 g9,0.0,0.0,64,8,1,13,12.0,0.0,0.0,6.0,26,0.0,1.0,0,0.0,0.0,8.0,2,0,250.0,3.0,0.0,4,8.0,1.74,62690.0,0.0,2.0,0.0,2.0
ноутбук iru калибр 15tli,0.0,0.0,62,2,1,13,12.0,0.0,0.0,4.0,38,0.0,1.0,0,7200.0,0.0,8.0,2,0,250.0,0.0,0.0,9,8.0,1.724,52100.0,0.0,4.0,0.0,0.0
ноутбук iru калибр 15tli,0.0,0.0,61,2,1,13,12.0,0.0,1.0,2.0,25,0.0,0.0,0,7200.0,0.0,4.0,2,0,205.0,0.0,0.0,9,8.0,1.728,42800.0,0.0,2.0,1.0,0.0
ноутбук samsung galaxy book np750,0.0,0.0,62,2,1,13,12.0,4.5,2.0,4.0,38,0.0,1.0,0,0.0,0.0,8.0,0,2,300.0,0.0,0.0,9,8.0,1.55,65990.0,0.0,4.0,0.0,0.0
ноутбук asus vivobook x515ea-bq1965,0.0,0.0,63,2,1,13,12.0,0.0,1.0,4.0,70,0.0,1.0,0,0.0,0.0,8.0,2,0,250.0,2.0,60.0,10,8.0,1.8,69000.0,0.0,4.0,0.0,1.0
ноутбук lenovo k14 gen 1,0.0,0.0,62,2,1,6,12.0,0.0,2.0,4.0,70,0.0,1.0,0,0.0,0.0,8.0,2,0,300.0,0.0,0.0,10,16.0,1.5,103400.0,0.0,4.0,0.0,2.0
ноутбук lenovo k14 gen 1,0.0,0.0,64,2,1,6,12.0,0.0,2.0,2.0,25,0.0,1.0,0,0.0,0.0,4.0,2,0,300.0,0.0,0.0,10,8.0,1.5,69410.0,0.0,2.0,0.0,2.0
ноутбук lenovo thinkpad t14 gen 2,0.0,0.0,62,2,1,6,12.0,0.0,0.0,4.0,38,0.0,1.0,0,0.0,0.0,8.0,2,0,300.0,0.0,0.0,10,8.0,1.53,130120.0,0.0,4.0,0.0,1.0
ноутбук iru калибр 15ес5,0.0,0.0,61,2,1,13,12.0,0.0,0.0,4.0,38,0.0,1.0,0,7200.0,0.0,8.0,2,0,0.0,0.0,0.0,4,8.0,0.0,56700.0,0.0,4.0,0.0,0.0
ноутбук lenovo k14 gen 1,0.0,0.0,62,2,1,6,12.0,0.0,2.0,4.0,38,0.0,1.0,0,0.0,0.0,8.0,0,0,300.0,0.0,0.0,10,8.0,1.5,74450.0,0.0,4.0,0.0,2.0
ноутбук iru калибр 15tli,0.0,0.0,62,2,1,13,12.0,0.0,1.0,4.0,38,0.0,1.0,0,7200.0,0.0,8.0,2,0,250.0,0.0,0.0,4,8.0,0.0,54100.0,0.0,4.0,0.0,1.0
ноутбук lenovo v15 g2 alc,0.0,0.0,3,2,1,13,12.0,0.0,1.0,6.0,125,0.0,1.0,0,0.0,0.0,12.0,2,0,300.0,0.0,60.0,10,8.0,1.7,60510.0,0.0,6.0,0.0,1.0
ноутбук lenovo thinkpad x1 carbon g10,0.0,0.0,62,2,1,6,12.0,0.0,0.0,12.0,43,0.0,1.0,0,0.0,0.0,16.0,1,0,300.0,0.0,0.0,9,16.0,1.12,279040.0,0.0,4.0,0.0,0.0
ноутбук chuwi corebook xpro,0.0,0.0,64,2,1,13,12.0,5.0,1.0,6.0,26,0.0,1.0,0,6060.0,0.0,8.0,0,0,0.0,0.0,0.0,9,8.0,1.78,46990.0,0.0,2.0,0.0,0.0
ноутбук infinix inbook x2 plus xl25,0.0,0.0,62,2,1,13,24.0,0.0,2.0,4.0,41,0.0,1.0,0,0.0,0.0,8.0,2,0,300.0,0.0,0.0,9,8.0,1.6,50990.0,0.0,4.0,0.0,0.0
ноутбук infinix inbook x2 plus xl25,0.0,0.0,62,2,1,13,24.0,0.0,2.0,4.0,41,0.0,1.0,0,0.0,0.0,8.0,2,0,300.0,0.0,0.0,9,8.0,1.6,46990.0,0.0,4.0,0.0,0.0
ноутбук iru калибр 15tli,0.0,0.0,61,2,1,13,12.0,0.0,1.0,4.0,38,0.0,1.0,0,7200.0,0.0,8.0,2,0,250.0,0.0,0.0,4,8.0,1.724,51800.0,0.0,4.0,0.0,1.0
ноутбук iru калибр 15tli,0.0,0.0,61,2,1,13,12.0,0.0,1.0,4.0,38,0.0,1.0,0,7200.0,0.0,8.0,2,0,250.0,0.0,0.0,4,8.0,0.0,54000.0,0.0,4.0,0.0,1.0
ноутбук samsung galaxy book np750,0.0,0.0,62,5,1,13,12.0,0.0,2.0,10.0,42,0.0,1.0,0,0.0,0.0,12.0,2,2,300.0,0.0,0.0,9,8.0,1.55,80990.0,0.0,2.0,0.0,0.0
ноутбук infinix inbook x2 plus xl25,0.0,0.0,64,2,1,13,24.0,3.0,2.0,2.0,25,0.0,1.0,0,0.0,0.0,4.0,2,0,300.0,0.0,0.0,9,8.0,1.6,40990.0,0.0,2.0,0.0,0.0
ноутбук lenovo v15 g2 alc,0.0,0.0,3,8,1,13,12.0,3.0,1.0,4.0,118,0.0,1.0,0,0.0,0.0,8.0,2,0,250.0,0.0,60.0,9,8.0,1.7,44990.0,0.0,4.0,0.0,1.0
ноутбук acer aspire 3 a317-54-54t2,0.0,0.0,62,2,1,18,12.0,0.0,0.0,10.0,42,0.0,1.0,0,0.0,0.0,12.0,2,0,250.0,3.0,60.0,3,8.0,2.231,82990.0,0.0,2.0,0.0,0.0
ноутбук acer aspire 3 a317-53-526h,27.0,0.0,62,2,1,18,12.0,0.0,0.0,4.0,38,0.0,1.0,0,0.0,0.0,8.0,2,0,250.0,2.0,60.0,9,16.0,2.6,100990.0,0.0,4.0,0.0,2.0
ноутбук acer extensa 15 ex215-52-76u0,0.0,0.0,59,2,1,13,12.0,0.0,0.0,4.0,67,0.0,1.0,0,0.0,0.0,8.0,2,0,250.0,3.0,60.0,3,8.0,1.9,57990.0,0.0,4.0,0.0,0.0
ноутбук acer aspire 5 a517-53-51e9,0.0,1.0,62,2,1,18,12.0,3.5,0.0,10.0,42,0.0,1.0,0,0.0,0.0,12.0,2,0,250.0,3.0,60.0,3,8.0,2.2,84990.0,0.0,2.0,0.0,0.0
ноутбук игровой acer swift x sfx16-51g-51qa,0.0,0.0,29,2,1,14,12.0,0.0,0.0,4.0,37,0.0,1.0,0,0.0,0.0,8.0,2,0,0.0,0.0,60.0,3,8.0,1.9,79220.0,1.0,4.0,0.0,0.0
ноутбук acer aspire 5 a515-57-74ms,0.0,1.0,62,2,1,13,12.0,4.7,0.0,10.0,74,0.0,1.0,0,0.0,0.0,12.0,2,0,250.0,3.0,60.0,3,16.0,1.65,96990.0,0.0,2.0,0.0,0.0
ноутбук acer aspire 5 a515-57-524a,0.0,1.0,62,2,1,13,12.0,0.0,0.0,10.0,42,0.0,1.0,0,0.0,0.0,12.0,2,0,250.0,3.0,60.0,9,8.0,1.65,68850.0,0.0,2.0,0.0,0.0
ноутбук acer aspire 5 a515-57-51u3,0.0,1.0,62,2,1,13,12.0,0.0,0.0,10.0,42,0.0,1.0,0,0.0,0.0,12.0,2,0,250.0,3.0,60.0,3,16.0,1.65,73990.0,0.0,2.0,0.0,0.0
ноутбук acer aspire 5 a515-57-36d0,0.0,1.0,64,2,1,13,12.0,0.0,0.0,6.0,26,0.0,1.0,0,0.0,0.0,8.0,2,0,250.0,3.0,60.0,9,8.0,1.65,64540.0,0.0,2.0,0.0,0.0
ноутбук acer aspire 5 a515-56g-3326,27.0,0.0,21,2,1,13,12.0,0.0,1.0,2.0,25,0.0,1.0,0,0.0,0.0,4.0,2,0,250.0,3.0,60.0,9,8.0,1.9,60380.0,0.0,2.0,0.0,0.0
ноутбук acer aspire 3 a315-35-c94j,0.0,0.0,64,2,1,13,12.0,0.0,0.0,2.0,21,0.0,1.0,0,0.0,0.0,2.0,2,0,250.0,2.0,60.0,9,4.0,1.9,32990.0,0.0,2.0,0.0,0.0
ноутбук acer aspire 3 a315-35-c9cz,0.0,0.0,64,2,1,13,12.0,4.0,0.0,2.0,21,0.0,1.0,0,0.0,0.0,2.0,2,0,250.0,2.0,60.0,3,4.0,1.9,33990.0,0.0,2.0,0.0,0.0
ноутбук acer aspire 3 a315-59-71nd slim,0.0,0.0,62,2,1,13,12.0,0.0,0.0,10.0,74,0.0,1.0,0,0.0,0.0,12.0,2,0,250.0,3.0,60.0,3,16.0,1.77,69990.0,0.0,2.0,0.0,0.0
ноутбук acer aspire 3 a315-56-73k8,27.0,0.0,59,2,1,13,12.0,0.0,0.0,4.0,67,0.0,1.0,0,0.0,0.0,8.0,2,0,250.0,2.0,60.0,3,8.0,1.9,55990.0,0.0,4.0,0.0,0.0
ноутбук acer aspire 3 a315-59-57n3 slim,0.0,0.0,62,2,1,13,12.0,0.0,0.0,10.0,42,0.0,1.0,0,0.0,0.0,12.0,2,0,250.0,3.0,60.0,3,8.0,1.77,55990.0,0.0,2.0,0.0,0.0
‌,0.0,0.0,62,2,1,13,12.0,0.0,0.0,10.0,42,0.0,1.0,0,0.0,0.0,12.0,2,0,250.0,3.0,60.0,9,8.0,1.77,55990.0,0.0,2.0,0.0,0.0
ноутбук acer aspire 3 a315-59-30qr slim,0.0,0.0,0,5,0,0,0.0,5.0,0.0,0.0,0,0.0,0.0,0,0.0,0.0,0.0,0,0,0.0,3.0,0.0,0,0.0,1.77,54990.0,0.0,0.0,0.0,0.0
ноутбук acer swift 3 sf314-43-r16v,0.0,1.0,3,2,1,6,12.0,0.0,0.0,6.0,125,0.0,1.0,0,0.0,0.0,12.0,2,0,250.0,3.0,60.0,3,8.0,1.2,62840.0,0.0,6.0,0.0,0.0
ноутбук acer swift 3 sf314-43-r3kd,0.0,1.0,3,2,1,6,12.0,0.0,0.0,6.0,125,0.0,1.0,0,0.0,0.0,12.0,2,0,250.0,3.0,60.0,9,8.0,1.2,67990.0,0.0,6.0,0.0,0.0
ноутбук acer swift 3 sf314-43-r0mr,0.0,1.0,3,2,1,6,12.0,0.0,0.0,4.0,118,0.0,1.0,0,0.0,0.0,8.0,2,0,250.0,3.0,60.0,3,8.0,1.2,57990.0,0.0,4.0,0.0,0.0
ноутбук acer swift 3 sf314-512-57y7,0.0,0.0,62,2,1,6,12.0,0.0,0.0,12.0,43,0.0,1.0,0,0.0,0.0,16.0,2,0,300.0,3.0,60.0,9,8.0,1.25,86990.0,0.0,4.0,0.0,0.0
ноутбук acer swift 3 sf314-512-55n3,0.0,0.0,62,2,1,6,12.0,0.0,0.0,12.0,43,0.0,1.0,0,0.0,0.0,16.0,2,0,300.0,3.0,60.0,3,8.0,1.25,69390.0,0.0,4.0,0.0,0.0
ноутбук acer swift 3 sf314-512-36yl,0.0,0.0,64,2,1,6,12.0,0.0,0.0,10.0,27,0.0,1.0,0,0.0,0.0,12.0,2,0,300.0,3.0,60.0,3,8.0,1.25,56900.0,0.0,2.0,0.0,0.0
ноутбук acer swift 3 sf314-512-305m,0.0,0.0,64,2,1,6,12.0,0.0,0.0,10.0,27,0.0,1.0,0,0.0,0.0,12.0,2,0,300.0,3.0,60.0,9,8.0,1.25,74570.0,0.0,2.0,0.0,0.0
ноутбук acer swift 3 sf314-512-37zf,0.0,0.0,64,2,1,6,12.0,0.0,0.0,10.0,27,0.0,1.0,0,0.0,0.0,12.0,2,0,300.0,3.0,60.0,3,8.0,1.25,72330.0,0.0,2.0,0.0,0.0
ноутбук hp 15-dw4028nia,0.0,0.0,22,2,1,13,12.0,0.0,1.0,10.0,74,0.0,1.0,0,0.0,0.0,12.0,2,0,250.0,3.0,0.0,4,8.0,1.75,64290.0,0.0,2.0,0.0,0.0
ноутбук hp 15-dw4026nia,0.0,0.0,22,2,1,13,12.0,0.0,1.0,10.0,74,0.0,1.0,0,0.0,0.0,12.0,2,0,250.0,3.0,0.0,4,8.0,1.75,64290.0,0.0,2.0,0.0,0.0
ноутбук hp 15-dw4002nia,0.0,0.0,22,2,1,13,12.0,0.0,1.0,10.0,42,0.0,1.0,0,0.0,0.0,12.0,2,0,250.0,3.0,0.0,4,8.0,1.75,63050.0,0.0,2.0,0.0,0.0
ноутбук samsung galaxy book np750,0.0,0.0,62,5,1,13,12.0,0.0,2.0,4.0,38,0.0,1.0,0,0.0,0.0,8.0,2,1,300.0,0.0,0.0,9,8.0,1.55,60760.0,0.0,4.0,0.0,0.0
ноутбук hp 255 g8,0.0,0.0,3,2,1,13,12.0,0.0,1.0,4.0,118,0.0,1.0,0,0.0,0.0,8.0,2,0,250.0,3.0,0.0,4,8.0,1.74,56480.0,0.0,4.0,0.0,1.0
ноутбук dell vostro 3510,35.0,0.0,20,9,1,13,12.0,4.5,0.0,4.0,70,0.0,1.0,0,0.0,0.0,8.0,2,1,220.0,3.0,60.0,4,8.0,1.69,75130.0,0.0,4.0,0.0,0.0
ноутбук lenovo ideapad 3 15alc6,0.0,0.0,3,2,1,13,12.0,0.0,1.0,8.0,136,0.0,1.0,0,0.0,0.0,16.0,0,0,300.0,2.0,60.0,10,16.0,1.65,84990.0,0.0,8.0,0.0,1.0
ноутбук игровой hp victus 16-e0146ur,0.0,0.0,27,2,1,15,12.0,0.0,1.0,6.0,126,0.0,1.0,0,0.0,0.0,12.0,2,0,250.0,4.0,60.0,4,8.0,2.46,96050.0,1.0,6.0,0.0,2.0
ноутбук игровой asus tuf gaming a17 fa707rm-hx031,0.0,0.0,32,2,1,18,12.0,0.0,2.0,8.0,141,0.0,1.0,0,0.0,0.0,16.0,2,0,250.0,4.0,144.0,10,16.0,2.6,130860.0,1.0,8.0,0.0,2.0
ноутбук tecno megabook t1,16.0,1.0,64,2,1,13,12.0,5.0,0.0,2.0,23,0.0,1.0,0,6060.0,0.0,4.0,2,0,0.0,3.0,60.0,8,12.0,1.56,41990.0,0.0,2.0,0.0,2.0
ноутбук игровой asus tuf gaming a15 fa507rc-hn059,0.0,0.0,29,2,1,13,12.0,0.0,1.0,8.0,140,0.0,1.0,0,0.0,0.0,16.0,2,0,250.0,4.0,144.0,10,8.0,2.2,88820.0,1.0,8.0,0.0,2.0
ноутбук apple macbook pro a2338,0.0,0.0,0,2,1,4,12.0,0.0,0.0,8.0,8,0.0,1.0,0,0.0,0.0,8.0,1,1,500.0,0.0,0.0,7,8.0,1.4,188990.0,0.0,4.0,0.0,0.0
ноутбук lenovo ideapad 3 15iau7,0.0,0.0,64,2,1,13,12.0,5.0,1.0,6.0,26,0.0,1.0,0,0.0,0.0,8.0,2,0,300.0,0.0,60.0,10,8.0,1.63,52260.0,0.0,2.0,0.0,1.0
‌,0.0,0.0,64,8,1,4,12.0,0.0,1.0,4.0,33,0.0,1.0,0,0.0,0.0,8.0,2,0,250.0,6.0,0.0,4,8.0,1.29,52260.0,0.0,4.0,0.0,0.0
ноутбук acer aspire 3 a315-59g-782h пу,0.0,0.0,22,2,1,13,12.0,0.0,0.0,10.0,74,0.0,1.0,0,0.0,0.0,12.0,2,0,0.0,3.0,0.0,3,8.0,1.77,71510.0,0.0,2.0,0.0,0.0
ноутбук hp probook 450 g8,0.0,0.0,62,2,1,13,12.0,0.0,1.0,4.0,38,0.0,1.0,0,0.0,0.0,8.0,2,0,250.0,3.0,0.0,9,8.0,1.74,127520.0,0.0,4.0,0.0,2.0
ноутбук hp elitebook 840 g8,0.0,0.0,62,2,1,6,12.0,0.0,2.0,4.0,38,0.0,1.0,0,0.0,0.0,8.0,2,0,0.0,3.0,0.0,9,8.0,1.32,134660.0,0.0,4.0,0.0,0.0
ноутбук hp elitebook 830 g8,0.0,0.0,62,5,1,4,12.0,0.0,0.0,4.0,40,0.0,1.0,0,0.0,0.0,8.0,2,0,0.0,3.0,60.0,9,16.0,1.35,195620.0,0.0,4.0,0.0,2.0
ноутбук hp elitebook 830 g8,0.0,0.0,62,5,1,4,12.0,0.0,0.0,4.0,40,0.0,1.0,0,0.0,0.0,8.0,2,0,0.0,3.0,60.0,9,16.0,1.35,201520.0,0.0,4.0,0.0,2.0
ноутбук hp elitebook 840 g8,0.0,0.0,62,2,1,6,12.0,0.0,2.0,4.0,40,0.0,1.0,0,0.0,0.0,8.0,2,0,0.0,3.0,0.0,9,16.0,1.32,219340.0,0.0,4.0,0.0,0.0
ноутбук apple macbook pro a2485,0.0,0.0,0,5,1,16,12.0,0.0,0.0,10.0,5,0.0,1.0,0,0.0,0.0,10.0,1,5,1600.0,0.0,120.0,7,32.0,2.15,303990.0,0.0,8.0,0.0,0.0
ноутбук hp elitebook 840 g9,0.0,0.0,62,2,1,6,12.0,0.0,0.0,10.0,42,0.0,1.0,0,0.0,0.0,12.0,1,0,400.0,3.0,0.0,4,16.0,1.36,157140.0,0.0,2.0,0.0,2.0
ноутбук apple macbook pro a2485,0.0,0.0,0,5,1,16,12.0,0.0,0.0,10.0,3,0.0,1.0,0,0.0,0.0,10.0,1,2,1600.0,0.0,0.0,7,64.0,2.17,450350.0,0.0,8.0,0.0,0.0
ноутбук acer aspire 3 a315-59g-741j,0.0,0.0,22,2,1,13,12.0,0.0,0.0,10.0,74,0.0,1.0,0,0.0,0.0,12.0,2,0,0.0,3.0,0.0,3,16.0,1.77,70990.0,0.0,2.0,0.0,0.0
ноутбук acer aspire 3 a315-59-52b0,0.0,0.0,62,5,1,13,12.0,0.0,0.0,10.0,42,0.0,1.0,0,0.0,0.0,12.0,0,0,0.0,3.0,0.0,3,8.0,1.77,52700.0,0.0,2.0,0.0,0.0
ноутбук hp probook 440 g8,0.0,0.0,62,2,1,0,12.0,0.0,0.0,4.0,70,0.0,1.0,0,0.0,0.0,8.0,2,0,250.0,3.0,0.0,4,8.0,1.38,120190.0,0.0,4.0,0.0,2.0
ноутбук lenovo v15 g2 itl,0.0,0.0,20,8,1,13,12.0,5.0,1.0,4.0,38,0.0,1.0,0,0.0,0.0,8.0,2,5,250.0,0.0,0.0,10,8.0,1.7,49990.0,0.0,4.0,0.0,1.0
ноутбук iru калибр 15clg2,0.0,0.0,60,2,1,13,12.0,0.0,0.0,4.0,50,0.0,1.0,0,4250.0,0.0,8.0,2,0,0.0,0.0,0.0,4,8.0,1.845,49600.0,0.0,4.0,0.0,0.0
ноутбук hp 255 g9,0.0,0.0,3,2,1,13,12.0,0.0,0.0,4.0,120,0.0,1.0,0,0.0,0.0,8.0,2,0,250.0,3.0,0.0,4,8.0,1.74,60990.0,0.0,4.0,0.0,2.0
ноутбук samsung galaxy book np750,0.0,0.0,62,5,1,13,12.0,5.0,2.0,4.0,38,0.0,1.0,0,0.0,0.0,8.0,2,2,300.0,0.0,0.0,9,8.0,1.55,63990.0,0.0,4.0,0.0,0.0
ноутбук samsung galaxy book np750,0.0,0.0,64,5,1,13,12.0,0.0,2.0,2.0,25,0.0,1.0,0,0.0,0.0,4.0,2,2,300.0,0.0,0.0,9,8.0,1.55,50820.0,0.0,2.0,0.0,0.0
ноутбук hp elitebook 830 g9,0.0,0.0,62,2,1,4,12.0,0.0,0.0,10.0,74,0.0,1.0,0,0.0,0.0,12.0,1,0,250.0,3.0,0.0,9,16.0,1.27,211080.0,0.0,2.0,0.0,0.0
ноутбук hp probook 450 g8,0.0,1.0,62,2,1,13,12.0,0.0,0.0,4.0,38,0.0,1.0,0,0.0,0.0,8.0,2,0,250.0,3.0,0.0,9,8.0,1.74,129800.0,0.0,4.0,0.0,2.0
ноутбук hp 250 g9,0.0,0.0,64,2,1,13,12.0,0.0,0.0,6.0,26,0.0,1.0,0,0.0,0.0,8.0,0,0,250.0,3.0,0.0,4,8.0,1.74,55250.0,0.0,2.0,0.0,2.0
ноутбук hp probook 450 g9,0.0,0.0,23,2,1,13,12.0,0.0,1.0,10.0,74,0.0,1.0,0,0.0,0.0,12.0,2,0,250.0,3.0,0.0,4,8.0,1.74,116530.0,0.0,2.0,0.0,2.0
ноутбук asus vivobook pro 14 oled m3401qa-km016w,0.2,0.0,3,6,1,6,12.0,0.0,1.0,6.0,126,0.0,1.0,0,0.0,0.0,12.0,1,0,600.0,3.0,90.0,9,8.0,1.4,71650.0,0.0,6.0,0.0,0.0
ноутбук chuwi corebook x 14,0.0,0.0,64,2,1,6,12.0,4.0,1.0,6.0,26,0.0,1.0,0,4000.0,0.0,8.0,4,0,0.0,0.0,0.0,9,8.0,1.5,42990.0,0.0,2.0,0.0,0.0
ноутбук hp probook 450 g9,0.0,0.0,62,2,1,13,12.0,0.0,1.0,10.0,42,0.0,1.0,0,0.0,0.0,12.0,2,0,250.0,3.0,0.0,9,16.0,1.74,151990.0,0.0,2.0,0.0,2.0
ноутбук игровой hp zbook studio g8,0.0,0.0,88,2,1,13,12.0,0.0,0.0,8.0,73,0.0,1.0,0,0.0,0.0,16.0,2,0,400.0,6.0,60.0,9,16.0,1.79,240480.0,1.0,8.0,0.0,0.0
ноутбук hp zbook studio g8,0.0,0.0,75,2,1,13,12.0,0.0,0.0,8.0,73,0.0,1.0,0,0.0,0.0,16.0,2,0,400.0,6.0,0.0,9,16.0,1.79,193990.0,0.0,8.0,0.0,0.0
ноутбук hp elitebook 840 g9,0.0,0.0,62,2,1,6,12.0,0.0,0.0,10.0,42,0.0,1.0,0,0.0,0.0,12.0,1,0,250.0,3.0,0.0,9,8.0,1.36,148430.0,0.0,2.0,0.0,2.0
ноутбук lenovo thinkpad x1 carbon g10,0.0,0.0,62,2,1,6,12.0,0.0,0.0,10.0,76,0.0,1.0,0,0.0,0.0,12.0,1,0,300.0,0.0,0.0,9,16.0,1.12,283870.0,0.0,2.0,0.0,0.0
ноутбук lenovo thinkpad x1 carbon g10,0.0,0.0,0,5,0,0,0.0,0.0,0.0,0.0,0,0.0,0.0,0,0.0,0.0,0.0,0,0,0.0,0.0,0.0,0,0.0,1.12,264100.0,0.0,0.0,0.0,0.0
ноутбук lenovo thinkpad x1 carbon g10,0.0,0.0,62,2,1,6,12.0,0.0,0.0,10.0,76,0.0,1.0,0,0.0,0.0,12.0,1,0,300.0,0.0,0.0,4,16.0,1.12,249570.0,0.0,2.0,0.0,0.0
ноутбук lenovo thinkpad x1 carbon g10,0.0,0.0,62,2,1,6,12.0,0.0,0.0,10.0,76,0.0,1.0,0,0.0,0.0,12.0,1,0,400.0,0.0,0.0,9,16.0,1.12,263140.0,0.0,2.0,0.0,0.0
ноутбук lenovo thinkpad x1 carbon g10,0.0,0.0,62,2,1,6,12.0,0.0,0.0,10.0,76,0.0,1.0,0,0.0,0.0,12.0,1,0,400.0,0.0,0.0,9,16.0,1.12,259950.0,0.0,2.0,0.0,0.0
ноутбук lenovo thinkpad x1 carbon g10,0.0,0.0,62,2,1,6,12.0,0.0,0.0,10.0,76,0.0,1.0,0,0.0,0.0,12.0,1,0,400.0,0.0,0.0,4,16.0,1.12,250990.0,0.0,2.0,0.0,0.0
ноутбук lenovo thinkpad x1 carbon g10,0.0,0.0,62,2,1,6,12.0,0.0,0.0,10.0,42,0.0,1.0,0,0.0,0.0,12.0,1,0,400.0,0.0,0.0,9,16.0,1.12,255310.0,0.0,2.0,0.0,0.0
ноутбук lenovo thinkpad x1 carbon g10,0.0,0.0,62,2,1,6,12.0,0.0,0.0,10.0,42,0.0,1.0,0,0.0,0.0,12.0,1,0,400.0,0.0,0.0,4,16.0,1.12,228630.0,0.0,2.0,0.0,0.0
ноутбук lenovo thinkpad t14 gen 2,0.0,0.0,62,2,1,6,12.0,0.0,0.0,4.0,38,0.0,1.0,0,0.0,0.0,8.0,2,0,300.0,0.0,60.0,9,8.0,1.53,100990.0,0.0,4.0,0.0,1.0
ноутбук hp probook 450 g8,0.0,0.0,62,2,1,13,12.0,0.0,1.0,4.0,38,0.0,1.0,0,0.0,0.0,8.0,2,0,250.0,3.0,0.0,9,16.0,1.74,161650.0,0.0,4.0,0.0,2.0
ноутбук dell latitude 3510,0.0,0.0,64,2,1,13,12.0,4.0,1.0,2.0,24,0.0,1.0,0,3378.0,0.0,4.0,2,0,0.0,3.0,60.0,8,8.0,1.9,54070.0,0.0,2.0,0.0,2.0
ноутбук hp probook 455 g8,0.0,0.0,3,2,1,13,12.0,0.0,0.0,6.0,127,0.0,1.0,0,0.0,0.0,12.0,2,0,250.0,3.0,0.0,4,8.0,1.74,127270.0,0.0,6.0,0.0,2.0
ноутбук hp probook 450 g8,0.0,0.0,21,2,1,13,12.0,0.0,1.0,4.0,38,0.0,1.0,0,0.0,0.0,8.0,2,0,250.0,3.0,0.0,4,8.0,1.74,98990.0,0.0,4.0,0.0,2.0
