Название,Цена,Рейтинг,Количество отзывов,Страна,Гарантия,Операционная система,Потребляемая мощность,Диагональ,Технология,Разрешение экрана,Поддержка HDR,Воспроизведение видео через USB,Smart TV,Управление,Таймер выключения,Часы,Защита от детей,Телетекст,Функция TimeShift,Запись телепередач (PVR),Разъем для модуля DVB CAM (слот CI),Стандарт VESA,Смартфон в качестве пульта ДУ,Пульт ДУ,Технология HDMI ARC,Цифровое шумоподавление,Поддерживаемые цифровые стандарты,Тип звуковой системы,Суммарная мощность,Композитный вход,Аудиовход RCA,Компонентный,Аудиовыход RCA,HDMI,Версия HDMI,Вход для ПК,Коаксиальный аудиовыход,Оптический аудиовыход,Оптический аудиовход,Выход для наушников,USB,Количество разъемов USB,Ethernet (LAN),Bluetooth,Wi-Fi,Вход 3.5 мм аудио,Вход 3.5 мм аудио/видео,Выход 3.5 мм аудио,Выход 3.5 мм аудио/видео,Подставка,Высота с подставкой,Ширина с подставкой,Глубина с подставкой,Высота,Ширина,Глубина,Вес с подставкой,Вес без подставки,Цвет,Формат,Цветовая система,Кол-во встроенных динамиков,Мощность,Вес,Контрастность,Коаксиальный аудиовход,Версия ОС на начало продаж,Яркость,Объем встроенной памяти,Объем оперативной памяти,Частота обновления,Угол обзора по вертикали,Угол обзора по горизонтали,Время отклика,Таймер включения,Любимые каналы,Масштабирование,Тип матрицы,Технологии улучшения изображения,Тип светодиодной подсветки,Объемное звучание,Эквалайзер,Акустическая схема,Гид по программам,Модель процессора,Количество ядер процессора,Производитель процессора,Автоматическая регулировка громкости,eARC,Батарейки для пульта ДУ,Поддерживаемые форматы,NFC,Композитный выход,Родительский контроль,Количество тюнеров,Слот для карт памяти,Динамическая контрастность,Технологии улучшения звука,Подсветка Ambilight,Картинка в картинке (PIP),Встроенный DVD-плеер,Встроенный сабвуфер,Мощность сабвуфера,Прогрессивная развертка,Изменение формата,Регулировка контрастности,Предустановки изображения,Русифицированное меню,Синий экран,Автоматическая настройка,Ручная настройка,Предустановки,SCART,Список программ,Частота процессора,Изогнутый экран
Характеристики Haier 55 Smart TV S7 DH1VMED01RU,59 999 р.,,,Китай,1 год,Android TV,250 Вт,"55"" (139.7 см) ",QLED ,3840x2160 Пикс (4K Ultra HD) ,Есть ,Есть ,Есть ,Голосом ,Есть,,Есть,,Есть,Есть,Есть,,Есть,,Есть,Есть,"DVB-C, DVB-T, DVB-S2, DVB-T2 ","Dolby Atmos, dbx-tv, Simulated Surround Sound",26 Вт,Есть,Есть,,Есть,4 ,2.1,,,Есть,Есть,Есть,Есть ,2,Есть ,Есть,Есть ,1,1,1,1,Есть ,,,,,,,,,,,,,,,,,,,,,,,,,,,,,,,,,,,,,,,,,,,,,,,,,,,,,,,,,,,,,,,,,,
"LED телевизор 24"" Витязь 24LH0201",4 999 р.,5,670,Беларусь,1 год,,,"24"" (61 см) ",LED ,1366x768 Пикс (HD-Ready) ,,Есть ,,,Есть,Есть ,Есть,Есть ,,,Есть,100x100 ,,Есть,,Есть,"DVB-C, DVB-S, DVB-T, DVB-S2, DVB-T2 ",Dolby Digital Plus,,,Есть,Есть,,1 ,1.4,Есть,Есть,,,Есть,,1,,,,,,,,Есть ,,,,37.5 см,56 см,16 см,,,Черный ,16:9,"PAL, SECAM",2 ,2x3 Вт,2.5 кг,,,,,,,,,,,,,,,,,,,,,,,,,,,,,,,,,,,,,,,,,,,,,,,,,,,,
"LED телевизор 40"" Hi VHIX-40F152MSY",10 999 р.,4,251,Беларусь,1 год,Яндекс.ТВ,68 Вт,"40"" (101.6 см) ",LED ,1920x1080 Пикс (Full HD) ,,Есть ,Есть ,,Есть,Есть ,Есть,Есть ,,,,,,Есть,,Есть,"DVB-C, DVB-S2, DVB-T2 ",Dolby Digital,,,,Есть,,1 ,,,Есть,,,Есть,Есть ,2,Есть ,,Есть ,,,,,Есть ,,,,60.4 см,98.8 см,19.2 см,,,Черный ,16:9,"PAL, SECAM",2 ,8 Вт,7 кг,1200:1,Есть,,,,,,,,,,,,,,,,,,,,,,,,,,,,,,,,,,,,,,,,,,,,,,,,,,
"LED телевизор 32"" Artel UA32H3200",14 999 р.,5,148,Узбекистан,1 год,Android TV,45 Вт,"32"" (81.3 см) ",LED ,1366x768 Пикс (HD-Ready) ,,,Есть ,Голосом ,,,,,,Есть,Есть,,,Есть,,Есть,"DVB-C, DVB-S, DVB-T, DVB-S2, DVB-T2 ",,,Есть,,,,1 ,,,,Есть,,Есть,Есть ,2,Есть ,Есть,Есть ,,,,,Есть ,47.71 см,73.23 см,18.12 см,43.99 см,73.23 см,8.5 см,,,,16:9,"PAL, SECAM",2 ,20 Вт,,1000:1,,9.0,240 кд/м² ,8 ГБ,1.5 ГБ,,,,,,,,,,,,,,,,,,,,,,,,,,,,,,,,,,,,,,,,,,,,,,
"Ultra HD (4K) QLED телевизор 65"" Haier 65 Smart TV AX Pro",59 999 р.,5,73,Китай,1 год,Android TV,150 Вт,"65"" (165.1 см) ",QLED ,3840x2160 Пикс (4K Ultra HD) ,Есть ,Есть ,Есть ,Голосом ,Есть,Есть ,Есть,,Есть,Есть,,,Есть,,Есть,Есть,"DVB-C, DVB-S, DVB-T, DVB-C2, DVB-S2, DVB-T2 ",NICAM стерео,26 Вт,Есть,Есть,Есть,,4 ,2.1,,,,,,,,,,,,,,,,,,,,,,,,,16:9,"PAL, SECAM",2 ,13 Вт,,5000:1,,11.0,350 кд/м² ,,,60 Гц ,176 °,176 ° ,8 мс,Есть,Есть,Есть,,,,,,,,,,,,,,,,,,,,,,,,,,,,,,,,,,,,,,,
"LED телевизор 24"" Витязь 24LH0201",4 999 р.,5,669,Беларусь,1 год,,,"24"" (61 см) ",LED ,1366x768 Пикс (HD-Ready) ,,Есть ,,,Есть,Есть ,Есть,Есть ,,,Есть,100x100 ,,Есть,,Есть,"DVB-C, DVB-S, DVB-T, DVB-S2, DVB-T2 ",Dolby Digital Plus,,,Есть,Есть,,1 ,1.4,Есть,Есть,,,Есть,,1,,,,,,,,Есть ,,,,37.5 см,56 см,16 см,,,Черный ,16:9,"PAL, SECAM",2 ,2x3 Вт,2.5 кг,,,,,,,,,,,,,,,,,,,,,,,,,,,,,,,,,,,,,,,,,,,,,,,,,,,,
"LED телевизор 40"" Hi VHIX-40F152MSY",10 999 р.,4,252,Беларусь,1 год,Яндекс.ТВ,68 Вт,"40"" (101.6 см) ",LED ,1920x1080 Пикс (Full HD) ,,Есть ,Есть ,,Есть,Есть ,Есть,Есть ,,,,,,Есть,,Есть,"DVB-C, DVB-S2, DVB-T2 ",Dolby Digital,,,,Есть,,1 ,,,Есть,,,Есть,Есть ,2,Есть ,,Есть ,,,,,Есть ,,,,60.4 см,98.8 см,19.2 см,,,Черный ,16:9,"PAL, SECAM",2 ,8 Вт,7 кг,1200:1,Есть,,,,,,,,,,,,,,,,,,,,,,,,,,,,,,,,,,,,,,,,,,,,,,,,,,
"LED телевизор 32"" Artel UA32H3200",14 999 р.,5,148,Узбекистан,1 год,Android TV,45 Вт,"32"" (81.3 см) ",LED ,1366x768 Пикс (HD-Ready) ,,,Есть ,Голосом ,,,,,,Есть,Есть,,,Есть,,Есть,"DVB-C, DVB-S, DVB-T, DVB-S2, DVB-T2 ",,,Есть,,,,1 ,,,,Есть,,Есть,Есть ,2,Есть ,Есть,Есть ,,,,,Есть ,47.71 см,73.23 см,18.12 см,43.99 см,73.23 см,8.5 см,,,,16:9,"PAL, SECAM",2 ,20 Вт,,1000:1,,9.0,240 кд/м² ,8 ГБ,1.5 ГБ,,,,,,,,,,,,,,,,,,,,,,,,,,,,,,,,,,,,,,,,,,,,,,
"Ultra HD (4K) QLED телевизор 65"" Haier 65 Smart TV AX Pro",59 999 р.,5,73,Китай,1 год,Android TV,150 Вт,"65"" (165.1 см) ",QLED ,3840x2160 Пикс (4K Ultra HD) ,Есть ,Есть ,Есть ,Голосом ,Есть,Есть ,Есть,,Есть,Есть,,,Есть,,Есть,Есть,"DVB-C, DVB-S, DVB-T, DVB-C2, DVB-S2, DVB-T2 ",NICAM стерео,26 Вт,Есть,Есть,Есть,,4 ,2.1,,,,,,,,,,,,,,,,,,,,,,,,,16:9,"PAL, SECAM",2 ,13 Вт,,5000:1,,11.0,350 кд/м² ,,,60 Гц ,176 °,176 ° ,8 мс,Есть,Есть,Есть,,,,,,,,,,,,,,,,,,,,,,,,,,,,,,,,,,,,,,,
"Ultra HD (4K) LED телевизор 65"" Toshiba 65C350LE",49 999 р.,5,16,Китай,1 год,VIDAA,160 Вт,"65"" (165.1 см) ",QLED ,3840x2160 Пикс (4K Ultra HD) ,Есть ,Есть ,Есть ,Голосом ,Есть,,Есть,,Есть,Есть,Есть,400x300 ,Есть,,Есть,Есть,"DVB-C, DVB-S, DVB-T, DVB-S2, DVB-T2 ",DTS Virtual X,,,,,,3 ,2.1,,,,,Есть,Есть ,2,Есть ,Есть,Есть ,,,,,,,,,,,,,,,16:9,"PAL, SECAM",2 ,20 Вт,,,,5.0,,,,60 Гц ,,,,,,Есть,IPS,UHD 4K 1600,,,,,,,,,,,,,,,,,,,,,,,,,,,,,,,,,,,,,
"LED телевизор 32"" SKYWORTH 32STE6600",12 999 р.,5,11,Беларусь,1 год,Android TV,60 Вт,"32"" (81.3 см) ",LED ,1366x768 Пикс (HD-Ready) ,Есть ,Есть ,Есть ,Голосом ,,,Есть,,Есть,,Есть,200x200 ,,,,,"DVB-C, DVB-S, DVB-T, DVB-S2, DVB-T2 ",Dolby Digital; Dolby Digital Plus,,,,,,2 ,1.4,,,,,Есть,Есть ,3,Есть ,Есть,Есть ,,1,,,Есть ,,,,,,,,,,16:9,"NTSC, PAL, SECAM",2 ,16 Вт,,1100:1,,,200 кд/м² ,8 ГБ,1.5 ГБ,60 Гц ,178 °,178 ° ,8 мс,,,,,,Direct LED,,,,,,,,,,,,,,,,,,,,,,,,,,,,,,,,,,,,
"Ultra HD (4K) LED телевизор 50"" Haier 50 Smart TV S3",34 999 р.,5,31,Китай,1 год,Android TV,150 Вт,"50"" (127 см) ",QLED ,3840x2160 Пикс (4K Ultra HD) ,Есть ,Есть ,Есть ,Голосом ,Есть,Есть ,Есть,,Есть,Есть,,,,,Есть,Есть,"DVB-C, DVB-S, DVB-T, DVB-S2, DVB-T2 ",NICAM стерео,,Есть,Есть,,Есть,4 ,2.1,,,Есть,,,,,,,,,,,,,,,,,,,,,,16:9,"PAL, SECAM",2 ,30 Вт,,5000:1,,11,320 кд/м² ,,,60 Гц ,178 °,178 ° ,8 мс,Есть,,Есть,,,,Есть,Есть,,,,,,,,,,,,,,,,,,,,,,,,,,,,,,,,,,
"Ultra HD (4K) LED телевизор 43"" Philips 43PUS7406/60",19 999 р.,4,65,Россия,1 год,Android TV,,"43"" (109.2 см) ",LED ,3840x2160 Пикс (4K Ultra HD) ,Есть ,Есть ,Есть ,,Есть,Есть ,Есть,,,,Есть,100x200 ,,Есть,Есть,Есть,"DVB-C, DVB-S, DVB-T, DVB-S2, DVB-T2 ",Dolby Atmos,,,,,,4 ,2.0,,,Есть,,Есть,Есть ,2,Есть ,Есть,Есть ,,,,,Есть ,,,,59.05 см,95.84 см,,,,,16:9,"PAL, SECAM",2 ,20 Вт,,,,Android 10.0,350 кд/м² ,,,60 Гц ,,,,,,,,,,,,2.0,,,,,,,,,,,,,,,,,,,,,,,,,,,,,,,,,
"Ultra HD (4K) LED телевизор 43"" Toshiba 43C350LE",29 999 р.,5,16,Китай,1 год,VIDAA,100 Вт,"43"" (109.2 см) ",LED ,3840x2160 Пикс (4K Ultra HD) ,Есть ,Есть ,Есть ,,Есть,,Есть,,Есть,Есть,Есть,,Есть,Есть,Есть,Есть,"DVB-C, DVB-S, DVB-T, DVB-S2, DVB-T2 ",DTS Virtual X,,Есть,,,,3 ,2.1,,,,,Есть,Есть ,2,Есть ,Есть,Есть ,,,,,Есть ,,,,,,,,,,16:9,"PAL, SECAM",2 ,16 Вт,,,,5.0,,,,60 Гц ,,,,,,Есть,VA,"HDR10+, HLG, Dolby Vision 1700",,,,,,,,,,,,,,,,,,,,,,,,,,,,,,,,,,,,,
"Ultra HD (4K) LED телевизор 55"" Samsung UE55BU8000U",54 999 р.,5,14,Узбекистан,1 год,Tizen,112 Вт,"55"" (139.7 см) ",LED ,3840x2160 Пикс (4K Ultra HD) ,Есть ,Есть ,Есть ,,,,,Есть ,,,Есть,200x200 ,,Есть,Есть,,"DVB-C, DVB-S2, DVB-T2 ",,,,,,,3 ,,,,Есть,,,Есть ,2,Есть ,Есть,Есть ,,,,,Есть ,74.78 см,123.21 см,22.88 см,70.88 см,123.21 см,,,,,16:9,,2 ,20 Вт,,,,,,,,50 Гц ,,,8 мс,,,Есть,,,,,,,Есть,Crystal Processor 4K,4,,,,,,,,,,,,,,,,,,,,,,,,,,,,,,
"LED телевизор 43"" Hi VHIX-43F169MSY",13 999 р.,4,139,Беларусь,1 год,Яндекс.ТВ,,"43"" (109.2 см) ",LED ,1920x1080 Пикс (Full HD) ,,Есть ,Есть ,Голосом ,Есть,Есть ,Есть,,,,,,,Есть,,Есть,"DVB-C, DVB-S, DVB-S2, DVB-T2 ",Dolby Digital 2.0,,,,Есть,,3 ,2.2,,Есть,,,Есть,Есть ,2,Есть ,Есть,Есть ,,,,,Есть ,,96.3 см,22.1 см,61.5 см,96.3 см,8 см,,,,16:9,"PAL, SECAM",2 ,2х8 Вт,7 кг,,Есть,,,,,60 Гц ,,,,,,,,,,,,,,,,,,,,,,,,,,,,,,,,,,,,,,,,,,,,,
"Ultra HD (4K) LED телевизор 65"" Haier 65 Smart TV S3",54 999 р.,5,10,Китай,1 год,Android TV,200 Вт,"65"" (165.1 см) ",QLED ,3840x2160 Пикс (4K Ultra HD) ,Есть ,Есть ,Есть ,Голосом ,Есть,Есть ,Есть,,Есть,Есть,,,,,Есть,Есть,"DVB-C, DVB-S, DVB-T, DVB-S2, DVB-T2 ",NICAM стерео,,Есть,Есть,,Есть,4 ,2.1,,,Есть,,,,,,,,,,,,,,,,,,,,,,16:9,"PAL, SECAM",2 ,30 Вт,,6000:1,,11,320 кд/м² ,,,60 Гц ,178 °,178 ° ,6.5 мс,Есть,,Есть,,,,Есть,Есть,,,,,,,,,,,,,,,,,,,,,,,,,,,,,,,,,,
"LED телевизор 32"" Hi VHIX-32F199MSA",8 999 р.,5,32,Беларусь,1 год,Android TV,55 Вт,"32"" (81.3 см) ",LED ,1920x1080 Пикс (Full HD) ,,Есть ,Есть ,,Есть,Есть ,Есть,,Есть,Есть,,100x100 ,,,Есть,Есть,"DVB-C, DVB-S, DVB-T, DVB-S2, DVB-T2 ",Dolby Audio,,,Есть,,,2 ,1.3,,Есть,,,Есть,Есть ,2,Есть ,,Есть ,,,,,,,,,,,,,,,16:9,"PAL, SECAM",,2х8 Вт,,,Есть,9.0,,8 ГБ,1 ГБ,60 Гц ,,,,,,,IPS,,,,,,,Cortex–A55*4,,ARM,,,,,,,,,,,,,,,,,,,,,,,,,,,,,
"Ultra HD (4K) OLED телевизор 65"" Haier H65S9UG Pro",119 999 р.,5,9,Китай,1 год,Android TV,420 Вт,"65"" (165.1 см) ",OLED ,3840x2160 Пикс (4K Ultra HD) ,Есть ,Есть ,Есть ,Голосом ,Есть,Есть ,Есть,,Есть,Есть,,,Есть,,Есть,Есть,"DVB-C, DVB-S, DVB-T, DVB-C2, DVB-S2, DVB-T2 ",NICAM стерео,,,,,,3 ,2.1,,,Есть,,Есть,,,,,,,,,,,,,,,,,,,,16:9,"PAL, SECAM",2 ,20 Вт,,,,Android 10,500 кд/м² ,,,120 Гц ,178 °,178 ° ,1 мс,Есть,Есть,Есть,,,,Есть,Есть,,,,,,Есть,,,,,,,,,,,,,,,,,,,,,,,,,,,,
"LED телевизор 32"" Candy Uno 32",12 999 р.,0,0,Россия,1 год,Android TV,55 Вт,"32"" (81.3 см) ",LED ,1366x768 Пикс (HD-Ready) ,Есть ,Есть ,Есть ,Голосом ,,,Есть,,Есть,Есть,,200x100 ,Есть,Есть,Есть,Есть,"DVB-C, DVB-T, DVB-S2, DVB-T2 ",Dolby Digital Decoding,,,Есть,Есть,Есть,3 ,1.4a,,,,,Есть,Есть ,2,Есть ,Есть,Есть ,,,,,Есть ,,,,,,,,,,16:9,,2 ,2х8 Вт,,,,11,,,,60 Гц ,,,,,,,,,Direct LED,Есть,,,,,,,,,,,,,,,,,,,,,,,,,,,,,,,,,,,
"Ultra HD (4K) LED телевизор 43"" Samsung UE43AU7002U",35 999 р.,5,5,Россия,1 год,Tizen,132 Вт,"43"" (109.2 см) ",LED ,3840x2160 Пикс (4K Ultra HD) ,,,Есть ,,Есть,,Есть,Есть ,Есть,Есть,Есть,200x200 ,Есть,Есть,,Есть,"DVB-C, DVB-S2, DVB-T2 ",Dolby Audio,,,,,,4 ,2.1,,,Есть,,,,,Есть ,Есть,Есть ,,,,,Есть ,63.09 см,95.84 см,21.75 см,56.82 см,,,,,,,,,60 Вт,,,,,,,,60 Гц ,,,,,,Есть,,Neo Quantum Processor 4K 4300,,,,,Есть,,,,,Есть,Есть,,,,,,,,,,,,,,,,,,,,,,,,,,
"LED телевизор 32"" Haier Smart TV MX",14 999 р.,4,163,Россия,1 год,Android TV,56 Вт,"32"" (81.3 см) ",LED ,1366x768 Пикс (HD-Ready) ,,,Есть ,Голосом ,Есть,Есть ,Есть,,Есть,Есть,Есть,200x100 ,Есть,Есть,,Есть,"DVB-C, DVB-S, DVB-T, DVB-C2, DVB-S2, DVB-T2 ",NICAM стерео,,,Есть,Есть,Есть,3 ,2.0,,,Есть,Есть,Есть,Есть ,2,Есть ,Есть,Есть ,,,,,,,,,,,,,,,16:9,"PAL, SECAM",2 ,2х8 Вт,,,,Android 9.0,,,,60 Гц ,,,,,,,,,,,,,,,,,,,,,,,,,,,,,,,,,,,,,,,,,,,,,
"Ultra HD (4K) LED телевизор 50"" Samsung UE50AU7002U",46 999 р.,5,8,Россия,1 год,Tizen,71 Вт,"50"" (127 см) ",LED ,3840x2160 Пикс (4K Ultra HD) ,Есть ,Есть ,Есть ,,Есть,Есть ,Есть,,Есть,Есть,Есть,200x200 ,Есть,,Есть,Есть,"DVB-C, DVB-S2, DVB-T2 ",Dolby Digital Plus,,,,,,3 ,2.0,,,Есть,,,Есть ,1,Есть ,,Есть ,,,,,Есть ,72.38 см,,,,,,,,,16:9,"PAL, SECAM",,20 Вт,,,,,,,,60 Гц ,,,,,,Есть,,,,,,,,UHD 4K,,,,,,,,,,,,,,,,,,,,,,,,,,,,,,,
"LED телевизор 40"" Toshiba 40V35LE",24 999 р.,5,26,Россия,1 год,Android TV,70 Вт,"40"" (101.6 см)",LED,1920x1080 Пикс (Full HD),,Есть,Есть,Голосом,Есть,Есть,Есть,,,,Есть,100x200,Есть,Есть,Есть,Есть,"DVB-C, DVB-S, DVB-T, DVB-S2, DVB-T2",DTS Virtual X,,Есть,,,,2,1.4,,,Есть,,,Есть,3,Есть,Есть,Есть,,,,,Есть,,,,,,,,,,16:9,"PAL, SECAM",2,14 Вт,,,Есть,11,,,,60 Гц,,,,,,,,PQI 1000,,,,,,,,,,,,,,,,,,,,,,,,,,,,,,,,,,,,,
"LED телевизор 32"" Витязь 32LH0202",24 999 р.,5,1179,Беларусь,1 год,,,"32"" (81.3 см) ",LED ,1366x768 Пикс (HD-Ready) ,,Есть ,,,Есть,Есть ,Есть,Есть ,,,Есть,200x100 ,,Есть,,Есть,"DVB-C, DVB-S, DVB-T, DVB-S2, DVB-T2 ",Dolby Digital Plus,,,Есть,Есть,,1 ,1.4,Есть,Есть,,,Есть,,1,,,,,,,,Есть ,47.4 см,73 см,18.7 см,42.8 см,73 см,9 см,,,Черный ,16:9,"PAL, SECAM",2 ,16 Вт,3.7 кг,,,,,,,,,,,,,,,,,,,,,,,,,,,,,,,,,,,,,,,,,,,,,,,,,,,,
"Ultra HD (4K) LED телевизор 50"" LG 50UQ76003LD",39 999 р.,5,13,Индонезия,1 год,WebOS,120 Вт,"50"" (127 см) ",LED ,3840x2160 Пикс (4K Ultra HD) ,Есть ,Есть ,Есть ,Голосом ,,,Есть,Есть ,Есть,,Есть,,Есть,Есть,,Есть,"DVB-C, DVB-S, DVB-T, DVB-C2, DVB-S2, DVB-T2 ",,,,,,,2 ,,,,Есть,,,Есть ,1,Есть ,Есть,Есть ,,,,,Есть ,72.2 см,113 см,,,,,,,,,,2 ,2 x 10 Вт,,,,,,,,60 Гц ,,,,,,,,,Direct LED,,,2.0,,,4,,,,Есть,"MP3, WMA",Есть,,,,,,,,,,,,,,,,,,,,,,,,
"Ultra HD (4K) LED телевизор 55"" Hisense 55A6BG",34 999 р.,5,168,Россия,1 год,VIDAA,130 Вт,"55"" (139.7 см) ",LED ,3840x2160 Пикс (4K Ultra HD) ,Есть ,Есть ,Есть ,Голосом ,Есть,,Есть,,Есть,Есть,Есть,,Есть,Есть,,Есть,"DVB-C, DVB-S, DVB-T, DVB-S2, DVB-T2 ",DTS Virtual X,,Есть,Есть,,,3 ,2.0,,,,,,Есть ,2,Есть ,Есть,Есть ,,,,,Есть ,77.3 см,,,,,,,,,16:9,"PAL, SECAM",2 ,2x8 Вт,,,,5.0,,,,60 Гц ,,,,,,Есть,,,,,,,,,,,,,,,,,,,,,,,,,,,,,,,,,,,,,,,
"Ultra HD (4K) LED телевизор 50"" Artel UA50H3502",44 999 р.,5,132,Узбекистан,1 год,Android TV,95 Вт,"50"" (127 см) ",LED ,3840x2160 Пикс (4K Ultra HD) ,,,,Голосом ,,,,,,Есть,Есть,,,Есть,,Есть,"DVB-S, DVB-T, DVB-S2, DVB-T2 ",,,Есть,,,,3 ,,,,Есть,,Есть,Есть ,2,Есть ,Есть,Есть ,,,,,Есть ,71.4 см,111.6 см,25.7 см,64.5 см,111.6 см,8.55 см,,,,16:9,"PAL, SECAM",2 ,20 Вт,,5000:1,,9.0,260 кд/м² ,16 ГБ,2 ГБ,60 Гц ,,,,,,,,,,,,,,,,,,,,,,,,,,,,,,,,,,,,,,,,,,,,,
"Ultra HD (4K) LED телевизор 65"" Hisense 65A6BG",49 999 р.,5,77,Китай,1 год,VIDAA,150 Вт,"65"" (165.1 см) ",LED ,3840x2160 Пикс (4K Ultra HD) ,Есть ,Есть ,Есть ,Голосом ,Есть,,Есть,,Есть,Есть,Есть,,Есть,,,Есть,"DVB-C, DVB-S, DVB-T, DVB-S2, DVB-T2 ",DTS Virtual X,,Есть,Есть,,,3 ,2.0,,,,,,Есть ,2,Есть ,Есть,Есть ,,,,,,,,,,,,,,,16:9,"PAL, SECAM",2 ,2х10 Вт,,1200:1,,,300 кд/м² ,,,60 Гц ,178 °,178 ° ,,,,Есть,,,,,,,,,,,,,,"AVI, MKV, JPEG",,,,,,,,,,,,,,,,,,,,,,,,,
"LED телевизор 32"" Artel A32KH5500",17 999 р.,5,138,Узбекистан,1 год,Android TV,45 Вт,"32"" (81.3 см) ",LED ,1366x768 Пикс (HD-Ready) ,,Есть ,Есть ,Голосом ,,Есть ,Есть,,,,,,,,,Есть,"DVB-C, DVB-S, DVB-T, DVB-C2, DVB-S2, DVB-T2 ",,20 Вт,Есть,,Есть,,2 ,,,,,,Есть,Есть ,2,Есть ,Есть,Есть ,,,,,Есть ,,,,47.5 см,72.6 см,8 см,,,Черный ,16:9,"PAL, SECAM",2 ,,4.2 кг,,,,,,,60 Гц ,,,,,,,,,,,,,,,,,,,,,,,,,,,,,,,,,,,,,,,,,,,,,
"Ultra HD (4K) LED телевизор 50"" Grundig 50 GFU 7800B",41 699 р.,5,78,Турция,1 год,Android TV,69.1 Вт,"50"" (127 см) ",LED ,3840x2160 Пикс (4K Ultra HD) ,Есть ,Есть ,Есть ,,Есть,,Есть,,Есть,Есть,,,Есть,Есть,Есть,Есть,"DVB-S, DVB-C2, DVB-T2 ",Dolby Digital,,,,,,3 ,2.0,,,,,,Есть ,2,,Есть,Есть ,,,,,Есть ,70.5 см,112.2 см,24 см,,,,,,Черный ,,"PAL, SECAM",,16 Вт,9 кг,,,Android 9.0,,,,60 Гц ,,,,,,Есть,,UHD 4K,,,,,,,,,,,,,,,,,,,,,,,,,,,,,,,,,,,,,
"LED телевизор 43"" Artel UA43H3401",28 999 р.,5,161,Узбекистан,1 год,Android TV,65 Вт,"43"" (109.2 см) ",LED ,1920x1080 Пикс (Full HD) ,,Есть ,Есть ,Голосом ,,Есть ,Есть,,,,,300x300 ,,Есть,,Есть,"DVB-C, DVB-S, DVB-T, DVB-C2, DVB-S2, DVB-T2 ",,,Есть,,Есть,,2 ,,,,,,Есть,Есть ,2,Есть ,Есть,Есть ,,,,,Есть ,61 см,96.2 см,21.2 см,,,,,,,16:9,"PAL, SECAM",2 ,20 Вт,,1500:1,,9.0,,8 ГБ,1.5 ГБ,60 Гц ,,,,,,,,,,,,,,,,,,,,,,,,,,,,,,,,,,,,,,,,,,,,,
"Ultra HD (4K) LED телевизор 43"" Яндекс с Алисой (YNDX-00071)",27 999 р.,5,57,Китай,1 год,"Яндекс.ТВ, Android TV",90 Вт,"43"" (109.2 см) ",LED ,3840x2160 Пикс (4K Ultra HD) ,Есть ,Есть ,Есть ,Голосом ,Есть,Есть ,Есть,,,,Есть,,Есть,,Есть,,"DVB-C, DVB-T, DVB-S2, DVB-T2 ",,,,,,,3 ,2.0,,,Есть,,,Есть ,2,Есть ,Есть,Есть ,,,,,,,,,,,,,,,16:9,"PAL, SECAM",2 ,16 Вт,,5000:1,,9.0,300 кд/м² ,16 ГБ,1.5 ГБ,60 Гц ,178 °,178 ° ,9.5 мс,,,Есть,,,Direct LED,,,,,,,,,,,,,,,,,,,,,,,,,,,,,,,,,,,,
"Ultra HD (4K) QLED телевизор 55"" Hisense 55E7HQ",44 999 р.,5,111,Россия,1 год,VIDAA,130 Вт,"55"" (139.7 см) ",QLED ,3840x2160 Пикс (4K Ultra HD) ,Есть ,Есть ,Есть ,Голосом ,,,Есть,,Есть,,Есть,200x300 ,Есть,,,Есть,"DVB-C, DVB-S, DVB-T, DVB-S2, DVB-T2 ",Dolby Atmos&Vision,,Есть,,,,3 ,,,,,,,Есть ,2,Есть ,Есть,Есть ,,,,,Есть ,76.8 см,123.2 см,,,,,,,,16:9,"PAL, SECAM",,16 Вт,,3800:1,,5.0,,,,60 Гц ,,,,,,Есть,,,Direct LED,Есть,,,,,,,,,,,,,,,,,,,,,,,,,,,,,,,,,,,
"Ultra HD (4K) LED телевизор 50"" Яндекс с Алисой (YNDX-00072)",33 999 р.,5,64,Китай,1 год,"Яндекс.ТВ, Android TV",100 Вт,"50"" (127 см) ",LED ,3840x2160 Пикс (4K Ultra HD) ,Есть ,Есть ,Есть ,Голосом ,Есть,Есть ,Есть,,,,Есть,,Есть,,Есть,,"DVB-C, DVB-T, DVB-S2, DVB-T2 ",,,,,,,3 ,2.0,,,Есть,,,Есть ,2,Есть ,Есть,Есть ,,,,,,,,,,,,,,,16:9,"PAL, SECAM",2 ,20 Вт,,5000:1,,9.0,300 кд/м² ,16 ГБ,1.5 ГБ,60 Гц ,178 °,178 ° ,9.5 мс,,,Есть,,,Direct LED,,,,,,,,,,,,,,,,,,,,,,,,,,,,,,,,,,,,
"Ultra HD (4K) QLED телевизор 55"" Hisense 55U7HQ",69 999 р.,5,141,Китай,1 год,VIDAA,160 Вт,"55"" (139.7 см) ",QLED ,3840x2160 Пикс (4K Ultra HD) ,Есть ,Есть ,Есть ,Голосом ,,,Есть,Есть ,Есть,,Есть,,Есть,,,Есть,"DVB-C, DVB-S, DVB-T, DVB-S2, DVB-T2 ",Dolby Atmos&Vision,,Есть,,,,4 ,"2.0, 2.1",,,,,,Есть ,2,Есть ,Есть,Есть ,,,,,Есть ,76.7 см,123.3 см,30.7 см,,,,,,,16:9,"PAL, SECAM",,20 Вт,,1200:1,,U6.0,,,,120 Гц ,,,,,,Есть,,,Direct LED,,,,,,,,,,,,,,,,,,,,,,,,,,,,,,,,,,,,
"LED телевизор 50"" Hi VHIX-50U169MSY  ",18 999 р.,4,42,Беларусь,1 год,Яндекс.ТВ,,"50"" (127 см) ",LED ,3840x2160 Пикс (4K Ultra HD) ,,Есть ,Есть ,Голосом ,Есть,Есть ,Есть,,,Есть,,200x200 ,,Есть,Есть,Есть,"DVB-C, DVB-S, DVB-S2, DVB-T2 ",Dolby Digital,,,Есть,,,3 ,2.2,,Есть,,,Есть,Есть ,2,Есть ,Есть,Есть ,,,,,Есть ,71 см,,,,,,,,,16:9,"PAL, SECAM",2 ,16 Вт,,,Есть,,,,,60 Гц ,,,,,,,IPS,,,,,2.0,,,,,,,,,,,,,,,,,,,,,,,,,,,,,,,,,
"Ultra HD (4K) LED телевизор 55"" Philips 55PUS7406/60",26 999 р.,5,68,Россия,1 год,Android TV,,"55"" (139.7 см) ",LED ,3840x2160 Пикс (4K Ultra HD) ,Есть ,Есть ,Есть ,,Есть,Есть ,Есть,,,,Есть,200x100 ,,Есть,Есть,Есть,"DVB-C, DVB-S, DVB-T, DVB-S2, DVB-T2 ",Dolby Atmos,,,,,,4 ,2.0,,,Есть,,Есть,Есть ,2,Есть ,Есть,Есть ,,,,,Есть ,,,,74.27 см,122.76 см,,,,,16:9,"PAL, SECAM",2 ,20 Вт,,,,Android 10.0,350 кд/м² ,,,60 Гц ,,,,,,,,,,,,2.0,,,,,,,,,,,,,,,,,,,,,,,,,,,,,,,,,
"LED телевизор 32"" Toshiba 32V35LE",19 999 р.,5,28,Россия,1 год,Android TV,60 Вт,"32"" (81.3 см) ",LED ,1366x768 Пикс (HD-Ready) ,,Есть ,Есть ,Голосом ,Есть,Есть ,Есть,,,,Есть,100x200 ,Есть,Есть,Есть,Есть,"DVB-C, DVB-S, DVB-T, DVB-S2, DVB-T2 ",,,Есть,,,,2 ,1.4,,,Есть,,,Есть ,3,Есть ,Есть,Есть ,,,,,Есть ,45.8 см,,,,,,,,,16:9,"PAL, SECAM",2 ,12 Вт,,,Есть,11,,,,60 Гц ,,,,,,,IPS,,,,,,,,,,,,,,,,,,,,,,,,,,,,,,,,,,,,,,
"Ultra HD (4K) LED телевизор 50"" Hisense 50A6BG",29 999 р.,5,320,Россия,1 год,VIDAA,120 Вт,"50"" (127 см) ",LED ,3840x2160 Пикс (4K Ultra HD) ,Есть ,Есть ,Есть ,Голосом ,Есть,,Есть,,Есть,Есть,Есть,,Есть,Есть,,Есть,"DVB-C, DVB-S, DVB-T, DVB-S2, DVB-T2 ",DTS Virtual X,,Есть,Есть,,,3 ,2.0,,,,,,Есть ,2,Есть ,Есть,Есть ,,,,,Есть ,70.9 см,,,,,,,,,16:9,"PAL, SECAM",2 ,2х8 Вт,,,,5.0,,,,60 Гц ,,,,,,Есть,,,,,,,,,,,,,,,,,,,,,,,,,,,,,,,,,,,,,,,
"Ultra HD (4K) LED телевизор 55"" Haier 55 Smart TV S1",29 999 р.,5,54,Китай,1 год,Android TV,150 Вт,"55"" (139.7 см) ",LED ,3840x2160 Пикс (4K Ultra HD) ,Есть ,Есть ,Есть ,Голосом ,Есть,Есть ,Есть,,Есть,Есть,,,,,Есть,Есть,"DVB-C, DVB-T, DVB-S2, DVB-T2 ",NICAM стерео,,,,,Есть,4 ,2.1,,,,,Есть,,,,,,,,,,,,,,,,,,,,16:9,"PAL, SECAM",2 ,20 Вт,,6000:1,,11,300 кд/м² ,,,60 Гц ,178 °,178 ° ,6.5 мс,Есть,,Есть,,,Direct LED,Есть,Есть,,,,,,,,,,,Есть,,,,,,,,,,,,,,,,,,,,,,,
"Ultra HD (4K) LED телевизор 55"" Artel A55LU8500",64 999 р.,5,51,Узбекистан,1 год,Android TV,140 Вт,"55"" (139.7 см) ",LED ,3840x2160 Пикс (4K Ultra HD) ,Есть ,Есть ,Есть ,Голосом ,Есть,Есть ,Есть,,Есть,Есть,,,Есть,,Есть,Есть,"DVB-C, DVB-S, DVB-T, DVB-S2, DVB-T2 ",Dolby Digital,,,,,,3 ,"2.0, 1.4",,,Есть,,Есть,Есть ,2,,,,,,,,,,,,,,,,,,16:9,"PAL, SECAM",,12 Вт,,4000:1,,11,350 кд/м² ,,,60 Гц ,178 °,178 ° ,8 мс,,,Есть,,,,Есть,,,,,,,,,,"MP3, AVI, DivX, MKV, JPEG, WMA",,,,,,,,,,,,,,,,,,,,,,,,,
"Ultra HD (4K) LED телевизор 50"" Philips 50PUS8057/60",33 999 р.,5,19,Россия,1 год,Android TV,,"50"" (127 см) ",LED ,3840x2160 Пикс (4K Ultra HD) ,Есть ,Есть ,Есть ,Голосом ,Есть,Есть ,Есть,Есть ,Есть,Есть,Есть,,Есть,,Есть,Есть,"DVB-C, DVB-S, DVB-T, DVB-C2, DVB-S2, DVB-T2 ",Dolby Atmos,,,,,,4 ,2.0,,,Есть,,Есть,Есть ,2,Есть ,Есть,Есть ,,,,,,,,,,,,,,,16:9,"PAL, SECAM",2 ,2х10 Вт,,,,11,,,,60 Гц ,,,,,,Есть,,,,,,,Есть,,,,,,,"MP3, AVI, MKV, MPEG4",,,,,,,,,,,,,,,,,,,,,,,,,
"Ultra HD (4K) LED телевизор 43"" Haier 43 Smart TV S3",33 999 р.,5,27,Китай,1 год,Android TV,110 Вт,"43"" (109.2 см) ",QLED ,3840x2160 Пикс (4K Ultra HD) ,Есть ,Есть ,Есть ,Голосом ,Есть,,Есть,,Есть,Есть,,,,,,Есть,"DVB-C, DVB-S, DVB-T, DVB-S2, DVB-T2 ",,19 Вт,Есть,Есть,,Есть,4 ,2.1,,Есть,,,Есть,Есть ,2,,,,,,,,,,,,,,,,,,16:9,"PAL, SECAM",,,,5000:1,Есть,11.0,250 кд/м² ,,,60 Гц ,178 °,178 ° ,8 мс,Есть,,Есть,,,,Есть,Есть,,,,,,,,,,,,,,,,,,,,,,,,,,,,,,,,,,
"Ultra HD (4K) LED телевизор 50"" Haier 50 Smart TV S1",27 999 р.,5,139,Китай,1 год,Android TV,120 Вт,"50"" (127 см) ",LED ,3840x2160 Пикс (4K Ultra HD) ,Есть ,Есть ,Есть ,Голосом ,Есть,Есть ,Есть,,Есть,Есть,,,,,Есть,Есть,"DVB-C, DVB-T, DVB-S2, DVB-T2 ",NICAM стерео,,,,,Есть,4 ,2.1,,,,,Есть,,,,,,,,,,,,,,,,,,,,16:9,"PAL, SECAM",2 ,20 Вт,,5000:1,,11,280 кд/м² ,,,60 Гц ,178 °,178 ° ,8 мс,Есть,,Есть,,,Direct LED,Есть,Есть,,,,,,,,,,,Есть,,,,,,,,,,,,,,,,,,,,,,,
"Ultra HD (4K) LED телевизор 43"" Haier 43 Smart TV S1",22 999 р.,5,141,Россия,1 год,Android TV,74 Вт,"43"" (109.2 см) ",LED ,3840x2160 Пикс (4K Ultra HD) ,Есть ,Есть ,Есть ,Голосом ,Есть,Есть ,Есть,,Есть,Есть,,,,,Есть,Есть,"DVB-C, DVB-T, DVB-S2, DVB-T2 ",NICAM стерео,,,,,Есть,4 ,2.1,,,,,Есть,,,,,,,,,,,,,,,,,,,,16:9,"PAL, SECAM",2 ,19 Вт,,5000:1,,11,250 кд/м² ,,,60 Гц ,178 °,178 ° ,6.5 мс,Есть,,Есть,,,Direct LED,Есть,Есть,,,,,,,,,,,Есть,,,,,,,,,,,,,,,,,,,,,,,
"Ultra HD (4K) QLED телевизор 50"" Hisense 50E7HQ",34 999 р.,5,148,Россия,1 год,VIDAA,120 Вт,"50"" (127 см) ",QLED ,3840x2160 Пикс (4K Ultra HD) ,Есть ,Есть ,Есть ,Голосом ,,,Есть,,Есть,,Есть,200x300 ,Есть,,,Есть,"DVB-C, DVB-S, DVB-T, DVB-S2, DVB-T2 ",Dolby Atmos&Vision,,Есть,,,,3 ,,,,,,,Есть ,2,Есть ,Есть,Есть ,,,,,Есть ,70.3 см,111.7 см,,,,,,,,16:9,"PAL, SECAM",,16 Вт,,3800:1,,5.0,,,,60 Гц ,,,,,,Есть,,,Direct LED,Есть,,,,,,,,,,,,,,,,,,,,,,,,,,,,,,,,,,,
"LED телевизор 32"" Haier 32 Smart TV S1",15 999 р.,5,204,Россия,1 год,Android TV,57 Вт,"32"" (81.3 см) ",LED ,1920x1080 Пикс (Full HD) ,Есть ,Есть ,Есть ,Голосом ,Есть,Есть ,Есть,,Есть,Есть,,,,,Есть,Есть,"DVB-C, DVB-T, DVB-S2, DVB-T2 ",NICAM стерео,,,,,Есть,3 ,1.4,,,,,Есть,Есть ,,,,,,,,,,,,,,,,,,,16:9,"PAL, SECAM",2 ,16 Вт,,4000:1,,11,220 кд/м² ,,,60 Гц ,178 °,178 ° ,6.5 мс,Есть,,Есть,,,,Есть,Есть,,,,,,,,,,,Есть,,,,,,,,,,,,,,,,,,,,,,,
"Ultra HD (4K) LED телевизор 43"" Hisense 43A6BG",24 999 р.,5,239,Россия,1 год,VIDAA,75 Вт,"43"" (109.2 см) ",LED ,3840x2160 Пикс (4K Ultra HD) ,Есть ,Есть ,Есть ,Голосом ,Есть,,Есть,,Есть,Есть,Есть,,Есть,Есть,,Есть,"DVB-C, DVB-S, DVB-T, DVB-S2, DVB-T2 ",DTS Virtual X,32 Вт,Есть,Есть,,,3 ,2.0,,,,,,Есть ,2,Есть ,Есть,Есть ,,,,,Есть ,,,,,,,,,,16:9,"PAL, SECAM",2 ,2х8 Вт,,,,5.0,,,,60 Гц ,,,,,,Есть,,,,,,,,,,,,,,,,,,,,,,,,,,,,,,,,,,,,,,,
"Ultra HD (4K) QLED телевизор 55"" Haier 55 Smart TV AX Pro",59 999 р.,5,186,Китай,1 год,Android TV,150 Вт,"55"" (139.7 см) ",QLED ,3840x2160 Пикс (4K Ultra HD) ,Есть ,Есть ,Есть ,Голосом ,Есть,Есть ,Есть,,Есть,Есть,,,Есть,,Есть,Есть,"DVB-C, DVB-S, DVB-T, DVB-C2, DVB-S2, DVB-T2 ",NICAM стерео,,Есть,Есть,,,4 ,,,,,,,,,,,,,,,,,,,,,,,,,,16:9,"PAL, SECAM",2 ,13 Вт,,5000:1,,11.0,350 кд/м² ,,,60 Гц ,176 °,176 ° ,8 мс,Есть,Есть,Есть,,,,Есть,Есть,,,,,,Есть,,,,,,,,,,,,,,,,,,,,,,,,,,,,
"LED телевизор 32"" Hisense 32A4K",14 999 р.,4,12,Россия,1 год,VIDAA,65 Вт,"32"" (81.3 см) ",LED ,1366x768 Пикс (HD-Ready) ,,Есть ,Есть ,,,,Есть,,,,Есть,200x200 ,Есть,Есть,,,"DVB-C, DVB-C2, DVB-S2, DVB-T2 ",NICAM Стерео,,,,,,3 ,1.4,,,,,,Есть ,2,Есть ,,Есть ,1,,,,Есть ,47.9 см,72.6 см,18.6 см,43 см,72.6 см,8.5 см,3.8 кг,,,16:9,"PAL, SECAM",2 ,12 Вт,,3000:1,,6.0,,,,60 Гц ,178 °,,,,,,VA,,,,,,,,,,,,,,,,,,,,,,,,,,,,,,,,,,,,,,
"Ultra HD (4K) LED телевизор 50"" Philips 50PUS7406/60",21 999 р.,4,86,Россия,1 год,Android TV,,"50"" (127 см) ",LED ,3840x2160 Пикс (4K Ultra HD) ,Есть ,Есть ,Есть ,,Есть,Есть ,Есть,,,,Есть,200x100 ,,Есть,Есть,Есть,"DVB-C, DVB-S, DVB-T, DVB-S2, DVB-T2 ",Dolby Atmos,,,,,,4 ,2.0,,,Есть,,Есть,Есть ,2,Есть ,Есть,Есть ,,,,,Есть ,,,,67.73 см,111.22 см,,,,,16:9,"PAL, SECAM",2 ,20 Вт,,,,Android 10.0,350 кд/м² ,,,60 Гц ,,,,,,,,,,,,2.0,,,,,,,,,,,,,,,,,,,,,,,,,,,,,,,,,
"LED телевизор 32"" Realme RMT101",14 999 р.,5,161,Китай,1 год,Android TV,55 Вт,"32"" (81.3 см) ",LED ,1366x768 Пикс (HD-Ready) ,Есть ,Есть ,Есть ,Голосом ,,,,,,,,,,Есть,,Есть,"DVB-C, DVB-S, DVB-T, DVB-C2, DVB-S2, DVB-T2 ",Dolby Digital; Dolby Digital Plus,12 Вт,,,,,3 ,,,,,,,,,,Есть,Есть ,,,,,Есть ,47.5 см,72.4 см,18 см,42.5 см,72.4 см,8.4 см,4.2 кг,4.1 кг,Черный ,,"PAL, SECAM",,,,,,,,,,60 Гц ,,,,,,,AMVA,,,,,,,,,,,,,,,,,,,,,,,,,,,,,,,,,,,,,,
"Ultra HD (4K) LED телевизор 43"" Realme TV 43 RMV2004",24 999 р.,5,182,Китай,1 год,Android TV,100 Вт,"43"" (109.2 см) ",LED ,3840x2160 Пикс (4K Ultra HD) ,Есть ,,Есть ,Голосом ,,,,,,,Есть,200x200 ,,,,Есть,"DVB-C, DVB-S, DVB-T, DVB-C2, DVB-S2, DVB-T2 ","Dolby Atmos, DTS",,,,,,3 ,,,,,,,Есть ,2,Есть ,Есть,Есть ,,,,,Есть ,62.4 см,96 см,25.9 см,56.3 см,96 см,7.6 см,6.5 кг,6.3 кг,Черный ,16:9,"PAL, SECAM",4 ,24 Вт,,,,,,,,60 Гц ,,,,,,,,UHD 4K 1000,,,,,,,,,,,,,,,,,,,,,,,,,,,,,,,,,,,,,
"Ultra HD (4K) LED телевизор 43"" Haier 43 Smart TV S1",22 999 р.,4,7,Россия,1 год,Android TV,74 Вт,"43"" (109.2 см) ",LED ,3840x2160 Пикс (4K Ultra HD) ,,Есть ,Есть ,Голосом ,Есть,Есть ,Есть,,Есть,Есть,,,Есть,,Есть,Есть,"DVB-C, DVB-T, DVB-S2, DVB-T2 ",NICAM стерео,19 Вт,Есть,Есть,,Есть,,,,,,,,,,,,,,,,,,,,,,,,,,,16:9,"PAL, SECAM",2 ,,,5000:1,,11,250 кд/м² ,,,60 Гц ,178 °,178 ° ,6.5 мс,Есть,,Есть,,UHD 4K,Direct LED,Есть,Есть,,,,,,,,,,,,Есть,,,,,,,,,,,,,,,,,,,,,,
"Ultra HD (4K) QLED телевизор 43"" Hisense 43E7HQ",29 999 р.,5,54,Россия,1 год,,80 Вт,"43"" (109.2 см) ",QLED ,3840x2160 Пикс (4K Ultra HD) ,Есть ,Есть ,,Голосом ,,,,,,Есть,Есть,200x300 ,,Есть,,,"DVB-C, DVB-S2, DVB-T2 ",,,Есть,Есть,,,3 ,2.0,,,Есть,,Есть,Есть ,2,Есть ,Есть,Есть ,,,,,Есть ,61.1 см,96.3 см,22.3 см,56 см,96.3 см,7.4 см,,,,,,2 ,14 Вт,,,,,,,,60 Гц ,,,,,,,,,,Есть,Есть,,,,,,,,Есть,"MP3, AVI, MKV, JPEG, WMA",,,,,,,,,,,,,,,,,,,,,,,,,
"LED телевизор 40"" Hisense 40A4K",22 499 р.,5,9,Россия,1 год,VIDAA,74 Вт,"40"" (101.6 см) ",LED ,1920x1080 Пикс (Full HD) ,,Есть ,Есть ,,Есть,,Есть,,Есть,Есть,Есть,200x200 ,Есть,Есть,,Есть,"DVB-C, DVB-T, DVB-C2, DVB-S2, DVB-T2 ",NICAM стерео,,,,,,2 ,1.4,,Есть,,,Есть,Есть ,2,Есть ,,Есть ,,,1,,Есть ,,,,,,,,,,16:9,,2 ,14 Вт,,5000:1,,6.0,,,,60 Гц ,178 °,,,,,,VA,TruColor 1000,,,,,,,,,,,,,,,,,,,,,,,,,,,,,,,,,,,,,
"Ultra HD (4K) QLED телевизор 65"" Hisense 65E7HQ",59 999 р.,5,67,Россия,1 год,VIDAA,190 Вт,"65"" (165.1 см) ",QLED ,3840x2160 Пикс (4K Ultra HD) ,Есть ,Есть ,Есть ,Голосом ,,,Есть,,Есть,,Есть,400x300 ,Есть,,,Есть,"DVB-C, DVB-S, DVB-T, DVB-S2, DVB-T2 ",Dolby Atmos&Vision,,Есть,,,,3 ,,,,,,,Есть ,2,Есть ,Есть,Есть ,,,,,Есть ,89.6 см,145.2 см,30 см,83.4 см,,,,,,16:9,"PAL, SECAM",,20 Вт,,,,U5.0,,,,60 Гц ,,,,,,Есть,,,Direct LED,,,,,,,,,,,,,,,,,,,,,,,,,,,,,,,,,,,,
"LED телевизор 40"" Hisense 40A4BG",19 999 р.,5,134,Россия,1 год,VIDAA,74 Вт,"40"" (101.6 см) ",LED ,1920x1080 Пикс (Full HD) ,,Есть ,Есть ,,Есть,,Есть,,Есть,Есть,Есть,,Есть,Есть,,Есть,"DVB-C, DVB-S, DVB-T, DVB-S2, DVB-T2 ",DTS Virtual X,28 Вт,Есть,Есть,,,2 ,2.0,,,,,,Есть ,2,Есть ,,Есть ,,,,,Есть ,55.9 см,89.3 см,18.2 см,,,,5.5 кг,,Черный ,16:9,"PAL, SECAM",,,5.4 кг,,,4.2,,,,60 Гц ,,,,,,,,,,,,,,,,,,,,,,,,,,,,,,,,,,,,,,,,,,,,,
"LED телевизор 40"" Hi VHIT-40F152MS",19 999 р.,5,249,Беларусь,1 год,,68 Вт,"40"" (101.6 см) ",LED ,1920x1080 Пикс (Full HD) ,,Есть ,,,Есть,Есть ,Есть,Есть ,Есть,,,200x200 ,,Есть,,Есть,"DVB-C, DVB-S2, DVB-T2 ",Dolby Digital,,,,Есть,,3 ,,,Есть,,,Есть,Есть ,2,,,,,,,,Есть ,57 см,91 см,19.5 см,52.6 см,91 см,7.8 см,,,Черный ,16:9,"PAL, SECAM",2 ,8 Вт,7 кг,1200:1,Есть,,,,,,,,,,,,,,,,,,,,,,,,,,,,,,,,,,,,,,,,,,,,,,,,,,
"Ultra HD (4K) LED телевизор 55"" Grundig 55 GFU 7800B",34 999 р.,5,49,Турция,1 год,Android TV,77.1 Вт,"55"" (139.7 см) ",LED ,3840x2160 Пикс (4K Ultra HD) ,Есть ,Есть ,Есть ,,Есть,,Есть,,Есть,Есть,,,Есть,Есть,Есть,Есть,"DVB-S, DVB-C2, DVB-T2 ",Dolby Digital,,,,,,3 ,2.0,,,,,,Есть ,2,,Есть,Есть ,,,,,Есть ,77.3 см,123.7 см,26.3 см,,,,,,Черный ,,"PAL, SECAM",,16 Вт,10.8 кг,,,Android 9.0,,,,60 Гц ,,,,,,Есть,,UHD 4K,,,,,,,,,,,,,,,,,,,,,,,,,,,,,,,,,,,,,
"Ultra HD (4K) QLED телевизор 65"" Hisense 65U8HQ",149 999 р.,5,19,Россия,1 год,VIDAA,280 Вт,"65"" (165.1 см) ",QLED ,3840x2160 Пикс (4K Ultra HD) ,Есть ,Есть ,Есть ,Голосом ,,,Есть,,Есть,,Есть,400x300 ,Есть,,,Есть,"DVB-C, DVB-S, DVB-T, DVB-S2, DVB-T2 ",Dolby Atmos&Vision IQ,,Есть,,,,4 ,"2.0, 2.1",,,,,,Есть ,2,Есть ,Есть,Есть ,,,,,Есть ,91.4 см,145.2 см,30 см,,,,,,,16:9,"PAL, SECAM",,60 Вт,,,,VIDAA U6.0,,,,120 Гц ,,,,,,Есть,,,Mini LED,,,,,,,,,,,,,,,,,,,,,,,,,,,,,,,,,,,,
"Ultra HD (4K) LED телевизор 43"" Grundig 43 GFU 7800B",39 999 р.,4,46,Турция,1 год,Android TV,66.4 Вт,"43"" (109.2 см) ",LED ,3840x2160 Пикс (4K Ultra HD) ,Есть ,Есть ,Есть ,,Есть,,Есть,,Есть,Есть,,,Есть,Есть,Есть,Есть,"DVB-S, DVB-C2, DVB-T2 ",Dolby Digital,,,,,,3 ,2.0,,,,,,Есть ,2,,Есть,Есть ,,,,,Есть ,61.9 см,96.8 см,24 см,,,,,,Черный ,,"PAL, SECAM",,16 Вт,7 кг,,,Android 9.0,,,,60 Гц ,,,,,,Есть,,UHD 4K,,,,,,,,,,,,,,,,,,,,,,,,,,,,,,,,,,,,,
"Ultra HD (4K) LED телевизор 50"" Toshiba 50C350KE",34 999 р.,5,234,Россия,1 год,VIDAA,130 Вт,"50"" (127 см) ",LED ,3840x2160 Пикс (4K Ultra HD) ,Есть ,Есть ,Есть ,,Есть,Есть ,Есть,,Есть,Есть,,,Есть,Есть,Есть,Есть,"DVB-C, DVB-S, DVB-T, DVB-S2, DVB-T2 ",DTS Studio Sound,,Есть,Есть,,Есть,3 ,2.1,,,Есть,,Есть,Есть ,2,Есть ,Есть,Есть ,,,,,Есть ,,,,,,,,,,16:9,"PAL, SECAM",2 ,2x8 Вт,,,,,,,,60 Гц ,,,,,,,,,,,,,,,,,,,Есть,,,,,,,,,,,,,,,,,,,,,,,,,,
"Ultra HD (4K) LED телевизор 55"" Toshiba 55C350LE",44 999 р.,5,17,Китай,1 год,VIDAA,130 Вт,"55"" (139.7 см) ",LED ,3840x2160 Пикс (4K Ultra HD) ,Есть ,Есть ,Есть ,Голосом ,,,Есть,,Есть,Есть,Есть,200x300 ,Есть,Есть,,Есть,"DVB-C, DVB-S, DVB-T, DVB-S2, DVB-T2 ",DTS Virtual X,,,,,,3 ,2.1,,,,,Есть,Есть ,2,Есть ,Есть,Есть ,,,,,Есть ,,,,,,,,,,16:9,"PAL, SECAM",2 ,16 Вт,,,,5.0,,,,60 Гц ,,,,,,Есть,IPS,UHD 4K 1600,,,,,,,,,,,,,,,,,,,,,,,,,,,,,,,,,,,,,
"Ultra HD (4K) LED телевизор 65"" Grundig 65 GHU 7830",62 999 р.,5,10,Турция,1 год,,85.1 Вт,"65"" (165.1 см) ",LED ,3840x2160 Пикс (4K Ultra HD) ,Есть ,Есть ,Есть ,Голосом ,Есть,Есть ,Есть,,Есть,Есть,Есть,200x100 ,Есть,Есть,,Есть,"DVB-C, DVB-S2, DVB-T2 ",Dolby Digital,,,,,,3 ,2.1,,,,,Есть,Есть ,2,Есть ,Есть,Есть ,,,,,Есть ,,,,,,,,,,16:9,"PAL, SECAM",2 ,2х10 Вт,,,,11,,,,60 Гц ,,,,,,Есть,,UHD 4K 1000,,,,,,,,,,,,,,,,,,,,,,,,,,,,,,,,,,,,,
"Ultra HD (4K) QLED телевизор 50"" Toshiba 50C450KE",44 999 р.,5,99,Россия,1 год,VIDAA,130 Вт,"50"" (127 см) ",QLED ,3840x2160 Пикс (4K Ultra HD) ,Есть ,Есть ,Есть ,Голосом ,,,Есть,,Есть,Есть,Есть,200x300 ,Есть,Есть,,Есть,"DVB-C, DVB-S, DVB-T, DVB-S2, DVB-T2 ",Dolby Atmos,,Есть,Есть,,,3 ,2.1,,,,,,Есть ,2,Есть ,Есть,Есть ,,,,,Есть ,,,,,,,10.2 кг,9.8 кг,,,"PAL, SECAM",,16 Вт,,,,5.0,,,,60 Гц ,,,,,,Есть,,,,,,,,,,,,,,,,,,,,,,,,,,,,,,,,,,,,,,,
"Ultra HD (4K) QLED телевизор 65"" Hisense 65U7HQ",99 999 р.,5,54,Китай,1 год,VIDAA,200 Вт,"65"" (165.1 см) ",QLED ,3840x2160 Пикс (4K Ultra HD) ,Есть ,Есть ,Есть ,Голосом ,,,Есть,Есть ,Есть,,Есть,,Есть,,,Есть,"DVB-C, DVB-S, DVB-T, DVB-S2, DVB-T2 ",Dolby Atmos&Vision,,Есть,,,,4 ,"2.0, 2.1",,,,,,Есть ,2,Есть ,Есть,Есть ,,,,,Есть ,89.1 см,145.1 см,30.7 см,,,,,,,16:9,"PAL, SECAM",,20 Вт,,5000:1,,U6.0,,,,120 Гц ,,,,,,Есть,,,Direct LED,,,,,,,,,,,,,,,,,,,,,,,,,,,,,,,,,,,,
"Ultra HD (4K) QLED телевизор 55"" Toshiba 55C450KE",54 999 р.,5,84,Россия,1 год,VIDAA,140 Вт,"55"" (139.7 см) ",QLED ,3840x2160 Пикс (4K Ultra HD) ,Есть ,Есть ,Есть ,Голосом ,,,Есть,,Есть,Есть,Есть,200x300 ,Есть,Есть,,Есть,"DVB-C, DVB-S, DVB-T, DVB-S2, DVB-T2 ",Dolby Atmos,,Есть,Есть,,,3 ,2.1,,,,,,Есть ,2,Есть ,Есть,Есть ,,,,,Есть ,75.8 см,123.2 см,,,,,,,,,"PAL, SECAM",,16 Вт,,,,5.0,,,,60 Гц ,,,,,,Есть,,,,,,,,,,,,,,,,,,,,,,,,,,,,,,,,,,,,,,,
"Ultra HD (4K) LED телевизор 75"" Haier 75 Smart TV S1",109 999 р.,5,13,Китай,1 год,Android TV,260 Вт,"75"" (190.5 см) ",LED ,3840x2160 Пикс (4K Ultra HD) ,Есть ,Есть ,Есть ,Голосом ,Есть,Есть ,Есть,,Есть,Есть,,,,,Есть,Есть,"DVB-C, DVB-T, DVB-S2, DVB-T2 ",NICAM стерео,,,,,Есть,4 ,2.1,,,,,Есть,,,,,,,,,,,,,,,,,,,,16:9,"PAL, SECAM",2 ,20 Вт,,5000:1,,11,300 кд/м² ,,,60 Гц ,178 °,178 ° ,8.5 мс,Есть,,Есть,,,Direct LED,Есть,Есть,,,,,,,,,,,Есть,,,,,,,,,,,,,,,,,,,,,,,
"LED телевизор 24"" HEC R1 24 HD (DH1VH0D00RU)",6 299 р.,5,28,Россия,1 год,,40 Вт,"24"" (61 см) ",LED ,1366x768 Пикс (HD-Ready) ,,Есть ,,,Есть,Есть ,Есть,,Есть,Есть,Есть,,Есть,,Есть,,"DVB-S2, DVB-T2 ",NICAM стерео,,Есть,Есть,Есть,Есть,2 ,1.4a,,,,,Есть,Есть ,1,,,,,,,,Есть ,,,,33.3 см,55.6 см,7.9 см,2.355 кг,,Черный ,16:9,"PAL, SECAM",2 ,2x3.5 Вт,2.305 кг,,,,,,,60 Гц ,,,,,,,,,,,,,,,,,,,,,,,,,,,,,,,,,,,,,,,,,,,,,
"LED телевизор 32"" Hisense 32A4BG",13 999 р.,5,386,Россия,1 год,VIDAA,65 Вт,"32"" (81.3 см) ",LED ,1366x768 Пикс (HD-Ready) ,,Есть ,Есть ,,Есть,,Есть,,Есть,Есть,Есть,,Есть,Есть,,Есть,"DVB-C, DVB-S, DVB-T, DVB-S2, DVB-T2 ",DTS Virtual X,24 Вт,Есть,Есть,,,2 ,2.0,,,,,,Есть ,2,Есть ,,Есть ,,,,,Есть ,46.9 см,71.7 см,16 см,,,,3.9 кг,,Черный ,16:9,"PAL, SECAM",,,3.8 кг,,,4.2,,,,60 Гц ,,,,,,,,,,,,,,,,,,,,,,,,,,,,,,,,,,,,,,,,,,,,,
"LED телевизор 32"" LG 32LM637BPVA",16 999 р.,5,15,Китай,1 год,,35 Вт,"32"" (81.3 см) ",LED ,1366x768 Пикс (HD-Ready) ,Есть ,Есть ,,,Есть,Есть ,,,Есть,,,200x200 ,Есть,Есть,,Есть,"DVB-C, DVB-S2, DVB-T2 ",Dolby Digital,,,,,,3 ,1.4,,,,,,Есть ,2,Есть ,Есть,Есть ,,,,,Есть ,46.4 см,73.6 см,,,,,,,,16:9,,2 ,2x5 Вт,,,,,,,,50 Гц ,,,,,,Есть,,,Direct LED,,,2.0,,,4,,,,Есть,,,,,3 ,,,,,,,,,,,,,,,,,,,,,
"LED телевизор 32"" Hi VHIX-32F219MSY",9 399 р.,4,214,Беларусь,1 год,Яндекс.ТВ,55 Вт,"32"" (81.3 см) ",LED ,1920x1080 Пикс (Full HD) ,,Есть ,Есть ,Голосом ,Есть,Есть ,Есть,,,Есть,Есть,,,Есть,Есть,Есть,"DVB-C, DVB-S, DVB-T, DVB-S2, DVB-T2 ",Dolby Digital Plus,,,Есть,,,3 ,2.0,,Есть,,,Есть,Есть ,2,Есть ,Есть,Есть ,,,,,Есть ,,71.3 см,19.4 см,46.4 см,,,,,,16:9,"PAL, SECAM",2 ,16 Вт,,,Есть,,,,,60 Гц ,,,,,,,,,,,,,,,,,,,,,,,,,,,,,,,,,,,,,,,,,,,,,
"Ultra HD (4K) QLED телевизор 50"" Haier 50 Smart TV AX Pro",49 999 р.,5,107,Китай,1 год,Android TV,160 Вт,"50"" (127 см) ",QLED ,3840x2160 Пикс (4K Ultra HD) ,Есть ,Есть ,Есть ,Голосом ,Есть,Есть ,Есть,,Есть,Есть,,,Есть,,Есть,Есть,"DVB-C, DVB-S, DVB-T, DVB-C2, DVB-S2, DVB-T2 ",NICAM стерео,,Есть,Есть,,,4 ,2.1,,,Есть,,Есть,Есть ,2,,,,,,,,,,,,,,,,,,16:9,"PAL, SECAM",2 ,2х12 Вт,,5000:1,,11.0,350 кд/м² ,,,60 Гц ,176 °,176 ° ,8 мс,,,Есть,,,,,,,,,,,,,,,,,,,,,,,,,,,,,,,,,,,,,,,
"Ultra HD (4K) LED телевизор 55"" Grundig 55 GGU 7900B",56 999 р.,5,27,Турция,1 год,Android TV,64.1 Вт,"55"" (139.7 см) ",LED ,3840x2160 Пикс (4K Ultra HD) ,Есть ,Есть ,Есть ,,Есть,,Есть,,Есть,Есть,,,Есть,Есть,Есть,Есть,"DVB-S, DVB-C2, DVB-T2 ",Dolby Atmos,,,,,,3 ,2.1,,,,,,Есть ,2,,Есть,Есть ,,,,,Есть ,78.5 см,123.9 см,24 см,,,,,,Черный ,,"PAL, SECAM",,20 Вт,13.2 кг,,,Android 11.0,,,,60 Гц ,,,,,,Есть,,UHD 4K,,,,,,,,,,,,,,,,,,,,,,,,,,,,,,,,,,,,,
"Ultra HD (4K) LED телевизор 50"" LG 50UQ80006LB",38 999 р.,5,17,Россия,1 год,WebOS,130 Вт,"50"" (127 см) ",LED ,3840x2160 Пикс (4K Ultra HD) ,Есть ,Есть ,Есть ,Голосом ,Есть,Есть ,Есть,,,,Есть,200x200 ,Есть,,Есть,Есть,"DVB-C, DVB-S, DVB-T, DVB-S2, DVB-T2 ",AI Sound,,,,,,2 ,2.0,,,Есть,,,Есть ,1,Есть ,Есть,Есть ,,,,,Есть ,,,,71.3 см,,,,,,16:9,"PAL, SECAM",2 ,2х10 Вт,,,,,,,,60 Гц ,,,,,,Есть,,,,,,,,,,,,,,,Есть,,,,,,,,,,,,,,,,,,,,,,,,
"Ultra HD (4K) LED телевизор 50"" LG NanoCell 50NANO75VPA",39 999 р.,4,14,Египет,1 год,,90 Вт,"50"" (127 см) ",NanoCell ,3840x2160 Пикс (4K Ultra HD) ,Есть ,Есть ,,Голосом ,Есть,Есть ,,,Есть,,,200x200 ,Есть,Есть,Есть,Есть,"DVB-C, DVB-S2, DVB-T2 ",Ultra Surround,,,,,,3 ,2.0,,,Есть,,,Есть ,2,Есть ,Есть,Есть ,,,,,,,,,,,,,,,16:9,"PAL, SECAM",2 ,2x10 Вт,,,,,,,,60 Гц ,,,,,,Есть,VA,,Direct LED,,,2.0,,,4,,,,,,,,,3 ,,,,,,,,,,,,,,,,,,,,,
"LED телевизор 32"" Toshiba 32V35KE",18 999 р.,5,155,Россия,1 год,VIDAA,65 Вт,"32"" (81.3 см) ",LED ,1366x768 Пикс (HD-Ready) ,,Есть ,Есть ,,Есть,Есть ,Есть,,Есть,Есть,,200x100 ,,Есть,Есть,Есть,"DVB-C, DVB-S, DVB-T, DVB-S2, DVB-T2 ",,,Есть,Есть,,,2 ,2.0,,,Есть,,Есть,Есть ,2,Есть ,,Есть ,,,,,Есть ,,,,47.3 см,71.7 см,18.6 см,3.9 кг,,,16:9,"PAL, SECAM",2 ,2x6 Вт,,,,,,,,60 Гц ,,,,,,,,,,,,,,,,,,,,,,,,,,,,,,,,,,,,,,,,,,,,,
"LED телевизор 32"" Hi VHIX-32H181MSY",9 499 р.,4,239,Беларусь,1 год,Яндекс.ТВ,35 Вт,"32"" (81.3 см) ",LED ,1366x768 Пикс (HD-Ready) ,,Есть ,Есть ,Голосом ,,,Есть,,,,,200x100 ,,Есть,,Есть,"DVB-C, DVB-S2, DVB-T2 ",Dolby Digital,,,,Есть,,3 ,2.2,,Есть,,,Есть,Есть ,1,Есть ,,Есть ,,,,,Есть ,,,,50.6 см,78.6 см,21.5 см,,,,16:9,"PAL, SECAM",2 ,16 Вт,3.6 кг,,Есть,,,,,50 Гц ,,,,,,,IPS,,,,,2.0,,,,,,,,,,,,,,,,,,,,,,,,,,,,,,,,,
"LED телевизор 43"" Toshiba 43V35KE",24 999 р.,5,194,Россия,1 год,VIDAA,74 Вт,"43"" (109.2 см) ",LED ,1920x1080 Пикс (Full HD) ,,Есть ,Есть ,,Есть,Есть ,Есть,,Есть,Есть,,,Есть,Есть,Есть,Есть,"DVB-C, DVB-S, DVB-T, DVB-S2, DVB-T2 ",DTS Studio Sound,,Есть,Есть,,,2 ,2.0,,,,Есть,,Есть ,2,Есть ,,Есть ,,,,,Есть ,60.6 см,71.7 см,20 см,,,,6.5 кг,,,16:9,"PAL, SECAM",2 ,2x7 Вт,,,,,,,,60 Гц ,,,,,,,,,,,,,,,,,,,Есть,,,,,,,,,,,,,,,,,,,,,,,,,,
"Ultra HD (4K) LED телевизор 55"" Haier 55 Smart TV MX",33 999 р.,5,169,Китай,1 год,Android TV,150 Вт,"55"" (139.7 см) ",LED ,3840x2160 Пикс (4K Ultra HD) ,Есть ,Есть ,,,Есть,,Есть,,,,,,,,,Есть,"DVB-C, DVB-T, DVB-S2, DVB-T2 ",Стерео,,Есть,Есть,,,4 ,2.0,,,Есть,,Есть,Есть ,2,Есть ,Есть,Есть ,,,,,,,,,,,,,,,16:9,"PAL, SECAM",2 ,20 Вт,,6000:1,,,300 кд/м² ,,,60 Гц ,176 °,176 ° ,8 мс,Есть,,,,,Direct LED,Есть,Есть,,Есть,,,,Есть,,,,,,,,Есть,,,,,,,,,,,,,,,,,,,,
"Ultra HD (4K) LED телевизор 43"" Haier 43 Smart TV K6",25 999 р.,5,94,Россия,1 год,Android TV,74 Вт,"43"" (109.2 см) ",LED ,3840x2160 Пикс (4K Ultra HD) ,Есть ,Есть ,Есть ,,Есть,Есть ,Есть,,Есть,Есть,,,,,Есть,Есть,"DVB-C, DVB-T, DVB-S2, DVB-T2 ",Dolby Digital Decoding,,Есть,Есть,Есть,Есть,4 ,2.1,,,Есть,,,,,,,,,,,,,,,,,,,,,,16:9,"PAL, SECAM",2 ,16 Вт,,5000:1,,Android 11,250 кд/м² ,,,60 Гц ,178 °,178 ° ,9.5 мс,Есть,,Есть,,,Direct LED,Есть,,,,,,,,,,,,,,,,,,,,,,,,,,,,,,,,,,,
"LED телевизор 32"" Philips 32PHS6825",12 999 р.,4,62,Россия,1 год,,44 Вт,"32"" (81.3 см) ",LED ,1366x768 Пикс (HD-Ready) ,,Есть ,Есть ,,Есть,,Есть,Есть ,Есть,,,100x100 ,,Есть,Есть,,"DVB-C, DVB-S, DVB-T, DVB-S2, DVB-T2 ",NICAM стерео,,,Есть,,,3 ,1.4,,Есть,,,Есть,Есть ,2,,,,,,,,Есть ,,,,42.5 см,72.7 см,7.3 см,,,Черный ,16:9,"PAL, SECAM",2 ,2х8 Вт,4.2 кг,,,,,,,,,,,,,Есть,,Pixel Plus HD,,,,,Есть,,,,,,,,,,,,,,,,,,,,,,,,,,,,,,,,
"LED телевизор 32"" Hi VHIT-32H169MS",6 999 р.,5,170,Беларусь,1 год,,35 Вт,"32"" (81.3 см) ",LED ,1366x768 Пикс (HD-Ready) ,,Есть ,,,Есть,Есть ,Есть,Есть ,Есть,,,100x100 ,,Есть,,Есть,"DVB-C, DVB-S2, DVB-T2 ",Dolby Digital,,,,Есть,,3 ,2.2,,Есть,,,Есть,Есть ,1,,,,,,,,Есть ,,,,50.6 см,78.6 см,21.5 см,,,Черный ,16:9,"PAL, SECAM",2 ,8 Вт,3.9 кг,3000:1,Есть,,,,,,,,,,,,,,,,,,,,,,,,,,,,,,,,,,,,,,,,,,,,,,,,,,
"Ultra HD (4K) LED телевизор 55"" Витязь 55LU1204 Smart",19 999 р.,4,68,Беларусь,1 год,Android TV,125 Вт,"55"" (139.7 см) ",,3840x2160 Пикс (4K Ultra HD) ,,Есть ,Есть ,,Есть,Есть ,,Есть ,,,,200x200 ,,,,Есть,"DVB-C, DVB-S2, DVB-T2 ",Dolby Digital 2.0,,,,,,3 ,,,Есть,,,,Есть ,2,Есть ,,Есть ,,,,,Есть ,,,,77 см,123 см,26 см,,,,16:9,"PAL, SECAM",2 ,8 Вт,18.6 кг,,Есть,Android 9.0,250 кд/м² ,,,,,,,,,Есть,,,,,,,,,,,,,,"MP3, JPEG, MPEG4",,,,,,5000:1,,,,,,,,,,,,,,,,,,,
"Ultra HD (4K) LED телевизор 65"" LG NanoCell 65NANO80VPA",84 999 р.,5,10,Индонезия,1 год,WebOS,,"65"" (165.1 см) ",NanoCell ,3840x2160 Пикс (4K Ultra HD) ,Есть ,Есть ,Есть ,Голосом ,Есть,Есть ,Есть,,Есть,,Есть,300x300 ,Есть,,Есть,Есть,"DVB-C, DVB-S, DVB-T, DVB-S2, DVB-T2 ",ULTRA Surround,,,,,,4 ,2.0,,,Есть,,,Есть ,2,Есть ,Есть,Есть ,,,,,,,,,,,,,,,16:9,"PAL, SECAM",2 ,2x10 Вт,,,,,,,,60 Гц ,,,,,,Есть,IPS,,Edge LED,,,2.0,,,4,,,,,,,,,,,,,,,,,,,,,,,,,,,,,,
"Ultra HD (4K) LED телевизор 55"" LG NanoCell 55NANO80VPA",64 999 р.,5,11,Индонезия,1 год,,,"55"" (139.7 см) ",NanoCell ,3840x2160 Пикс (4K Ultra HD) ,Есть ,Есть ,,Голосом ,Есть,Есть ,Есть,,Есть,,Есть,300x300 ,Есть,Есть,Есть,Есть,"DVB-C, DVB-S, DVB-T, DVB-S2, DVB-T2 ",ULTRA Surround,,,,,,4 ,2.0,,,Есть,,,Есть ,2,Есть ,Есть,Есть ,,,,,Есть ,,,,,,,,,,16:9,"PAL, SECAM",2 ,2x10 Вт,,,,,,,,60 Гц ,,,,,,Есть,IPS,,Edge LED,,,2.0,,,4,,,,,,,,,,,,,,,,,,,,,,,,,,,,,,
"Ultra HD (4K) LED телевизор 55"" Grundig 55 GGU 7970A",58 999 р.,5,31,Турция,1 год,Android TV,64.1 Вт,"55"" (139.7 см) ",LED ,3840x2160 Пикс (4K Ultra HD) ,Есть ,Есть ,Есть ,Голосом ,Есть,,Есть,,Есть,Есть,,,Есть,Есть,Есть,Есть,"DVB-S, DVB-C2, DVB-T2 ",Dolby Digital/ DTS,,,,,,3 ,2.1,,,,,,Есть ,2,,Есть,Есть ,,,,,Есть ,79.3 см,123.9 см,32.6 см,,,,,,,,"PAL, SECAM",,20 Вт,14 кг,,,Android 11.0,,,,60 Гц ,,,,,,Есть,,UHD 4K,,,,,,,,,,,,,,,,,,,,,,,,,,,,,,,,,,,,,
"Ultra HD (4K) LED телевизор 50"" Realme TV 50 RMV2005",29 999 р.,5,35,Китай,1 год,Android TV,120 Вт,"50"" (127 см) ",LED ,3840x2160 Пикс (4K Ultra HD) ,Есть ,Есть ,Есть ,Голосом ,,,,,,,Есть,200x200 ,,,,Есть,"DVB-C, DVB-S, DVB-T, DVB-C2, DVB-S2, DVB-T2 ","Dolby Atmos, DTS",,,,,,3 ,,,,,,,Есть ,2,Есть ,Есть,Есть ,,,,,Есть ,70.7 см,111 см,25.9 см,64.7 см,111 см,7.5 см,9.2 кг,9 кг,Черный ,16:9,"PAL, SECAM",4 ,24 Вт,,,,,,,,60 Гц ,,,,,,,,UHD 4K 1000,,,,,,,,,,,,,,,,,,,,,,,,,,,,,,,,,,,,,
"Ultra HD (4K) LED телевизор 65"" Grundig 65 GGU 8960",84 999 р.,5,18,Турция,1 год,Android TV,111 Вт,"65"" (165.1 см) ",LED ,3840x2160 Пикс (4K Ultra HD) ,Есть ,Есть ,Есть ,Голосом ,Есть,,Есть,,Есть,Есть,,,Есть,Есть,Есть,Есть,"DVB-S, DVB-C2, DVB-T2 ",Dolby Atmos,,,,,,3 ,2.1,,,,,,Есть ,2,,Есть,Есть ,,,,,Есть ,91.7 см,145.4 см,37.2 см,,,,,,,,"PAL, SECAM",,20 Вт,20.8 кг,,,Android 11.0,,,,60 Гц ,,,,,,Есть,,UHD 4K 1000,,,,,,,,,,,,,,,,,,,Dolby Vision,,,,,,,,,,,,,,,,,,
"Ultra HD (4K) LED телевизор 55"" Sony KD-55X85K",97 499 р.,5,11,Бельгия,1 год,Android TV,122 Вт,"55"" (139.7 см) ",Triluminos ,3840x2160 Пикс (4K Ultra HD) ,Есть ,Есть ,Есть ,Голосом ,Есть,,Есть,,Есть,Есть,Есть,300x300 ,Есть,Есть,,Есть,"DVB-C, DVB-S, DVB-T, DVB-C2, DVB-S2, DVB-T2 ",,,Есть,,,,4 ,,,,,,Есть,Есть ,2,Есть ,Есть,Есть ,,,,,,,,,,,,,,,,"PAL, SECAM",2 ,20 Вт,,,,11.0,,16 ГБ,,120 Гц ,,,,Есть,,,,Motionflow XR 960,Direct LED,,,2.0,,,,,,,,,,,,,,,,,,,,,,,,,,,,,,,,,
"Ultra HD (4K) LED телевизор 50"" Grundig 50 GGU 7900B",51 999 р.,5,23,Турция,1 год,Android TV,54.1 Вт,"50"" (127 см) ",LED ,3840x2160 Пикс (4K Ultra HD) ,Есть ,Есть ,Есть ,,Есть,,Есть,,Есть,Есть,,,Есть,Есть,Есть,Есть,"DVB-S, DVB-C2, DVB-T2 ",Dolby Atmos,,,,,,3 ,2.1,,,,,,Есть ,2,,Есть,Есть ,,,,,Есть ,72.1 см,112.2 см,24 см,,,,,,Черный ,,"PAL, SECAM",,20 Вт,11.2 кг,,,Android 11.0,,,,60 Гц ,,,,,,Есть,,UHD 4K,,,,,,,,,,,,,,,,,,,,,,,,,,,,,,,,,,,,,
"Ultra HD (4K) LED телевизор 65"" Grundig 65 GGU 7900B",59 999 р.,5,28,Турция,1 год,Android TV,84.1 Вт,"65"" (165.1 см) ",LED ,3840x2160 Пикс (4K Ultra HD) ,Есть ,Есть ,Есть ,,Есть,,Есть,,Есть,Есть,,,Есть,Есть,Есть,Есть,"DVB-S, DVB-C2, DVB-T2 ",Dolby Atmos,,,,,,3 ,2.1,,,,,,Есть ,2,,Есть,Есть ,,,,,Есть ,91.8 см,145.9 см,29.2 см,,,,,,Черный ,,"PAL, SECAM",,20 Вт,19.6 кг,,,Android 11.0,,,,60 Гц ,,,,,,Есть,,UHD 4K,,,,,,,,,,,,,,,,,,,,,,,,,,,,,,,,,,,,,
"Ultra HD (4K) LED телевизор 43"" Grundig 43 GGU 7950A",42 999 р.,5,45,Турция,1 год,Android TV,51.1 Вт,"43"" (109.2 см) ",LED ,3840x2160 Пикс (4K Ultra HD) ,Есть ,Есть ,Есть ,,Есть,,Есть,,Есть,Есть,,,Есть,Есть,Есть,Есть,"DVB-S, DVB-C2, DVB-T2 ",Dolby Digital/ DTS,,,,,,3 ,2.1,,,,,,Есть ,2,,Есть,Есть ,,,,,Есть ,63.1 см,96.8 см,24 см,,,,,,Серый ,,"PAL, SECAM",,20 Вт,8.95 кг,,,Android 11.0,,,,60 Гц ,,,,,,Есть,,UHD 4K,,,,,,,,,,,,,,,,,,,,,,,,,,,,,,,,,,,,,
"Ultra HD (4K) LED телевизор 50"" Philips 50PUS7956/60",27 999 р.,4,47,Россия,1 год,Android TV,,"50"" (127 см) ",LED ,3840x2160 Пикс (4K Ultra HD) ,Есть ,Есть ,Есть ,,Есть,Есть ,Есть,,,,Есть,200x300 ,,Есть,Есть,Есть,"DVB-C, DVB-S, DVB-T, DVB-S2, DVB-T2 ",Dolby Atmos,,,,,,4 ,2.0,,,Есть,,Есть,Есть ,2,Есть ,Есть,Есть ,,,,,Есть ,,,,,,,,,,16:9,"PAL, SECAM",2 ,20 Вт,,,,Android 10.0,350 кд/м² ,,,60 Гц ,,,,,,Есть,,,,,,2.0,,,,,,,,,,,,,,,,Есть,,,,,,,,,,,,,,,,,
"LED телевизор 32"" Philips 32PHS5505/60",9 999 р.,5,52,Россия,1 год,,24 Вт,"32"" (81.3 см) ",LED ,1366x768 Пикс (HD-Ready) ,,Есть ,,,Есть,Есть ,Есть,,Есть,,Есть,100x100 ,,,Есть,Есть,"DVB-C, DVB-T, DVB-S2, DVB-T2 ",Incredible Surround,,,,,,2 ,1.4,,,Есть,Есть,,Есть ,,,,,,,,,,,,,45.39 см,73.26 см,16.65 см,4 кг,,Черный ,16:9,"PAL, SECAM",2 ,5 Вт,3.9 кг,,,,,,,50 Гц ,,,,,,,,350 PPI,,,,,,Pixel Plus HD,,,,,,,,,,,,,,,,,,,,,,,,,,,,,,,
"Ultra HD (4K) LED телевизор 55"" Toshiba 55C350KE",39 999 р.,5,190,Россия,1 год,VIDAA,130 Вт,"55"" (139.7 см) ",LED ,3840x2160 Пикс (4K Ultra HD) ,Есть ,Есть ,Есть ,,Есть,Есть ,Есть,,Есть,Есть,,200x300 ,Есть,Есть,Есть,Есть,"DVB-C, DVB-S, DVB-T, DVB-S2, DVB-T2 ",DTS Studio Sound,,Есть,Есть,,,3 ,2.1,,,,,,Есть ,2,Есть ,Есть,Есть ,,,,,Есть ,,,,75.8 см,,,,,,16:9,"PAL, SECAM",2 ,2 x 8 Вт,,,,,,,,60 Гц ,,,,,,,IPS,,,,,,,,,,,,,,,,,,,,,,,,,,,,,,,,,,,,,,
"Ultra HD (4K) LED телевизор 65"" Philips 65PUS7406/60",44 999 р.,5,49,Россия,1 год,Android TV,,"65"" (165.1 см) ",LED ,3840x2160 Пикс (4K Ultra HD) ,Есть ,Есть ,Есть ,,Есть,Есть ,Есть,,,,Есть,200x200 ,,Есть,Есть,Есть,"DVB-C, DVB-S, DVB-T, DVB-S2, DVB-T2 ",Dolby Atmos,,,,,,4 ,2.0,,,Есть,,Есть,Есть ,2,Есть ,Есть,Есть ,,,,,Есть ,,,,86.73 см,144.75 см,,,,,16:9,"PAL, SECAM",2 ,20 Вт,,,,Android 10.0,350 кд/м² ,,,60 Гц ,,,,,,,,,,,,2.0,,,,,,,,,,,,,,,,,,,,,,,,,,,,,,,,,
"LED телевизор 32"" Samsung UE32N5000AU",21 999 р.,5,20,Россия,1 год,,59 Вт,"32"" (81.3 см) ",LED ,1920x1080 Пикс (Full HD) ,,Есть ,,,Есть,Есть ,Есть,Есть ,,,Есть,,,Есть,,Есть,"DVB-C, DVB-S2, DVB-T2 ",Dolby Digital Plus,,Есть,Есть,Есть,Есть,2 ,1.4,,,Есть,,,Есть ,1,,,,,,,,Есть ,46.54 см,73.74 см,15.05 см,,,,,,,16:9,"PAL, SECAM",2 ,10 Вт,,,,,,,,50 Гц ,,,,,,,,,,,,,,Hyper Real,,Samsung,,,Есть,,,,,1 ,,,,,Есть ,,,,,,,,,,,,,,,,
"Ultra HD (4K) LED телевизор 65"" Grundig 65 GGU 7970A",77 999 р.,5,27,Турция,1 год,Android TV,84.1 Вт,"65"" (165.1 см) ",LED ,3840x2160 Пикс (4K Ultra HD) ,Есть ,Есть ,Есть ,,Есть,,Есть,,Есть,Есть,,,Есть,Есть,Есть,Есть,"DVB-S, DVB-C2, DVB-T2 ",Dolby Digital,,,,,,3 ,2.1,,,,,,Есть ,2,,Есть,Есть ,,,,,Есть ,92.2 см,145.9 см,37.2 см,,,,,,Серый ,,"PAL, SECAM",,20 Вт,19.35 кг,,,Android 11.0,,,,60 Гц ,,,,,,Есть,,UHD 4K,,,,,,,,,,,,,,,,,,,,,,,,,,,,,,,,,,,,,
"LED телевизор 43"" Hisense 43A5730FA",17 999 р.,5,126,Россия,1 год,,,"43"" (109.2 см) ",LED ,1920x1080 Пикс (Full HD) ,,,Есть ,,,,,Есть ,Есть,Есть,Есть,200x100 ,,Есть,Есть,Есть,"DVB-C, DVB-S, DVB-T, DVB-S2, DVB-T2 ",DTS Studio Sound,,,,,,,1.4,,,Есть,,Есть,Есть ,2,Есть ,Есть,Есть ,,,,,Есть ,60.6 см,95.5 см,18.2 см,,,,,,,16:9,,2 ,2 x 7 Вт,,1200 :1,,,,,,60 Гц ,,178 ° ,,,,,,,Direct LED,,,,,MSD6683,,,,,,"MP3, AVI, MKV",,,,,,,,,,Есть ,,,,,,,,,,,,,,,
"Ultra HD (4K) LED телевизор 65"" Toshiba 65C350KE",54 999 р.,5,45,Россия,1 год,VIDAA,150 Вт,"65"" (165.1 см) ",LED ,3840x2160 Пикс (4K Ultra HD) ,Есть ,Есть ,,,Есть,Есть ,Есть,,Есть,Есть,,,Есть,,Есть,Есть,"DVB-C, DVB-S, DVB-T, DVB-S2, DVB-T2 ",DTS Studio Sound,34 Вт,Есть,Есть,,,3 ,2.1,,,Есть,,Есть,Есть ,2,Есть ,Есть,Есть ,,,,,,,,,,,,,,,16:9,"PAL, SECAM",2 ,2 x 7 Вт,,,,,,,,60 Гц ,,,,,,,IPS,,,,,,,Quad Core/NT72671D,,,,,,,,,,,,,,,,,Есть ,20 Вт,,,,,,,,,,,,,
"Ultra HD (4K) LED телевизор 43"" Artel UA43H3502",24 999 р.,5,154,Узбекистан,1 год,Android TV,65 Вт,"43"" (109.2 см) ",LED ,3840x2160 Пикс (4K Ultra HD) ,,Есть ,Есть ,Голосом ,,Есть ,Есть,,,Есть,Есть,300x300 ,,Есть,,Есть,"DVB-C, DVB-S, DVB-T, DVB-C2, DVB-S2, DVB-T2 ",,,Есть,,Есть,,2 ,,,,,,Есть,Есть ,2,Есть ,Есть,Есть ,,,,,Есть ,61.5 см,96.2 см,,,,,,,,16:9,"PAL, SECAM",2 ,20 Вт,,,,9.0,,16 ГБ,2 ГБ,60 Гц ,,,,,,,,,,,,,,,,,,,,,,,,,,,,,,,,,,,,,,,,,,,,,
"Ultra HD (4K) LED телевизор 43"" Haier 43 Smart TV MX",23 999 р.,4,120,Россия,1 год,Android TV,86 Вт,"43"" (109.2 см) ",LED ,3840x2160 Пикс (4K Ultra HD) ,Есть ,Есть ,,Голосом ,Есть,Есть ,Есть,,Есть,,Есть,200x200 ,,Есть,Есть,Есть,"DVB-C, DVB-S, DVB-T, DVB-C2, DVB-S2, DVB-T2 ",NICAM стерео,,,Есть,,,1 ,2.0,,,Есть,Есть,Есть,Есть ,2,,Есть,Есть ,,,,,Есть ,,,,,,,,,,16:9,"PAL, SECAM",2 ,8 Вт,,,,Android 9.0,,,,60 Гц ,,,,,,Есть,,,,,,,,,,,,,,,,,,,,,,,,,,,,,,,,,,,,,,,
"UHD (4K) OLED телевизор 55"" Philips 55OLED807/12",159 999 р.,5,16,Польша,1 год,Android TV,,"55"" (139.7 см) ",OLED ,3840x2160 Пикс (4K Ultra HD) ,Есть ,Есть ,Есть ,Голосом ,Есть,Есть ,Есть,Есть ,Есть,,,,Есть,,Есть,Есть,"DVB-C, DVB-S, DVB-T, DVB-S2, DVB-T2 ",,70 Вт,,,,,4 ,2.1,,,Есть,,Есть,Есть ,3,,,,,,,,,,,,,,,,,,16:9,"PAL, SECAM",4 ,40 Вт,,,,11.0,,,,120 Гц ,,,,,,Есть,,,,,,2.1,Есть,P5 AI Perfect Picture,,,,Есть,,,,,,,,,,Есть,,,Есть ,30 Вт,,,,,,,,,,,,,
"Ultra HD (4K) LED телевизор 50"" Витязь 50LU1204 Smart",17 999 р.,4,109,Беларусь,1 год,Android TV,179 Вт,"50"" (127 см) ",,3840x2160 Пикс (4K Ultra HD) ,,Есть ,Есть ,,Есть,Есть ,,Есть ,,,,200x200 ,,,,Есть,"DVB-C, DVB-S2, DVB-T2 ",Dolby Digital 2.0,,,,,,3 ,,,Есть,,,,Есть ,2,Есть ,,Есть ,,,,,Есть ,,,,71 см,112 см,25.8 см,,,,16:9,"PAL, SECAM",2 ,8 Вт,10.9 кг,,Есть,Android 9.0,250 кд/м² ,,,,,,,,,Есть,,,,,,,,,,,,,,"MP3, JPEG, MPEG4",,,,,,5000:1,,,,,,,,,,,,,,,,,,,
"LED телевизор 50"" Hi VHIX-50U169TSY Titanium",16 999 р.,5,61,Беларусь,1 год,Яндекс.ТВ,68 Вт,"50"" (127 см) ",,3840x2160 Пикс (4K Ultra HD) ,,,Есть ,,Есть,Есть ,Есть,,,Есть,,200x200 ,,,,Есть,"DVB-C, DVB-S2, DVB-T2 ",,,,Есть,,,3 ,,,Есть,,,Есть,,2,Есть ,,Есть ,,,,,,77.3 см,123.3 см,25.8 см,71.2 см,123.3 см,8 см,,,Серый ,16:9,"PAL, SECAM",2 ,8 Вт,11.5 кг,,Есть,,,,,,,,,,,,,,,,,2.0,,,,,,,,,,,,,,,,,,,,,,,,,,,,,,,,,
"Ultra HD (4K) LED телевизор 50"" Haier Smart TV MX",28 999 р.,4,116,Россия,1 год,,120 Вт,"50"" (127 см) ",LED ,3840x2160 Пикс (4K Ultra HD) ,Есть ,,Есть ,Голосом ,Есть,Есть ,,,Есть,Есть,Есть,200x200 ,Есть,,Есть,Есть,"DVB-C, DVB-S, DVB-T, DVB-C2, DVB-S2, DVB-T2 ",NICAM стерео,,,Есть,Есть,Есть,4 ,2.0,,,Есть,Есть,Есть,Есть ,2,Есть ,Есть,Есть ,,,,,,,,,,,,,,,16:9,"PAL, SECAM",2 ,2х10 Вт,,,,,,,,60 Гц ,,,,,,Есть,,,,,,,,,,,,,,,,,,,,,,,,,,,,,,,,,,,,,,,
"Ultra HD (4K) LED телевизор 50"" Haier Smart TV MX",28 999 р.,4,116,Россия,1 год,,120 Вт,"50"" (127 см) ",LED ,3840x2160 Пикс (4K Ultra HD) ,Есть ,,Есть ,Голосом ,Есть,Есть ,,,Есть,Есть,Есть,200x200 ,Есть,,Есть,Есть,"DVB-C, DVB-S, DVB-T, DVB-C2, DVB-S2, DVB-T2 ",NICAM стерео,,,Есть,Есть,Есть,4 ,2.0,,,Есть,Есть,Есть,Есть ,2,Есть ,Есть,Есть ,,,,,,,,,,,,,,,16:9,"PAL, SECAM",2 ,2х10 Вт,,,,,,,,60 Гц ,,,,,,Есть,,,,,,,,,,,,,,,,,,,,,,,,,,,,,,,,,,,,,,,
"LED телевизор 32"" Hi VHIT-32F102SS Silver",9 399 р.,4,82,Беларусь,1 год,,35 Вт,"32"" (81.3 см) ",,1920x1080 Пикс (Full HD) ,,,,,Есть,Есть ,Есть,,,Есть,,,,,,Есть,"DVB-C, DVB-S2, DVB-T2 ",,,,,,,3 ,2.2,,Есть,,,Есть,,1,,,,,,,,,"47,4 см",73 см,"18,7 см",43.1 см,73 см,7.8 см,,,Серебристый ,16:9,"PAL, SECAM",2 ,8 Вт,3.6 кг,,Есть,,,,,,,,,,,,,,,,,2.0,,,,,,,,,,,,,,,,,,,,,,,,,,,,,,,,,
"Ultra HD (4K) LED телевизор 43"" Toshiba 43C350KE",27 499 р.,5,109,Россия,1 год,VIDAA,80 Вт,"43"" (109.2 см)",LED,3840x2160 Пикс (4K Ultra HD),Есть,,Есть,,Есть,Есть,Есть,,Есть,Есть,,200x300,Есть,Есть,Есть,Есть,"DVB-C, DVB-S, DVB-T, DVB-S2, DVB-T2",DTS Studio Sound,,,Есть,,,3,2.1,,,Есть,,Есть,Есть,2,Есть,Есть,Есть,,,,,Есть,,,,,,,,,,16:10,"PAL, SECAM",2,2 x 7 Вт,,,,VIDAA U5.0,,,,60 Гц,,,,,,,,,,,,2.0,,,,,,,,,,,,,,,,,,,,,,,,,,,,,,,,,
"Ultra HD (4K) LED телевизор 55"" Витязь 55LU1207 Smart",19 999 р.,4,96,Беларусь,1 год,Android TV,,"55"" (139.7 см) ",LED ,3840x2160 Пикс (4K Ultra HD) ,,Есть ,Есть ,,Есть,Есть ,Есть,Есть ,,,,400x200 ,,,,Есть,"DVB-C, DVB-S2, DVB-T2 ",Dolby Digital 2.0,,,,Есть,,3 ,,,Есть,,,Есть,Есть ,2,Есть ,,Есть ,,,,,Есть ,79 см,124.8 см,,,,,,,,16:9,"PAL, SECAM",2 ,8 Вт,,5000:1,Есть,,250 кд/м² ,,,,178 °,178 ° ,8 мс,,,,,,,,,,Есть,,,,,,Есть,,,,,,,,,,,,,,,,,,,,,,,,,,
"LED телевизор 32"" Grundig 32 GGH 6900B",24 999 р.,5,21,Турция,1 год,Android TV,27.2 Вт,"32"" (81.3 см) ",LED ,1366x768 Пикс (HD-Ready) ,,Есть ,Есть ,,Есть,,Есть,,Есть,Есть,,,Есть,Есть,Есть,Есть,"DVB-S, DVB-C2, DVB-T2 ",Dolby Digital,,,,,,2 ,2.0,,,,,,Есть ,1,,Есть,Есть ,,,,,Есть ,45.5 см,72.1 см,16.8 см,,,,,,Черный ,,"PAL, SECAM",,16 Вт,3.6 кг,,,Android 9.0,,,,60 Гц ,,,,,,Есть,,UHD 4K,,,,,,,,,,,,,,,,,,,,,,,,,,,,,,,,,,,,,
"Ultra HD (4K) OLED телевизор 55"" Grundig 55 OLED GG 970B",149 999 р.,5,24,Турция,1 год,Android TV,101 Вт,"55"" (139.7 см) ",OLED ,3840x2160 Пикс (4K Ultra HD) ,Есть ,Есть ,Есть ,Голосом ,Есть,,Есть,,Есть,Есть,,,Есть,Есть,Есть,Есть,"DVB-S, DVB-C2, DVB-T2 ",Dolby Atmos,,,,,,3 ,2.1,,,,,,Есть ,2,,Есть,Есть ,,,,,Есть ,79.4 см,122.8 см,31.7 см,,,,,,,,"PAL, SECAM",,20 Вт,25 кг,,,Android 11.0,,,,60 Гц ,,,,,,Есть,,UHD 4K 1000,,,,,,,,,,,,,,,,,,,Dolby Vision,,,,,,,,,,,,,,,,,,
"Ultra HD (4K) LED телевизор 65"" Haier 65 Smart TV MX",54 999 р.,5,63,Китай,1 год,Android TV,,"65"" (165.1 см) ",LED ,3840x2160 Пикс (4K Ultra HD) ,Есть ,Есть ,Есть ,Голосом ,Есть,Есть ,Есть,,Есть,,Есть,400x200 ,Есть,,,Есть,"DVB-C, DVB-S, DVB-T, DVB-C2, DVB-S2, DVB-T2 ",,,,Есть,Есть,,4 ,,,,Есть,,Есть,Есть ,2,Есть ,Есть,Есть ,,,,,,89.9 см,144.8 см,30 см,,,,,,,16:9,"PAL, SECAM",2 ,10 Вт,,,,9.0,,,,60 Гц ,,,,,,Есть,,,,,,,,,,,,,,,,,,,,,,,,,,,,,,,,,,,,,,,
"LED телевизор 24"" Novex NWX-24H121WSY",8 699 р.,4,53,Беларусь,1 год,Яндекс.ТВ,25 Вт,"24"" (61 см) ",LED ,1366x768 Пикс (HD-Ready) ,,Есть ,,Голосом ,Есть,Есть ,Есть,,,,Есть,,,Есть,,Есть,"DVB-C, DVB-S, DVB-T, DVB-T2 ",,,,,Есть,,1 ,,,Есть,,,Есть,Есть ,2,Есть ,,Есть ,,,,,,,,,36.3 см,55.2 см,15.1 см,,,Белый ,16:9,"PAL, SECAM",2 ,3 Вт,2.5 кг,,Есть,,,,,50 Гц ,,,,,,,,,,,,,,,,,,,,,,,,,,,,,,,,,,,,,,,,,,,,,
"Ultra HD (4K) OLED телевизор 55"" LG OLED55C14LB",139 999 р.,5,135,Россия,1 год,WebOS,109 Вт,"55"" (139.7 см) ",OLED ,3840x2160 Пикс (4K Ultra HD) ,Есть ,,Есть ,Голосом ,Есть,Есть ,Есть,,,,Есть,300x200 ,Есть,,Есть,Есть,"DVB-C, DVB-S, DVB-T, DVB-S2, DVB-T2 ",OLED Surround,40 Вт,,,,,4 ,2.1,,,Есть,,Есть,Есть ,3,Есть ,Есть,Есть ,,,,,,,,,,,,,,,16:9,,,2x10 Вт,,,,,,,,120 Гц ,,,,,,Есть,,,,Есть,,2.2,,,,,,,,,Есть,,,,,,,,,,Есть ,2x10 Вт,,,,,,,,,,,,,
"LED телевизор 32"" Samsung UE32N4010AUXRU",13 999 р.,5,116,Россия,1 год,,,"32"" (81.3 см) ",LED ,1366x768 Пикс (HD-Ready) ,,,,,Есть,Есть ,Есть,Есть ,,,Есть,100x100 ,,Есть,,Есть,"DVB-C, DVB-S2, DVB-T2 ",Dolby Digital Plus,,Есть,,Есть,,2 ,1.4,,,Есть,,,Есть ,1,,,,,,,,Есть ,46.5 см,73.7 см,15 см,43.8 см,72.7 см,7.41 см,3.9 кг,,,16:9,"PAL, SECAM",2 ,10 Вт,3.8 кг,,,,200 кд/м² ,,,,,,,Есть,,,,,,,,,,,,,,,Есть,,,,,1 ,,,,,Есть ,,,,,,,,,,,,,,,,
"LED телевизор 32"" TCL LED32D3000",8 499 р.,5,14,Китай,1 год,,50 Вт,"32"" (81.3 см) ",LED ,1366x768 Пикс (HD-Ready) ,,Есть ,,,Есть,,Есть,Есть ,,,Есть,100x100 ,,Есть,,Есть,"DVB-C, DVB-S, DVB-T, DVB-S2, DVB-T2 ",,,Есть,,Есть,,2 ,,,,,,,Есть ,1,,,,,,,,Есть ,,,,,,,,,,16:9,"NTSC, PAL, SECAM",2 ,10 Вт,,3000 :1,Есть,,200 кд/м² ,,,60 Гц ,178 °,178 ° ,6.5 мс,,,,,,,Есть,,,Есть,,,,,,,,,,,,,,,,,,,,Есть,Есть,Есть,Есть,,,,,,,,,
"Ultra HD (4K) LED телевизор 65"" LG 65UQ80006LB",67 199 р.,5,14,Россия,1 год,WebOS,130 Вт,"65"" (165.1 см) ",LED ,3840x2160 Пикс (4K Ultra HD) ,Есть ,,Есть ,Голосом ,,,Есть,Есть ,Есть,,Есть,,Есть,Есть,,Есть,"DVB-C, DVB-S, DVB-T, DVB-C2, DVB-S2, DVB-T2 ",,,,,,,2 ,,,,,,,,,Есть ,Есть,Есть ,,,,,Есть ,90.2 см,145 см,26.7 см,,,,,,Серый ,,,2 ,20 Вт,21.8 кг,,,,,,,60 Гц ,,,,,,Есть,,,,,,,,,,,,,,,Есть,,,,,,,,,,,,,,,,,,,,,,,,
"Ultra HD (4K) QLED телевизор 65"" Toshiba 65C450KE",74 999 р.,5,28,Китай,1 год,VIDAA,190 Вт,"65"" (165.1 см) ",QLED ,3840x2160 Пикс (4K Ultra HD) ,Есть ,Есть ,Есть ,Голосом ,,,Есть,,Есть,Есть,Есть,200x300 ,Есть,Есть,,Есть,"DVB-C, DVB-S, DVB-T, DVB-S2, DVB-T2 ",Dolby Atmos,,Есть,Есть,,,3 ,2.1,,,,,,Есть ,2,Есть ,Есть,Есть ,,,,,Есть ,89.4 см,145.2 см,,,,,,,,,"PAL, SECAM",,20 Вт,,,,5.0,,,,60 Гц ,,,,,,Есть,,,,,,,,,,,,,,,,,,,,,,,,,,,,,,,,,,,,,,,
"Ultra HD (4K) LED телевизор 65"" Hi VHIX-65U169MSY  ",28 999 р.,4,36,Беларусь,1 год,Яндекс.ТВ,180 Вт,"65"" (165.1 см) ",LED ,3840x2160 Пикс (4K Ultra HD) ,,Есть ,Есть ,Голосом ,Есть,Есть ,Есть,,,Есть,,400x400 ,,Есть,,Есть,"DVB-C, DVB-S, DVB-S2, DVB-T2 ",Dolby Digital 2.0,,,,Есть,,3 ,2.0,,Есть,,,Есть,Есть ,1,Есть ,Есть,Есть ,,,,,Есть ,89.5 см,145.3 см,25.8 см,,,,,,,16:9,"PAL, SECAM",2 ,2х8 Вт,,,Есть,,,,,60 Гц ,,,,,,,,,,,,,,,,,,,,,,,,,,,,,,,,,,,,,,,,,,,,,
"Ultra HD (4K) LED телевизор 55"" Haier LE55U6900UG",33 999 р.,5,70,Китай,1 год,Android TV,,"55"" (139.7 см) ",LED ,3840x2160 Пикс (4K Ultra HD) ,,Есть ,,Голосом ,Есть,Есть ,Есть,,Есть,,,400x200 ,,,,Есть,"DVB-C, DVB-S, DVB-T, DVB-C2, DVB-S2, DVB-T2 ",Surrounding Sound,,,Есть,Есть,,4 ,2.0,,,Есть,,,Есть ,,Есть ,,Есть ,,,,,,76.9 см,123.4 см,27.8 см,72 см,123.4 см,7.4 см,,,,16:9,"PAL, SECAM",2 ,10 Вт,12.54 кг,3000:1,,9.0,,8 ГБ,,60 Гц ,,,,,,,,,,,,,,,,,,,,,,,,,,,,,,,,,,,,,,,,,,,,,
"LED телевизор 24"" Hi VHIX-24H152MSY",7 499 р.,4,226,Беларусь,1 год,Яндекс.ТВ,25 Вт,"24"" (61 см) ",LED ,1366x768 Пикс (HD-Ready) ,,Есть ,Есть ,Голосом ,Есть,Есть ,Есть,Есть ,,,,100x100 ,,Есть,,Есть,"DVB-C, DVB-S2, DVB-T2 ",,,,,Есть,,3 ,,,Есть,,,Есть,Есть ,2,Есть ,,Есть ,,,,,Есть ,,,,38.5 см,59.6 см,16.8 см,,,Черный ,16:9,"PAL, SECAM",2 ,3 Вт,2.5 кг,3000:1,Есть,,,,,,,,,,,,,,,,,,,,,,,,,,,,,,,,,,,,,,,,,,,,,,,,,,
"LED телевизор 32"" Samsung UE32N4000AUXRU",18 299 р.,5,148,Россия,1 год,,,"32"" (81.3 см) ",LED ,1366x768 Пикс (HD-Ready) ,,,,,Есть,Есть ,,Есть ,,,,100x100 ,,,,,,,,Есть,,,Есть,2 ,1.4,Есть,,,Есть,,Есть ,,,,,,,,,,,,,,,,,,,16:9,"NTSC, PAL, SECAM",2 ,10 Вт,,,,,1500 кд/м² ,2 ГБ,,,178 °,178 ° ,,Есть,,Есть,,"Motion Plus, Wide Color Enhancer Pro",,Есть,,,Есть,,,,,,,,,Есть,,2 ,,Mega,,,,,,,Есть,,,Есть,Есть,Есть,Есть,Есть,Есть,Есть,,,
"LED телевизор 43"" Samsung UE43T5300AUXRU",44 199 р.,5,50,Россия,1 год,Tizen,120 Вт,"43"" (109.2 см) ",LED ,1920x1080 Пикс (Full HD) ,Есть ,Есть ,Есть ,,Есть,Есть ,Есть,,,,Есть,200x200 ,,Есть,Есть,Есть,"DVB-C, DVB-S2, DVB-T2 ",Dolby Digital Plus,,,Есть,Есть,,2 ,2.0,,,Есть,,,Есть ,1,Есть ,,Есть ,,,,,,59.6 см,97.9 см,17 см,57.2 см,97.9 см,,,,,16:9,,,10 Вт,,,,,,,,60 Гц ,,,,,,,,1000 PQI,,,,,,,,,,,Есть,,,,,,,,,,,,,,,,,,,,,,,,,,
"Ultra HD (4K) LED телевизор 65"" Витязь 65LU1204 Smart",28 999 р.,5,43,Беларусь,1 год,Android TV,179 Вт,"65"" (165.1 см) ",,3840x2160 Пикс (4K Ultra HD) ,,Есть ,Есть ,,Есть,Есть ,,Есть ,,,,400x400 ,,,,Есть,"DVB-C, DVB-S2, DVB-T2 ",Dolby Digital 2.0,,,,,,3 ,,,Есть,,,,Есть ,2,Есть ,,Есть ,,,,,Есть ,,,,90 см,146 см,25.8 см,,,,16:9,"PAL, SECAM",2 ,8 Вт,18.6 кг,,Есть,Android 9.0,250 кд/м² ,,,,,,,,,Есть,,,,,,,,,,,,,,"MP3, JPEG, MPEG4",,,,,,5000:1,,,,,,,,,,,,,,,,,,,
"Ultra HD (4K) LED телевизор 50"" LG NanoCell 50NANO766PA",47 999 р.,4,15,Россия,1 год,WebOS,84 Вт,"50"" (127 см) ",NanoCell ,3840x2160 Пикс (4K Ultra HD) ,Есть ,,Есть ,Голосом ,Есть,Есть ,Есть,,,,Есть,200x200 ,Есть,Есть,Есть,Есть,"DVB-C, DVB-S, DVB-T, DVB-S2, DVB-T2 ",Ultra Surround,,,,,,3 ,2.0,,,Есть,,,,2,Есть ,Есть,Есть ,,,,,,,,,70.2 см,112.1 см,24.9 см,13.7 кг,,,16:9,"PAL, SECAM",1 ,2х10 Вт,,,,,,,,60 Гц ,,,,,,Есть,,,,,,,,,,,,,,,,,,,,,,,,,,,,,,,,,,,,,,,
"Ultra HD (4K) LED телевизор 70"" LG 70UP81006LA",99 999 р.,5,9,Россия,1 год,WebOS,140 Вт,"70"" (177.8 см) ",LED ,3840x2160 Пикс (4K Ultra HD) ,Есть ,Есть ,Есть ,Голосом ,,,,Есть ,,,,400x400 ,Есть,Есть,,Есть,"DVB-C, DVB-S, DVB-T, DVB-C2, DVB-S2, DVB-T2 ",Ultra Surround,,,,,Есть,3 ,2.0,,,Есть,,,Есть ,2,Есть ,Есть,Есть ,,,,,Есть ,,,,98.6 см,156.2 см,,,,,16:9,,2 ,20 Вт,,,,,,,,60 Гц ,,,,,,Есть,,True Color Accuracy,Direct LED,,,,,,,,,,Есть,,,,,,,,,,,,,,,,,,,,,,,,,,
"LED телевизор 32"" Samsung UE32T5300AU",20 999 р.,5,23,Вьетнам,1 год,Tizen,80 Вт,"32"" (81.3 см) ",LED ,1920x1080 Пикс (Full HD) ,Есть ,Есть ,Есть ,,Есть,Есть ,Есть,,,,Есть,,,,Есть,Есть,"DVB-C, DVB-S2, DVB-T2 ",Dolby Digital Plus,,,Есть,Есть,,2 ,2.0,,,Есть,,,Есть ,1,Есть ,,Есть ,,,,,Есть ,46.54 см,73.74 см,15.05 см,43.8 см,73.74 см,7.41 см,,4 кг,,16:9,"PAL, SECAM",,10 Вт,,,,,,,,50 Гц ,,,,,,,,Hyper Real 1000,,,,,,,,,,,,,,,,,,,,,,,,,,,,,,,,,,,,,
"LED телевизор 32"" Витязь 32LH1215",8 499 р.,5,38,Беларусь,1 год,Android TV,55 Вт,"32"" (81.3 см) ",LED ,1366x768 Пикс (HD-Ready) ,,Есть ,Есть ,,Есть,,Есть,,Есть,Есть,,100x100 ,,Есть,,Есть,"DVB-C, DVB-S, DVB-T, DVB-S2, DVB-T2 ",Dolby Digital Plus,,,,,Есть,2 ,1.3,,,Есть,,Есть,,2,Есть ,,Есть ,,,,,Есть ,,,,46.4 см,71.3 см,10.8 см,5.1 кг,3.9 кг,,16:9,,2 ,2х8 Вт,,,,11,,,,60 Гц ,,,,,,,IPS,,,,,,,,,,,,,,,,,,,,,,,,,,,,,,,,,,,,,,
"LED телевизор 24"" Novex NWT-24H133SS Silver",5 999 р.,4,20,Беларусь,1 год,,25 Вт,"24"" (61 см) ",LED ,1366x768 Пикс (HD-Ready) ,,Есть ,,,Есть,Есть ,Есть,,,Есть,,,,Есть,,Есть,"DVB-C, DVB-T, DVB-S2, DVB-T2 ",,,,,,,1 ,,,Есть,,,Есть,Есть ,2,,,,,,,,,"36,6 см",55.2 см,"15,1 см",33.2 см,55.2 см,6.7 см,,,Серебристый ,16:9,"PAL, SECAM",2 ,3 Вт,2.2 кг,,Есть,,,,,,,,,,,,,,,,,,,,,,,,,,,,,,,,,,,,,,,,,,,,,,,,,,
"Ultra HD (4K) LED телевизор 70"" Philips 70PUS7956/60",79 999 р.,5,35,Россия,1 год,Android TV,,"70"" (177.8 см) ",LED ,3840x2160 Пикс (4K Ultra HD) ,Есть ,Есть ,Есть ,,Есть,Есть ,Есть,,,Есть,Есть,300x300 ,,Есть,Есть,Есть,"DVB-C, DVB-S, DVB-T, DVB-S2, DVB-T2 ",Dolby Atmos,,,,,,4 ,2.0,,,Есть,,Есть,Есть ,2,Есть ,Есть,Есть ,,,,,,,,,,,,,,,16:9,"PAL, SECAM",2 ,20 Вт,,,,Android 10.0,350 кд/м² ,,,60 Гц ,,,,,,Есть,,,,,,2.0,,,,,,,,,,,,,,,,Есть,,,,,,,,,,,,,,,,,
"LED телевизор 43"" Novex NWT-43F171MS",11 999 р.,4,25,Беларусь,1 год,,68 Вт,"43"" (109.2 см) ",LED ,1920x1080 Пикс (Full HD) ,,Есть ,,,Есть,Есть ,Есть,,,,Есть,,,Есть,,Есть,"DVB-C, DVB-S2, DVB-T2 ",Dolby Digital 2.0,,,,Есть,,3 ,,,Есть,,,Есть,Есть ,1,,,,,,,,,,,,64 см,103 см,21.2 см,,,Черный ,16:9,"PAL, SECAM",2 ,8 Вт,7 кг,,Есть,,,,,50 Гц ,,,,,,,,,,,,,,,,,,,,,,,,,,,,,,,,,,,,,,,,,,,,,
"LED телевизор 32"" LG 32LQ630B6LA",19 999 р.,5,18,Россия,1 год,WebOS,48 Вт,"32"" (81.3 см) ",LED ,1366x768 Пикс (HD-Ready) ,Есть ,Есть ,Есть ,,Есть,Есть ,Есть,Есть ,,,Есть,200x200 ,Есть,,Есть,Есть,"DVB-C, DVB-S, DVB-T, DVB-S2, DVB-T2 ",AI Sound,,,,,,2 ,1.4,,,Есть,,,Есть ,1,Есть ,Есть,Есть ,,,,,,,,,,,,,,,,"PAL, SECAM",2 ,10 Вт,,,,,,,,60 Гц ,,,,,,,IPS,,Direct LED,,,2.0,Есть,,4,,,Есть,,,,,,,,,,,,,,,,,,,,,,,,,,,
"LED телевизор 32"" Hi VHIX-32F102TSY",11 899 р.,4,54,Беларусь,1 год,Яндекс.ТВ,35 Вт,"32"" (81.3 см) ",LED ,1920x1080 Пикс (Full HD) ,,Есть ,Есть ,,Есть,Есть ,Есть,,,,,,,Есть,,Есть,"DVB-C, DVB-S2, DVB-T2 ",Dolby Digital 2.0,,,,Есть,,3 ,2.2,,Есть,,,Есть,Есть ,2,Есть ,,Есть ,,,,,Есть ,47.4 см,73 см,18.7 см,,,,,,Серый ,16:9,,2 ,2х7 Вт,3.6 кг,,Есть,,,,,,,,,,,,,,,,,,,,,,,,,,,,,,,,,,,,,,,,,,,,,,,,,,
"LED телевизор 40"" TCL L40S65A",16 999 р.,5,14,Китай,1 год,Android TV,75 Вт,"40"" (101.6 см) ",LED ,1920x1080 Пикс (Full HD) ,Есть ,Есть ,Есть ,Голосом ,Есть,Есть ,Есть,,,,,,,Есть,,Есть,"DVB-C, DVB-S, DVB-T, DVB-S2, DVB-T2 ",,,,,,,1 ,,,,,,,Есть ,1,Есть ,Есть,Есть ,,,,,Есть ,,,,,,,,,Черный ,16:9,"PAL, SECAM",2 ,16 Вт,6.31 кг,,,,,,,60 Гц ,,,,,,,,,,,,2.0,,,,,,,,,,,,,,,,,,,,,,,,,,,,,,,,,
"Ultra HD (4K) QLED телевизор 50"" Samsung QE50Q60BAUXCE",64 999 р.,5,18,Россия,1 год,Tizen,145 Вт,"50"" (127 см) ",QLED ,3840x2160 Пикс (4K Ultra HD) ,Есть ,Есть ,Есть ,Голосом ,,Есть ,Есть,Есть ,Есть,,,200x200 ,Есть,,,,"DVB-S2, DVB-T2 ",,20 Вт,,,,,1 ,2.0,,,Есть,,,Есть ,2,Есть ,Есть,Есть ,,,,,,,,,,,,,,,16:9,,2 ,2х10 Вт,,,,,,,,60 Гц ,,,,,,Есть,,Quantum Processor Lite 4K,,,,,,Quantum 4K Lite,,Samsung,,,,,,,,1 ,,,Dolby Digital Plus,,,,,,,,,,,,Есть,,,,,,
"Ultra HD (4K) QLED телевизор 43"" Samsung QE43Q60BAU",57 999 р.,5,16,Узбекистан,1 год,Tizen,69 Вт,"43"" (109.2 см) ",QLED ,3840x2160 Пикс (4K Ultra HD) ,Есть ,Есть ,Есть ,Голосом ,Есть,Есть ,Есть,,Есть,,Есть,,Есть,,Есть,Есть,"DVB-C, DVB-S2, DVB-T2 ",Dolby Digital Plus,,,,,,3 ,2.0,,,,,,Есть ,2,Есть ,Есть,Есть ,,,,,Есть ,59.98 см,96.55 см,20.56 см,,,,8.9 кг,,,16:9,"PAL, SECAM",,20 Вт,,,,,,,,60 Гц ,,,,,,Есть,,,,,,,,,,,,,,,,,,,,,,,,,,,,,,,,,,,,,,,
"Ultra HD (4K) LED телевизор 55"" LG 55UQ76003LD",47 999 р.,5,14,Россия,1 год,WebOS,,"55"" (139.7 см) ",LED ,3840x2160 Пикс (4K Ultra HD) ,Есть ,Есть ,Есть ,Голосом ,Есть,Есть ,,Есть ,,,Есть,300x300 ,,Есть,Есть,,"DVB-C, DVB-S, DVB-T, DVB-S2, DVB-T2 ",,,Есть,,,,2 ,2.0,,,Есть,,,Есть ,1,Есть ,Есть,Есть ,,,,,Есть ,77.5 см,121.5 см,17.5 см,,,,,,,16:9,"PAL, SECAM",2 ,20 Вт,12 кг,,,,,,,60 Гц ,,,,,,,,,,,,2.0,,,,,,,Есть,,,,,,,,,,,,,,,,,,,,,,,,,,
"Ultra HD (4K) LED телевизор 65"" Haier 65 Smart TV S1",48 999 р.,5,29,Китай,1 год,Android TV,170 Вт,"65"" (165.1 см) ",LED ,3840x2160 Пикс (4K Ultra HD) ,Есть ,Есть ,Есть ,Голосом ,Есть,Есть ,Есть,,Есть,Есть,,,,,Есть,Есть,"DVB-C, DVB-T, DVB-S2, DVB-T2 ",NICAM стерео,,,,,Есть,4 ,2.1,,,,,Есть,,,,,,,,,,,,,,,,,,,,16:9,"PAL, SECAM",2 ,20 Вт,,6000:1,,11,300 кд/м² ,,,60 Гц ,178 °,178 ° ,6.5 мс,Есть,,Есть,,,Direct LED,Есть,Есть,,,,,,,,,,,Есть,,,,,,,,,,,,,,,,,,,,,,,
"LED телевизор 24"" V-HOME 24LH1211",7 199 р.,4,28,Беларусь,1 год,Яндекс.ТВ,,"24"" (61 см) ",LED ,1366x768 Пикс (HD-Ready) ,,Есть ,Есть ,Голосом ,Есть,Есть ,Есть,,,Есть,,100x100 ,,Есть,,Есть,"DVB-C, DVB-S, DVB-T, DVB-S2, DVB-T2 ",Dolby Digital,,,Есть,,,3 ,,,,,,,Есть ,2,Есть ,Есть,Есть ,,,,,Есть ,48.6 см,77.5 см,11.7 см,,,,3.5 кг,,,16:9,"PAL, SECAM",2 ,16 Вт,2.6 кг,,Есть,,,,,60 Гц ,,,,,,Есть,,,,,,,,,,,,,,,,,,,,,,,,,,,,,,,,,,,,,,,
"LED телевизор 40"" Harper 40F660TS Bl",16 790 р.,5,4,Россия,1 год,Android TV,,"40"" (101.6 см) ",LED ,1920x1080 Пикс (Full HD) ,,,Есть ,,,,,,Есть,,,400x200 ,,,,,"DVB-C, DVB-T2 ",,,,,Есть,,3 ,,,,,,Есть,Есть ,2,Есть ,,Есть ,,,,,,55.7 см,90.8 см,23.2 см,52.2 см,90.8 см,7.7 см,7.88 кг,,Черный ,16:9,,2 ,2х10 Вт,,80000:1,,,240 кд/м² ,4 ГБ,,60 Гц ,178 °,178 ° ,8 мс,,,,,,,,,,,,,,,,,,,Есть,,,,,,,,,,,,,,,,,,,,Есть,,,
"Ultra HD (4K) LED телевизор 55"" Samsung UE55AU7002U",44 999 р.,5,6,Россия,1 год,Tizen,162 Вт,"55"" (139.7 см) ",LED ,3840x2160 Пикс (4K Ultra HD) ,Есть ,Есть ,Есть ,,Есть,Есть ,Есть,,Есть,Есть,Есть,200x200 ,Есть,,Есть,Есть,"DVB-C, DVB-S2, DVB-T2 ",Dolby Audio,,,,,,4 ,2.1,,,Есть,,,Есть ,1,Есть ,Есть,Есть ,,,,,Есть ,,,,,,,,,,,"PAL, SECAM",2 ,2x10 Вт,,,,,,,,60 Гц ,,,,,,Есть,,,Direct LED,,,,,UHD 4K,,,,,,,,,,,,,,,,,,,,,,,,,,,,,,,
"Ultra HD (4K) OLED телевизор 48"" LG OLED48A2RLA",82 999 р.,5,10,Россия,1 год,WebOS,240 Вт,"48"" (121.9 см) ",OLED ,3840x2160 Пикс (4K Ultra HD) ,Есть ,Есть ,Есть ,Голосом ,Есть,Есть ,Есть,Есть ,,,Есть,300x200 ,Есть,,Есть,Есть,"DVB-C, DVB-S, DVB-T, DVB-S2, DVB-T2 ",AI Sound Pro,,,,,,3 ,2.0,,,Есть,,,Есть ,2,Есть ,Есть,Есть ,,,,,,,,,,,,,,,16:9,"PAL, SECAM",2 ,20 Вт,,,,,,,,60 Гц ,,,,,,Есть,,,,,,2.0,Есть,,,,,Есть,,,Есть,,,,,,,,,,,,,,,,,,,,,,,,
"LED телевизор 24"" Supra STV-LC24ST0045W",9 990 р.,4,9,Россия,1 год,,36 Вт,"24"" (61 см) ",LED ,1366x768 Пикс (HD-Ready) ,,Есть ,Есть ,,Есть,,,Есть ,,,Есть,100x100 ,,Есть,,,"DVB-C, DVB-T, DVB-T2 ",Стерео,,,,,,2 ,,,Есть,,,Есть,Есть ,2,Есть ,,Есть ,,,,,,,,,,,,,,,16:9,"PAL, SECAM",2 ,2 x 5 Вт,,,,Android 9.0,200 кд/м² ,8 ГБ,1 ГБ,60 Гц ,178 °,178 ° ,8 мс,,,,,,,,,,,Cortex-A55 quad core,,ARM,,,,"AVI, MKV, JPEG, MPEG4",,,,3 ,,80000:1,,,,,,,,,,,,,,,,,,,
"Ultra HD (4K) LED телевизор 55"" Haier 55 Smart TV S3",39 999 р.,5,26,Китай,1 год,Android TV,170 Вт,"55"" (139.7 см) ",QLED ,3840x2160 Пикс (4K Ultra HD) ,Есть ,Есть ,Есть ,Голосом ,Есть,Есть ,Есть,,Есть,Есть,,,,,Есть,Есть,"DVB-C, DVB-S, DVB-T, DVB-S2, DVB-T2 ",NICAM стерео,,Есть,Есть,,Есть,4 ,2.1,,,Есть,,,,,,,,,,,,,,,,,,,,,,16:9,"PAL, SECAM",2 ,30 Вт,,6000:1,,11,320 кд/м² ,,,60 Гц ,178 °,178 ° ,6.5 мс,Есть,,Есть,,,,Есть,Есть,,,,,,,,,,,,,,,,,,,,,,,,,,,,,,,,,,
"Ultra HD (4K) LED телевизор 50"" LG 50UQ81009LC",41 999 р.,5,11,Россия,1 год,WebOS,130 Вт,"50"" (127 см) ",,3840x2160 Пикс (4K Ultra HD) ,Есть ,Есть ,Есть ,Голосом ,Есть,Есть ,Есть,,,,Есть,200x200 ,Есть,Есть,Есть,Есть,"DVB-C, DVB-S, DVB-T, DVB-S2, DVB-T2 ",AI Sound,,,,,,2 ,2.0,,,Есть,,,Есть ,1,Есть ,Есть,Есть ,,,,,,,,,,,,,,,16:9,"PAL, SECAM",2 ,2x10 Вт,,,,,,,,60 Гц ,,,,,,Есть,,,,,,2.0,,α5 Gen5,,,,,,,Есть,,,,,,,,,,,,,,,,,,,,,,,,
"Ultra HD (4K) LED телевизор 50"" Samsung UE50BU8000U",54 999 р.,5,14,Россия,1 год,Tizen,78 Вт,"50"" (127 см) ",LED ,3840x2160 Пикс (4K Ultra HD) ,Есть ,Есть ,Есть ,,,,,Есть ,,,Есть,200x200 ,,Есть,Есть,,"DVB-C, DVB-S2, DVB-T2 ",,,,,,,3 ,,,,Есть,,,Есть ,2,Есть ,Есть,Есть ,,,,,,,,,,,,,,,16:9,"NTSC, PAL, SECAM",2 ,20 Вт,,,,6.5,,,,50 Гц ,178 °,178 ° ,8 мс,,,Есть,VA,,Edge LED,,,2.0,Есть,Crystal Processor 4K,4,,,,,,,,,,,,,,,,,,,,,,,,,,,,,,
"LED телевизор 24"" Harper 24R490TS",9 900 р.,5,3,Россия,1 год,Android TV,40 Вт,"24"" (61 см) ",LED ,1366x768 Пикс (HD-Ready) ,Есть ,Есть ,Есть ,,Есть,,Есть,Есть ,Есть,Есть,,,,,,,"DVB-C, DVB-T, DVB-T2 ",,,,,,,2 ,1.4,,,,,Есть,Есть ,2,Есть ,,,,,,,,,,,,,,,,,16:9,"NTSC, PAL, SECAM",2 ,6 Вт,,60000:1,,9.0,200 кд/м² ,8 ГБ,1 ГБ,60 Гц ,178 °,178 ° ,8 мс,,,,VA,,Direct LED,Есть,Есть,,Есть,Cortex-A55,,ARM,,,,,,,,,,,,,,,,,,,,,,,,,,,,,
"Ultra HD (4K) LED телевизор 43"" Samsung UE43BU8000U",44 999 р.,5,10,Узбекистан,1 год,Tizen,70 Вт,"43"" (109.2 см) ",LED ,3840x2160 Пикс (4K Ultra HD) ,Есть ,Есть ,Есть ,,,,,Есть ,,,Есть,200x200 ,,Есть,Есть,,"DVB-C, DVB-S2, DVB-T2 ",,,,,,,3 ,,,,Есть,,,Есть ,2,Есть ,Есть,Есть ,,,,,Есть ,59.9 см,96.55 см,20.56 см,55.99 см,96.55 см,,,,,16:9,,2 ,20 Вт,,,,,,,,50 Гц ,,,8 мс,,,Есть,,,,,,,Есть,Crystal Processor 4K,4,,,,,,,,,,,,,,,,,,,,,,,,,,,,,,
"LED телевизор 32"" Samsung UE32N4000BU",18 299 р.,5,4,Узбекистан,1 год,,59 Вт,"32"" (81.3 см) ",,1366x768 Пикс (HD-Ready) ,,Есть ,,,Есть,Есть ,Есть,,,,Есть,,,Есть,,Есть,"DVB-C, DVB-S, DVB-T, DVB-S2, DVB-T2 ",Dolby Digital Plus,,Есть,,Есть,,2 ,1.4,,,Есть,,,Есть ,1,,,,,,,,Есть ,43.8 см,73.7 см,15 см,43.8 см,73.7 см,7.41 см,3.9 кг,3.8 кг,Черный ,16:9,"PAL, SECAM",,10 Вт,,,,,,,,,,,,,,,,,,,,2.0,,,,,,,Есть,,,,,,,,,,,,,,,,,,,,,,,Есть,,,
"Ultra HD (4K) LED телевизор 50"" LG NanoCell 50NANO769QA",47 999 р.,5,7,Россия,1 год,WebOS,130 Вт,"50"" (127 см) ",NanoCell ,3840x2160 Пикс (4K Ultra HD) ,Есть ,Есть ,Есть ,Голосом ,Есть,Есть ,Есть,,,,Есть,200x200 ,Есть,,Есть,Есть,"DVB-C, DVB-S, DVB-T, DVB-S2, DVB-T2 ",AI Sound Pro,,,,,,3 ,2.0,,,Есть,,,Есть ,2,Есть ,Есть,Есть ,,,,,Есть ,,,,70.2 см,,,,,,16:9,"PAL, SECAM",2 ,2х10 Вт,,,,,,,,60 Гц ,,,,,,Есть,,,,,,,,,,,,,,,Есть,,,,,,,,,,,,,,,,,,,,,,,,
"LED телевизор 32"" Samsung UE32N4010AU",20 499 р.,5,10,Россия,1 год,,59 Вт,"32"" (81.3 см) ",LED ,1366x768 Пикс (HD-Ready) ,,Есть ,,,Есть,Есть ,Есть,Есть ,,,Есть,,,Есть,,Есть,"DVB-C, DVB-S2, DVB-T2 ",Dolby Digital Plus,,Есть,,,,2 ,1.4,,,Есть,,,Есть ,1,,,,,,,,Есть ,46.54 см,73.74 см,15.05 см,43.8 см,73.74 см,7.41 см,,,,16:9,"PAL, SECAM",2 ,10 Вт,,,,,,,,50 Гц ,,,,,,,,,,,,,,Hyper Real,,Samsung,,,Есть,,,,,1 ,,,,,Есть ,,,,,,,,,,,,,,,,
"Ultra HD (4K) LED телевизор 43"" LG NanoCell 43NANO756QA",35 999 р.,5,10,Китай,1 год,WebOS,82 Вт,"43"" (109.2 см) ",NanoCell ,3840x2160 Пикс (4K Ultra HD) ,Есть ,Есть ,Есть ,Голосом ,,Есть ,Есть,Есть ,,,Есть,,,,Есть,,"DVB-C, DVB-S, DVB-T, DVB-S2, DVB-T2 ",AI Sound Pro,,,,,,3 ,2.0,,,Есть,,,Есть ,2,Есть ,Есть,Есть ,,,,,,,,,,,,,,,16:9,,2 ,20 Вт,,,,,,,,60 Гц ,178 °,178 ° ,,,,Есть,VA,,Direct LED,,,2.0,Есть,,4,,,Есть,,,Есть,,,,,,,,,,,,,,,,,,,,,,,,
"Ultra HD (4K) LED телевизор 55"" LG NanoCell 55NANO806QA",69 999 р.,5,15,Китай,1 год,WebOS,,"55"" (139.7 см) ",NanoCell ,3840x2160 Пикс (4K Ultra HD) ,Есть ,Есть ,Есть ,Голосом ,Есть,Есть ,Есть,Есть ,,,,,Есть,,Есть,Есть,"DVB-C, DVB-S, DVB-T, DVB-S2, DVB-T2 ",AI Sound Pro,,,,,,4 ,2.0,,,Есть,,,Есть ,2,Есть ,Есть,Есть ,,,,,,,,,,,,,,,16:9,"PAL, SECAM",2 ,20 Вт,,,,,,,,60 Гц ,,,,,,Есть,IPS,,Edge LED,,,2.0,Есть,α5 Gen5 4K,4,,,Есть,,,,,,,,,,,,,,,,,,,,,,,,,,,
"LED телевизор 40"" Grundig 40 GGF 6900B",34 999 р.,5,21,Турция,1 год,Android TV,45.5 Вт,"40"" (101.6 см) ",LED ,1920x1080 Пикс (Full HD) ,,Есть ,Есть ,,Есть,,Есть,,Есть,Есть,,,Есть,Есть,Есть,Есть,"DVB-S, DVB-C2, DVB-T2 ",Dolby Digital,,,,,,2 ,2.0,,,,,,Есть ,1,,Есть,Есть ,,,,,Есть ,55.37 см,89.36 см,20.12 см,51.62 см,89.36 см,8.69 см,,,,,"PAL, SECAM",,16 Вт,6.7 кг,,,Android 9.0,,,,60 Гц ,,,,,,Есть,,UHD 4K,,,,,,,,,,,,,,,,,,,,,,,,,,,,,,,,,,,,,
"Ultra HD (4K) OLED телевизор 55"" LG OLED55A2RLA",97 999 р.,5,14,Россия,1 год,WebOS,130 Вт,"55"" (139.7 см) ",OLED ,3840x2160 Пикс (4K Ultra HD) ,Есть ,Есть ,Есть ,Голосом ,,,Есть,,Есть,,Есть,,Есть,,,Есть,"DVB-C, DVB-S, DVB-T, DVB-S2, DVB-T2 ",Dolby Atmos,,,,,,3 ,,,,Есть,,,Есть ,2,Есть ,Есть,Есть ,,,,,,,,,,,,,,,16:9,,2 ,20 Вт,,,,,,,,60 Гц ,,,,,,Есть,,LG ThinQ,,,,2.0,Есть,α7 Gen5,,,,Есть,,,Есть,,,,,,AI Sound Pro,,,,,,,,Есть,,,,,,,,Есть,,
"LED телевизор 32"" LG 32LQ63806LC",19 999 р.,5,7,Россия,1 год,WebOS,53 Вт,"32"" (81.3 см) ",LED ,1920x1080 Пикс (Full HD) ,Есть ,Есть ,Есть ,,Есть,,Есть,Есть ,,,Есть,200x200 ,Есть,Есть,,Есть,"DVB-C, DVB-S, DVB-T, DVB-S2, DVB-T2 ",AI Sound,,,,,,2 ,1.4,,,Есть,,,Есть ,1,Есть ,Есть,Есть ,,,,,Есть ,46.4 см,73.6 см,18 см,,,,4.7 кг,,,16:9,,2 ,2х5 Вт,,,,,,,,60 Гц ,,,,,,,,,Direct LED,,,,,,,,,,Есть,,,,,,,,,,,,,,,,,,,,,,,,,,
"LED телевизор 43"" V-HOME 43LF0214",10 999 р.,5,12,Беларусь,1 год,,,"43"" (109.2 см) ",LED ,1920x1080 Пикс (Full HD) ,,Есть ,,,Есть,Есть ,Есть,,Есть,Есть,,200x200 ,,Есть,,Есть,"DVB-C, DVB-S, DVB-T, DVB-S2, DVB-T2 ",,,,Есть,,,3 ,1.3,,,,,Есть,Есть ,2,Есть ,,,,,,,Есть ,63.9 см,104.8 см,10.7 см,,104.8 см,,8.6 кг,,Черный ,16:9,"PAL, SECAM",2 ,16 Вт,6.8 кг,,Есть,,,,,60 Гц ,,,,,,,,,,,,,,,,,,,,,,,,,,,,,,,,,,,,,,,,,,,,,
"Ultra HD (4K) QNED телевизор 55"" LG 55QNED816QA",74 999 р.,5,16,Индонезия,1 год,WebOS,160 Вт,"55"" (139.7 см) ",,3840x2160 Пикс (4K Ultra HD) ,Есть ,Есть ,Есть ,Голосом ,Есть,Есть ,,,,,Есть,,Есть,,Есть,Есть,"DVB-C, DVB-S, DVB-T, DVB-S2, DVB-T2 ",AI Sound Pro,,Есть,,,,4 ,2.1,,,Есть,,,Есть ,2,Есть ,Есть,Есть ,,,,,Есть ,78.1 см,123.3 см,27.1 см,,,,17.9 кг,,,16:9,"PAL, SECAM",2 ,2 Вт,,,,,,,,120 Гц ,,,,,,Есть,,,,,,,,,,,,,,,Есть,,,,,,,,,,,,,,,,,,,,,,,,
"Ultra HD (4K) LED телевизор 43"" LG 43UQ76003LD",32 999 р.,5,10,Китай,1 год,WebOS,,"43"" (109.2 см) ",LED ,3840x2160 Пикс (4K Ultra HD) ,Есть ,Есть ,Есть ,Голосом ,Есть,,Есть,Есть ,,,Есть,200x200 ,Есть,Есть,Есть,,"DVB-C, DVB-S, DVB-T, DVB-S2, DVB-T2 ",AI Sound,,,,,,2 ,2.0,,,Есть,,,Есть ,1,Есть ,Есть,Есть ,,,,,Есть ,,,,,,,,,,16:9,,2 ,20 Вт,,,,,,,,60 Гц ,,,,,,Есть,,,Direct LED,,,2.0,Есть,,4,,,Есть,,,,,,,,,,,,,,,,,,,,,,,,,,,
"LED телевизор 32"" Haier 32 Smart TV S1",15 999 р.,5,16,Россия,1 год,Android TV,57 Вт,"32"" (81.3 см) ",LED ,1920x1080 Пикс (Full HD) ,,Есть ,Есть ,Голосом ,Есть,,Есть,,Есть,Есть,,,Есть,,,Есть,"DVB-C, DVB-T, DVB-S2, DVB-T2 ",NICAM стерео,,Есть,Есть,,Есть,3 ,1.4,,,Есть,,Есть,Есть ,2,,,,,,,,,,,,,,,,,,16:9,"PAL, SECAM",2 ,2х8 Вт,,4000:1,,11,220 кд/м² ,,,60 Гц ,178 °,178 ° ,6.5 мс,,,Есть,,,,Есть,Есть,,,,,,,,,,,,,,,,,,,,,,,,,,,,,,,,,,
"Ultra HD (4K) QLED телевизор 55"" Samsung QE55Q60BAU",79 999 р.,5,8,Россия,1 год,Tizen,77 Вт,"55"" (139.7 см) ",QLED ,3840x2160 Пикс (4K Ultra HD) ,Есть ,Есть ,Есть ,Голосом ,Есть,,,,Есть,,Есть,200x200 ,Есть,Есть,,,"DVB-C, DVB-S, DVB-T, DVB-S2, DVB-T2 ",Dolby Digital Plus,,,,,,3 ,2.0,,,Есть,,,Есть ,2,Есть ,Есть,Есть ,,,,,Есть ,,,,74.8 см,123.2 см,22.9 см,16.2 кг,,,,"PAL, SECAM",,20 Вт,,,,,,,,60 Гц ,,,,,,Есть,,,,,,,,Quantum Processor 4K/ PQI 3100,,Qualcomm,,,,,,,,,,,,,,,,,,,,,,,,,,,,,
"Ultra HD (4K) LED телевизор 65"" LG 65UQ81009LC",76 999 р.,5,11,Россия,1 год,WebOS,185 Вт,"65"" (165.1 см) ",LED ,3840x2160 Пикс (4K Ultra HD) ,Есть ,Есть ,Есть ,Голосом ,Есть,Есть ,Есть,Есть ,,,,,Есть,,Есть,Есть,"DVB-C, DVB-S, DVB-T, DVB-S2, DVB-T2 ",AI Sound,,,,,,2 ,2.0,,,Есть,,,Есть ,1,Есть ,Есть,Есть ,,,,,,,,,,,,,,,16:9,"PAL, SECAM",2 ,20 Вт,,,,,,,,60 Гц ,,,,,,Есть,,,Direct LED,,,2.0,Есть,,4,,,Есть,,,Есть,,,,,,,,,,,,,,,,,,,,,,,,
"Ultra HD (4K) LED телевизор 75"" Hisense 75A6BG",89 999 р.,5,32,Россия,1 год,VIDAA,180 Вт,"75"" (190.5 см) ",,3840x2160 Пикс (4K Ultra HD) ,Есть ,Есть ,Есть ,Голосом ,Есть,,Есть,,Есть,Есть,Есть,400x300 ,Есть,,,Есть,"DVB-C, DVB-S, DVB-T, DVB-S2, DVB-T2 ",DTS Virtual X,,Есть,Есть,,,3 ,2.0,,,,,,Есть ,2,Есть ,Есть,Есть ,,,,,,96.1 см,167.7 см,35.7 см,,,,,,,16:9,"PAL, SECAM",2 ,2x15 Вт,,,,,,,,60 Гц ,,,,,,Есть,,,Direct LED,,,,,,,,,,,,,,,,,,,,,,,,,,,,,,,,,,,,
"Ultra HD (4K) LED телевизор 65"" Samsung UE65BU8000U",89 499 р.,5,9,Россия,1 год,Tizen,,"65"" (165.1 см) ",LED ,3840x2160 Пикс (4K Ultra HD) ,Есть ,Есть ,Есть ,,Есть,Есть ,Есть,,,,,400x300 ,,,Есть,Есть,"DVB-C, DVB-S, DVB-T, DVB-S2, DVB-T2 ",,,,,,,3 ,2.0,,,Есть,,,,1,Есть ,,Есть ,,,,,Есть ,,,,83.2 см,145.1 см,25.7 см,,,Черный ,16:9,"PAL, SECAM",,2 x 10 Вт,20.9 кг,,,,,,,60 Гц ,,,,,,Есть,,,,,,2.0,,,,,,,,,,,,,,,,,,,,,,,,,,,,,,,,,
"LED телевизор 50"" LG 50UP7750",38 999 р.,5,12,Китай,1 год,,68 Вт,"50"" (127 см) ",LED ,3840x2160 Пикс (4K Ultra HD) ,Есть ,Есть ,,Голосом ,Есть,Есть ,Есть,,Есть,,,,Есть,,Есть,Есть,"DVB-C, DVB-S, DVB-T, DVB-S2, DVB-T2 ",Ultra Surround,,,,,,2 ,2.0,,,Есть,,,Есть ,1,Есть ,Есть,Есть ,,,,,,,,,,,,,,,16:9,"PAL, SECAM",2 ,2x10 Вт,,,,,,,,60 Гц ,,178 ° ,,,,Есть,VA,,Direct LED,Есть,,2.0,,,4,,Есть,,,,,,,,,,,,,,,,,,,,,,,,,,,,
"Ultra HD (4K) LED телевизор 58"" Philips 58PUS8507/60",69 999 р.,5,18,Россия,1 год,Android TV,,"58"" (147.3 см) ",LED ,3840x2160 Пикс (4K Ultra HD) ,Есть ,Есть ,Есть ,Голосом ,Есть,Есть ,Есть,Есть ,Есть,Есть,Есть,,Есть,,Есть,Есть,"DVB-C, DVB-S, DVB-T, DVB-C2, DVB-S2, DVB-T2 ",Dolby Atmos,,,,,,4 ,2.0,,,Есть,,Есть,Есть ,2,Есть ,Есть,Есть ,,,,,,,,,,,,,,,16:9,"PAL, SECAM",2 ,2х10 Вт,,,,11,,,,60 Гц ,,,,,,Есть,,,,,,,Есть,,,,,,,"MP3, AVI, MKV, MPEG4",,,,,,,,,,,,,,,,,,,,,,,,,
"Ultra HD (4K) LED телевизор 50"" Philips 50PUS8507/60",59 999 р.,5,15,Россия,1 год,Android TV,,"50"" (127 см) ",LED ,3840x2160 Пикс (4K Ultra HD) ,Есть ,Есть ,Есть ,Голосом ,Есть,Есть ,Есть,Есть ,Есть,,Есть,,Есть,,Есть,Есть,"DVB-C, DVB-S, DVB-T, DVB-C2, DVB-S2, DVB-T2 ",Dolby Atmos,,,,,,4 ,2.0,,,Есть,,Есть,Есть ,2,Есть ,Есть,Есть ,,,,,,,,,,,,,,,16:9,"PAL, SECAM",2 ,2х10 Вт,,,,11,,,,60 Гц ,,,,,,Есть,,,,,,,Есть,,,,,,,"MP3, AVI, MKV, MPEG4",,,,,,,,,,,,,,,,,,,,,,,,,
"LED телевизор 32"" Olto 3220R",8 700 р.,5,1,Россия,1 год,,,"32"" (81.3 см) ",LED ,1366x768 Пикс (HD-Ready) ,,Есть ,,,Есть,,,Есть ,,Есть,Есть,200x200 ,,Есть,,Есть,"DVB-C, DVB-T2 ",,,Есть,,,,3 ,,,Есть,,,Есть,Есть ,1,,,,,,,,Есть ,46.6 см,72.7 см,18.8 см,42.6 см,72.7 см,8.3 см,,,,16:9,"NTSC, PAL, SECAM",2 ,20 Вт,,,,,180 кд/м² ,,,50 Гц ,178 °,178 ° ,8 мс,,,,,,,,,,,,,,,,,,,,,1 ,,60 000:1,,,,,,,,,,,Есть,,,,,Есть,,,
"LED телевизор 43"" Harper 43F660TS",18 390 р.,5,3,Россия,1 год,Android TV,,"43"" (109.2 см) ",LED ,1920x1080 Пикс (Full HD) ,,Есть ,Есть ,,Есть,,,Есть ,Есть,Есть,,,,,,Есть,"DVB-C, DVB-T, DVB-T2 ",Стерео,,Есть,,Есть,,3 ,,Есть,,,,Есть,,,,,,,,,,,,,,,,,,,,16:9,"NTSC, PAL, SECAM",2 ,20 Вт,,,,Android 4,250 кд/м² ,4 ГБ,,50 Гц ,178 °,178 ° ,6.5 мс,,,,,,Direct LED,Есть,Есть,,Есть,Cortex A7,,,,,,,,,,,,90000:1,,,,,,,,Есть,,Есть,,,,,,,,1.5 ГГц,
"Ultra HD (4K) LED телевизор 65"" Samsung UE65AU7100UXCE",69 999 р.,5,3,Россия,1 год,Tizen,116 Вт,"65"" (165.1 см) ",LED ,3840x2160 Пикс (4K Ultra HD) ,Есть ,Есть ,Есть ,,Есть,Есть ,Есть,,Есть,Есть,Есть,400x300 ,Есть,,Есть,Есть,"DVB-C, DVB-S2, DVB-T2 ",Dolby Digital Plus,,,,,,3 ,2.0,,,Есть,,,Есть ,2,Есть ,Есть,Есть ,,,,,Есть ,,,,90.7 см,,,,,,16:9,"PAL, SECAM",,20 Вт,,,,,,,,60 Гц ,,,,,,Есть,,UHD Processor 4K 2000,,,,,,,,,,,,,,,,,,,,,,,,,,,,,,,,,,,,,
"Ultra HD (4K) LED телевизор 55"" LG NanoCell 55NANO769QA",55 999 р.,5,12,Россия,1 год,WebOS,160 Вт,"55"" (139.7 см) ",NanoCell ,3840x2160 Пикс (4K Ultra HD) ,Есть ,Есть ,Есть ,Голосом ,Есть,Есть ,Есть,,,,Есть,300x300 ,Есть,Есть,Есть,Есть,"DVB-C, DVB-S, DVB-T, DVB-S2, DVB-T2 ",AI Sound Pro,,,,,,3 ,2.0,,,Есть,,,Есть ,2,Есть ,Есть,Есть ,,,,,Есть ,,,,,,,,,,16:9,"PAL, SECAM",2 ,20 Вт,,,,,,,,60 Гц ,,,,,,Есть,,,,,,,,,,,,,Есть,,Есть,,,,,,,,,,,,,,,,,,,,,,,,
"Ultra HD (4K) LED телевизор 50"" LG 50UQ90006LD",46 999 р.,5,9,Россия,1 год,WebOS,130 Вт,"50"" (127 см) ",LED ,3840x2160 Пикс (4K Ultra HD) ,Есть ,Есть ,Есть ,Голосом ,Есть,Есть ,Есть,,Есть,Есть,Есть,,Есть,,Есть,Есть,"DVB-C, DVB-S, DVB-T, DVB-S2, DVB-T2 ",AI Sound Pro,,,,,,3 ,,,,Есть,,,Есть ,2,Есть ,Есть,Есть ,,,,,,,,,,,,,,,,"PAL, SECAM",2 ,20 Вт,,,,,,,,60 Гц ,,,,,,Есть,,,Direct LED,,,2.0,,α5 Gen5,,,,,,,Есть,,,,,,,,,,,,,,,,,,,,,,Есть,,
"Ultra HD (4K) LED телевизор 55"" LG 55UQ81009LC",49 999 р.,5,10,Индонезия,1 год,WebOS,130 Вт,"55"" (139.7 см) ",LED ,3840x2160 Пикс (4K Ultra HD) ,Есть ,Есть ,Есть ,Голосом ,Есть,Есть ,Есть,,Есть,Есть,Есть,,Есть,,Есть,Есть,"DVB-C, DVB-S, DVB-T, DVB-S2, DVB-T2 ",AI Sound,,,,,,2 ,,,,Есть,,,Есть ,1,Есть ,Есть,Есть ,,,,,,,,,,,,,,,,"PAL, SECAM",2 ,20 Вт,,,,,,,,60 Гц ,,,,,,Есть,,,Direct LED,,,2.0,,α5 Gen5,,,,,,,Есть,,,,,,,,,,,,,,,,,,,,,,Есть,,Есть 
