link,Рейтинг,Количество отзывов,Название,Цена,Unnamed: 5,Страна,Гарантия,Тип видеокарты,Производитель графического процессора,Графический процессор,Интерфейс,Тип поставки,Частота графического процессора,Объем видеопамяти,Тип видеопамяти,Частота видеопамяти,Разрядность шины видеопамяти,DVI,HDMI,Число универсальных процессоров,Система охлаждения,Количество вентиляторов,Рекомендованная мощность блока питания,Длина,Высота,Глубина,Количество графических процессоров,Подсветка,Количество универсальных процессоров,Максимальное разрешение,Поддержка API,Количество поддерживаемых мониторов,Поддержка VR,DisplayPort,Количество занимаемых слотов,Название системы охлаждения,Разъем дополнительного питания,Потребляемая мощность,Максимальная рабочая температура,Диск с ПО,Переходник питания,Unnamed: 42,VGA (D-Sub),Поддержка технологий,Техпроцесс,Число текстурных блоков,Число блоков растеризации,Необходимость дополнительного питания,Максимальная частота графического процессора,Вес,Поддержка ОС,Дополнительная информация,OverClock Edition,Кодовое название графического процессора,Частота RAMDAC,Поддержка SLI/CrossFire,Версия шейдеров,Максимальная степень анизотропной фильтрации,Максимальная степень FSAA,Тепловыделение
https://www.eldorado.ru/cat/detail/videokarta-msi-gt730-pcie16-4gb-ddr3-n730k-4gd3-ocv1/,5,4,Видеокарта MSI GT730 PCIE16 4GB DDR3 (N730K-4GD3/OCV1),7 799 р.,,Китай,3 года,Офисная,nVidia,GeForce GT 730,PCI Express 2.0 16x,BOX,750 МГц,4 ГБ,GDDR3,1600 МГц,64 бит,1 шт.,1 шт.,96,Активная,,300 Вт,152 мм,39 мм,107 мм,1,,,,,3,,,2,,,,,,,,1 шт.,,,,,,,,,,,,,,,,,
https://www.eldorado.ru/cat/detail/videokarta-msi-gt210-pcie16-1gb-gddr3-n210-1gd3-lp/,4,10,Видеокарта MSI GT210 PCIE16 1GB GDDR3 (N210-1GD3/LP),2 999 р.,,Китай,3 года,Офисная,nVidia,GeForce 210,PCI Express 2.0 16x,BOX,589 МГц,1 ГБ,GDDR3,800 МГц,64 бит,1 шт.,1 шт.,16,Пассивная,,300 Вт,157 мм,35 мм,70 мм,1,,,,"OpenGL 3.1, DirectX 10.1",,,,1,,,,,,,,1 шт.,,,,,,,,,,,,,,,,,
https://www.eldorado.ru/cat/detail/videokarta-msi-geforce-gt-1030-aero-itx-2gd4-oc/,0,0,Видеокарта MSI Geforce GT 1030 Aero ITX 2GD4 OC,12 499 р.,,Китай,3 года,Офисная,nVidia,GeForce GT 1030,PCI Express 3.0 16x,Retail,1189 МГц,2 ГБ,GDDR4,2100 МГц,64 бит,1 шт.,1 шт.,384,Активная,1,300 Вт,102 мм,147 мм,38 мм,,,,,,,,,,,,,,,,,,,,,,,,,,,,,,,,,,
https://www.eldorado.ru/cat/detail/videokarta-msi-n730k-2gd3-lp/,5,7,Видеокарта MSI N730K-2GD3/LP,5 299 р.,,Китай,3 года,Игровая,nVidia,GeForce GT 730,PCI Express 2.0 16x,,902 МГц,2 ГБ,GDDR3,1600 МГц,64 бит,1 шт.,1 шт.,384,Пассивная,,300 Вт,146 мм,69 мм,38 мм,1,,,4096x2160 Пикс,,,,,2,,,,,,,,1 шт.,,,,,,,,,,,,,,,,,
https://www.eldorado.ru/cat/detail/videokarta-palit-geforce-rtx-4060-ti-dual-8gb-ne6406t019p1-1060d/,5,3,Видеокарта PALIT GeForce RTX 4060 Ti Dual 8GB (NE6406T019P1-1060D),42 999 р.,,Китай,3 года,Игровая,nVidia,GeForce RTX 4060 Ti,,Retail,2310 МГц,8 ГБ,GDDR6,18000 МГц,128 бит,,1 шт.,,Активная,,650 Вт,249 мм,123 мм,40.1 мм,1,,4352,7680x4320 Пикс,,,,3 шт.,2,,8 pin,,,,,,,,,,,,,,,,,,,,,,,
https://www.eldorado.ru/cat/detail/videokarta-zotac-geforce-rtx-4070ti-amp-extreme-airo-12gb-zt-d40710b-10p/,0,0,Видеокарта Zotac GeForce RTX 4070Ti AMP Extreme Airo 12GB (ZT-D40710B-10P),99 999 р.,,Китай,2 года,Игровая,nVidia,GeForce RTX 4070 Ti,PCI Express 4.0,Retail,2700 МГц,12 ГБ,GDDR6X,21000 МГц,192 бит,,1 шт.,,Активная,3,750 Вт,355.5 мм,149.6 мм,72.1 мм,1,Есть,7680,7680x4320 Пикс,"DirectX 12 Ultimate, OpenGL 4.6",4,Есть,3 шт.,3.5,IceStorm 2.0,16 pin,285 Вт,90 ˚С,Есть,1 шт.,,,,,,,,,,,,,,,,,,,
https://www.eldorado.ru/cat/detail/videokarta-palit-geforce-rtx-4060-ti-dual-oc-8gb-ne6406tt19p1-1060d/,5,2,Видеокарта PALIT GeForce RTX 4060 Ti Dual OC 8GB (NE6406TT19P1-1060D),43 999 р.,,Китай,3 года,Игровая,nVidia,GeForce RTX 4060 Ti,,Retail,2310 МГц,8 ГБ,GDDR6,18000 МГц,128 бит,,1 шт.,,Активная,,650 Вт,249.9 мм,123.5 мм,40.1 мм,1,,4352,7680x4320 Пикс,,,,3 шт.,2,,8 pin,,,,,,,,,,,,,,,,,,,,,,,
https://www.eldorado.ru/cat/detail/videokarta-gigabyte-geforce-rtx-4060-ti-eagle-8g-gv-n406teagle-8gd/,0,0,Видеокарта GIGABYTE GeForce RTX 4060 Ti Eagle 8G (GV-N406TEAGLE-8GD),44 999 р.,,Китай,3 года,Игровая,nVidia,GeForce RTX 4060 Ti,,Retail,2535 МГц,8 ГБ,GDDR6,18000 МГц,128 бит,,2 шт.,,Активная,,500 Вт,272 мм,115 мм,41 мм,1,,4352,7680x4320 Пикс,,,,2 шт.,3,,8 pin,,,,,,,,,,,,,,,,,,,,,,,
https://www.eldorado.ru/cat/detail/videokarta-gigabyte-geforce-rtx-4060-ti-aero-oc-8g-gv-n406taero-oc-8gd/,0,0,Видеокарта GIGABYTE GeForce RTX 4060 Ti Aero OC 8G (GV-N406TAERO OC-8GD),46 799 р.,,Китай,3 года,Игровая,nVidia,GeForce RTX 4060 Ti,,Retail,2580 МГц,8 ГБ,GDDR6,18000 МГц,128 бит,,2 шт.,,Активная,,500 Вт,281 мм,50 мм,117 мм,1,,4352,7680x4320 Пикс,,,,2 шт.,3,,8 pin,,,,,,,,,,,,,,,,,,,,,,,
https://www.eldorado.ru/cat/detail/videokarta-gigabyte-aorus-geforce-rtx-3080-master-10gb-gv-n3080aorus-m-10gd/,0,0,Видеокарта GIGABYTE Aorus GeForce RTX 3080 Master 10GB (GV-N3080AORUS M-10GD),82 999 р.,,Китай,3 года,Игровая,nVidia,GeForce RTX 3080,PCI Express 4.0,BOX,1845 МГц,10 ГБ,GDDR6X,19000 МГц,320 бит,,3 шт.,,Активная,,750 Вт,319 мм,70 мм,140 мм,1,,,,,,,3 шт.,1,воздушная,8 pin + 8 pin,,,,,,,,,,,,,,,,,,,,,,,
https://www.eldorado.ru/cat/detail/videokarta-gigabyte-pcie16-rtx3060ti-8gb-lhr-n306tgaming-oc-8gd-2-0/,5,6,Видеокарта GIGABYTE PCIE16 RTX3060TI 8GB LHR (N306TGAMING OC-8GD 2.0),43 999 р.,,Китай,3 года,Игровая,nVidia,GeForce RTX 3060 Ti,PCI Express 4.0,BOX,1410 МГц,8 ГБ,GDDR6,14000 МГц,256 бит,,2 шт.,4864,Активная,,650 Вт,280 мм,117 мм,41 мм,,,,7680x4320 Пикс,,,,2 шт.,,,8 pin,,,,,,,,,,,,,,,,,,,,,,,
https://www.eldorado.ru/cat/detail/videokarta-zotac-geforce-gtx-1650-oc-gddr6-128-bit-gaming-4gb-zt-t16520f-10l/,5,9,Видеокарта Zotac GeForce GTX 1650 OC GDDR6 128-bit Gaming 4GB (ZT-T16520F-10L),14 999 р.,,Китай,1 год,Игровая,nVidia,GeForce GTX 1650,PCI Express 3.0 16x,Retail,1620 МГц,4 ГБ,GDDR6,12000 МГц,128 бит,1 шт.,1 шт.,,Активная,1,350 Вт,151 мм,111.15 мм,38.8 мм,1,,896,7680x4320 Пикс,"DirectX 12, OpenGL 4.6",3,,1 шт.,2,,,75 Вт,,,,,,"HDCP, nVidia CUDA",,,,,,,,,,,,,,,,
https://www.eldorado.ru/cat/detail/videokarta-msi-geforce-gt-730-2gb-silent-lp-n730k-2gd3h-lp/,4,1,Видеокарта MSI GeForce GT 730 2GB Silent LP (N730K-2GD3H/LP),5 299 р.,,Китай,3 года,Офисная,nVidia,GeForce GT 730,PCI Express 2.0 16x,Retail,902 МГц,2 ГБ,GDDR3,1600 МГц,64 бит,1 шт.,1 шт.,384,Пассивная,,300 Вт,146 мм,69 мм,38 мм,,,,,,,,,,,,,,,,,1 шт.,,,,,,,,,,,,,,,,,
https://www.eldorado.ru/cat/detail/videokarta-palit-pa-rtx2060-dual-6g-ne62060018j9-1160a-1/,0,0,Видеокарта PALIT PA-RTX2060 Dual 6G (NE62060018J9-1160A-1),26 500 р.,,Китай,3 года,Игровая,nVidia,GeForce RTX 2060,PCI Express 3.0 16x,BOX,1365 МГц,6 ГБ,GDDR6,14000 МГц,192 бит,1 шт.,1 шт.,1920,Активная,2,,235 мм,,,1,,,7680x4320 Пикс,DirectX 12,3,,1 шт.,2,,,500 Вт,,,,,,,8 нм,120,48,,,,,,,,,,,,,
https://www.eldorado.ru/cat/detail/videokarta-zotac-gaming-geforce-rtx-4080-16gb-amp-extreme-airo-zt-d40810b-10p/,5,8,Видеокарта Zotac Gaming GeForce RTX 4080 16GB AMP Extreme Airo (ZT-D40810B-10P),114 999 р.,,Китай,2 года,Игровая,nVidia,GeForce RTX 4080,PCI Express 4.0,Retail,2565 МГц,16 ГБ,GDDR6X,22400 МГц,256 бит,,1 шт.,9728,Активная,3,750 Вт,356 мм,72 мм,150 мм,1,Есть,,7680x4320 Пикс,"DirectX 12 Ultimate, OpenGL 4.6",4,,3 шт.,4,IceStorm 2.0,16 pin,320 Вт,,,1 шт.,,,,,,,Есть,,,,,,,,,,,,
https://www.eldorado.ru/cat/detail/videokarta-palit-pa-rtx2060-super-dual-8g-ne6206s018p2-1160a-1/,3,1,Видеокарта PALIT PA-RTX2060 Super Dual 8G (NE6206S018P2-1160A-1),28 999 р.,,Китай,3 года,Игровая,nVidia,GeForce RTX 2060,PCI Express 3.0 16x,BOX,1470 МГц,8 ГБ,GDDR6,14000 МГц,256 бит,1 шт.,1 шт.,2176,Активная,2,550 Вт,235 мм,,,1,,,7680x4320 Пикс,"DirectX 12, OpenGL 4.5",3,,1 шт.,2,,8 pin,175 Вт,,,,,,,,136,64,Есть,,,,,,,,,,,,
https://www.eldorado.ru/cat/detail/videokarta-msi-rtx-3070-ti-suprim-x-8g-912-v505-010/,0,0,Видеокарта MSI RTX 3070 Ti Suprim X 8G (912-V505-010),109 999 р.,,Китай,3 года,Игровая,nVidia,GeForce RTX 3070 Ti,PCI Express 4.0,,1875 МГц,8 ГБ,GDDR6X,19000 МГц,256 бит,,1 шт.,,Активная,,850 Вт,335 мм,140 мм,61 мм,1,,5888,,,,,3 шт.,,,8 pin + 8 pin,,,,,,,,,,,,,,,,,,,,,,,
https://www.eldorado.ru/cat/detail/videokarta-inno3d-geforce-rtx3090-ichill-x4-gddr6-24gb-c30904-246xx-1880va36/,0,0,Видеокарта INNO3D GeForce RTX3090 iChill X4 GDDR6 24GB (C30904-246XX-1880VA36),119 999 р.,,Китай,1 год,Игровая,nVidia,GeForce RTX 3090,PCI Express 4.0,Retail,1400 МГц,24 ГБ,GDDR6X,19500 МГц,384 бит,,1 шт.,,Активная,3,750 Вт,300 мм,135 мм,,1,Есть,10496,7680x4320 Пикс,"DirectX 12, OpenGL 4.6",,,3 шт.,3,,8 pin + 8 pin,,,,,,,"nVidia Vulkan RT API, nVidia DLSS, nVidia ShadowPlay, nVidia Ansel, nVidia FreeStyle",8 нм,,,,1755 МГц,,,,,,,,,,,
https://www.eldorado.ru/cat/detail/videokarta-gigabyte-geforce-rtx-4060-ti-gaming-oc-8g-gv-n406tgaming-oc-8gd/,,,Видеокарта GIGABYTE GeForce RTX 4060 Ti Gaming OC 8G (GV-N406TGAMING OC-8GD),0,,Китай,3 года,Игровая,nVidia,GeForce RTX 4060 Ti,,Retail,2580 МГц,8 ГБ,GDDR6,18000 МГц,128 бит,,2 шт.,,Активная,,500 Вт,281 мм,117 мм,53 мм,1,,4352,7680x4320 Пикс,,,,2 шт.,3,,8 pin,,,,,,,,,,,,,,,,,,,,,,,
https://www.eldorado.ru/cat/detail/videokarta-msi-geforce-rtx3050-gaming-x-8g/,,,Видеокарта MSI GeForce RTX3050 Gaming X 8G,27 899 р.,,Китай,3 года,Игровая,nVidia,GeForce RTX 3050,,Retail,1845 МГц,8 ГБ,GDDR6,14000 МГц,128 бит,,1 шт.,,Активная,,550 Вт,278 мм,130 мм,49 мм,1,,2560,,,,,3 шт.,,,8 pin,,,,,,,,,,,,,,,,,,,,,,,
https://www.eldorado.ru/cat/detail/videokarta-gigabyte-aorus-geforce-rtx-3080-ti-master-12gv-gv-n308taorus-m-12gd/,,,Видеокарта GIGABYTE Aorus GeForce RTX 3080 Ti Master 12GВ (GV-N308TAorus M-12GD),99 999 р.,,Китай,4 года,Игровая,nVidia,GeForce RTX 3080 Ti,PCI Express 4.0,,1770 МГц,12 ГБ,GDDR6X,19000 МГц,384 бит,,3 шт.,,Активная,,850 Вт,391 мм,,,1,,,,,,,3 шт.,,,8 pin + 8 pin + 8 pin,,,,,,,,,,,,,,,,,,,,,,,
https://www.eldorado.ru/cat/detail/videokarta-gigabyte-geforce-gt710-2gb-gddr5-gv-n710d5-2gl/,,,Видеокарта GIGABYTE GeForce GT710 2GB GDDR5 (GV-N710D5-2GL),6 299 р.,,Китай,3 года,Игровая,nVidia,GeForce GT 710,PCI Express 2.0 8x,Retail,954 МГц,2 ГБ,GDDR5,5010 МГц,64 бит,1 шт.,1 шт.,192,Активная,,300 Вт,144 мм,68 мм,21 мм,,,,,,,,,,,,,,,,,,,,,,,,,,,,,,,,,,
https://www.eldorado.ru/cat/detail/videokarta-gigabyte-gv-n1650oc-4gd/,,,Видеокарта GIGABYTE GV-N1650OC-4GD,14 799 р.,,Китай,3 года,Игровая,nVidia,GeForce GTX 1650,PCI Express 3.0 16x,Retail,1665 МГц,4 ГБ,GDDR5,8002 МГц,128 бит,,2 шт.,,Активная,,300 Вт,191 мм,112 мм,36 мм,1,,,7680x4320 Пикс,"DirectX 12, OpenGL 4.6",3,,1 шт.,2,,,,,,,,,,,,,,1710 МГц,,,,,,,,,,,
https://www.eldorado.ru/cat/detail/videokarta-gigabyte-geforce-rtx-4080-aorus-16gb-master-gv-n4080aorus-m-16gd/,,,Видеокарта GIGABYTE GeForce RTX 4080 Aorus 16GB Master (GV-N4080AORUS M-16GD),120 999 р.,,Китай,3 года,Игровая,nVidia,GeForce RTX 4080,PCI Express 4.0,Retail,2550 МГц,16 ГБ,GDDR6X,22400 МГц,256 бит,,1 шт.,,Активная,,850 Вт,357 мм,163 мм,75 мм,1,,9728,7680x4320 Пикс,"DirectX 12 Ultimate, OpenGL 4.6",4,,3 шт.,,,,,,,,,,,,,,,,,,,,,,,,,,
https://www.eldorado.ru/cat/detail/videokarta-palit-pa-gtx1050ti-stormx-4g-ne5105t018g1-1070f/,,,Видеокарта PALIT PA-GTX1050Ti StormX 4G (NE5105T018G1-1070F),13 999 р.,,Китай,3 года,Игровая,nVidia,GeForce GTX 1050 Ti,PCI Express 3.0 16x,Retail,1290 МГц,4 ГБ,GDDR5,7000 МГц,128 бит,1 шт.,1 шт.,768,Активная,,300 Вт,166 мм,112 мм,35 мм,1,,,,,,,1 шт.,2,,,,,,,,,,,,,,,,,,,,,,,,,
https://www.eldorado.ru/cat/detail/videokarta-msi-rtx-3060-ventus-3x-12g-oc-12gb-gddr6/,,,Видеокарта MSI RTX 3060 Ventus 3X 12G OC 12GB GDDR6,38 799 р.,,Китай,1 год,Игровая,nVidia,GeForce RTX 3060,PCI Express 4.0,,1807 МГц,12 ГБ,GDDR6,15000 МГц,192 бит,,1 шт.,,,,550 Вт,316 мм,120 мм,42 мм,1,,3584,,"DirectX 12, OpenGL 4.6",4,,3 шт.,,,8 pin,170 Вт,,,,,,HDCP,,,,Есть,,753 г,,,,,,,,,,
https://www.eldorado.ru/cat/detail/videokarta-msi-geforce-rtx-3060-ti-gaming-x-8g-lhr-8gb-gddr6/,,,Видеокарта MSI GeForce RTX 3060 Ti Gaming X 8G LHR 8GB GDDR6,44 499 р.,,Китай,1 год,Игровая,nVidia,GeForce RTX 3060 Ti,PCI Express 4.0,,1770 МГц,8 ГБ,GDDR6,14000 МГц,256 бит,,1 шт.,,,,600 Вт,278 мм,131 мм,51 мм,1,,4864,7680x4320 Пикс,"DirectX 12, OpenGL 4.6",4,Есть,3 шт.,,,8 pin + 6 pin,220 Вт,,,,,,"HDCP, nVidia G-SYNC",,,,Есть,,1007 г,,,,,,,,,,
https://www.eldorado.ru/cat/detail/videokarta-gigabyte-geforce-rtx-4080-eagle-oc-16gb-gv-n4080eagle-oc-16gd/,,,Видеокарта GIGABYTE GeForce RTX 4080 Eagle OC 16GB (GV-N4080EAGLE OC-16GD),108 999 р.,,Китай,2 года,Игровая,nVidia,GeForce RTX 4080,PCI Express 4.0,Retail,2505 МГц,16 ГБ,GDDR6X,22400 МГц,256 бит,,1 шт.,,Активная,,850 Вт,342 мм,150 мм,70 мм,1,,9728,7680x4320 Пикс,"DirectX 12 Ultimate, OpenGL 4.6",4,,3 шт.,3.5,,,,,,,,,,,,,,,,,,,,,,,,,
https://www.eldorado.ru/cat/detail/videokarta-palit-geforce-gt-730-2gb-gddr3-neat7300hd46-2080h/,,,Видеокарта PALIT GeForce GT 730 Silent 2GB (NEAT7300HD46-2080H),5 199 р.,,Китай,3 года,Офисная,nVidia,GeForce GT 730,PCI Express 2.0 8x,Retail,902 МГц,2 ГБ,GDDR3,1600 МГц,64 бит,1 шт.,1 шт.,384,Пассивная,,300 Вт,115 мм,69 мм,60 мм,1,,,,,,,,1,,,,,,,,1 шт.,,,,,,,,,,,,,,,,,
https://www.eldorado.ru/cat/detail/videokarta-palit-geforce-rtx-4080-gamerock-oc-16gb-ned4080s19t2-1030g0/,,,Видеокарта PALIT GeForce RTX 4080 Gamerock OC 16GB (NED4080S19T2-1030G0,107 499 р.,,Китай,3 года,Игровая,nVidia,GeForce RTX 4080,PCI Express 4.0,Retail,2205 МГц,16 ГБ,GDDR6X,22400 МГц,256 бит,,1 шт.,,Активная,,850 Вт,329.4 мм,137.5 мм,71.5 мм,1,,9728,7680x4320 Пикс,"DirectX 12 Ultimate, OpenGL 4.6",4,Есть,3 шт.,3.5,,16 pin,340 Вт,,,,,,"nVidia ShadowPlay, nVidia GameStream, nVidia G-SYNC, nVidia Multi-Projection, nVidia MFAA, nVidia PhysX, nVidia FreeStyle, nVidia Vulkan RT API, nVidia Ansel, nVidia SHIELD ready, nVidia Adaptive Shading, nVidia Adaptive Vertical Sync, nVidia CUDA, nVidia GPU Boost, nVidia Dynamic Super Resolution (DSR), nVidia TXAA",,,,Есть,,,,,,,,,,,,
https://www.eldorado.ru/cat/detail/videokarta-gigabyte-geforce-rtx-4080-aorus-xtreme-waterforce-wb-16gb-gv-n4080aorusx-wb-16gd/,,,Видеокарта GIGABYTE GeForce RTX 4080 Aorus Xtreme WaterForce WB 16GB (GV-N4080AORUSX WB-16GD),127 999 р.,,Китай,3 года,Игровая,nVidia,GeForce RTX 4080,PCI Express 4.0,Retail,2505 МГц,16 ГБ,GDDR6X,22400 МГц,256 бит,,1 шт.,,Жидкостная,,850 Вт,235 мм,169 мм,29 мм,1,,9728,7680x4320 Пикс,"DirectX 12 Ultimate, OpenGL 4.6",4,,3 шт.,2,,,,,,,,,,,,,,,,,,,,,,,,,
https://www.eldorado.ru/cat/detail/videokarta-gigabyte-gv-n166soc-6gd/,,,Видеокарта GIGABYTE GV-N166SOC-6GD,29 999 р.,,Китай,3 года,Игровая,nVidia,GeForce GTX 1660 SUPER,PCI Express 3.0 16x,,1785 МГц,6 ГБ,GDDR6,14000 МГц,192 бит,,1 шт.,,Активная,2,450 Вт,225.65 мм,122.02 мм,40.5 мм,1,,,7680x4320 Пикс,"DirectX 12, OpenGL 4.6",4,,3 шт.,2,,8 pin,,,,,,,,,,,,1830 МГц,,,,,,,,,,,
https://www.eldorado.ru/cat/detail/videokarta-msi-geforce-rtx-3090-gaming-x-trio-24g/,,,Видеокарта MSI GeForce RTX 3090 Gaming X Trio 24G,119 999 р.,,Китай,3 года,Игровая,nVidia,GeForce RTX 3090,PCI Express 4.0,Retail,1785 МГц,24 ГБ,GDDR6X,1785 МГц,384 бит,,1 шт.,,Активная,3,750 Вт,323 мм,140 мм,56 мм,1,,,,,,,3 шт.,,воздушная,8 pin + 8 pin + 8 pin,,,,,,,,,,,,,,,,,,,,,,,
https://www.eldorado.ru/cat/detail/videokarta-msi-geforce-rtx-3080-ti-ventus-12g-oc/,,,Видеокарта MSI GeForce RTX 3080 Ti Ventus 12G OC,155 499 р.,,Китай,6 месяцев,Игровая,nVidia,GeForce RTX 3080 Ti,PCI Express 4.0,BOX,1695 МГц,12 ГБ,GDDR6X,19000 МГц,384 бит,,1 шт.,,Активная,3,750 Вт,305 мм,57 мм,120 мм,,,,,,,,3 шт.,,,8 pin + 8 pin,,,,,,,,,,,,,,,,,,,,,,,
https://www.eldorado.ru/cat/detail/videokarta-palit-geforce-rtx3070ti-gamingpro-8gb-ned307t019p2-1046a/,,,Видеокарта PALIT GeForce RTX3070TI GamingPro 8GB (NED307T019P2-1046A),57 799 р.,,Китай,3 года,Игровая,nVidia,GeForce RTX 3070 Ti,PCI Express 4.0,BOX,1770 МГц,8 ГБ,GDDR6X,19000 МГц,256 бит,,1 шт.,,Активная,,700 Вт,294 мм,60 мм,112 мм,,,,,,,,3 шт.,,,8 pin + 8 pin,,,,,,,,,,,,,,,,,,,,,,,
https://www.eldorado.ru/cat/detail/videokarta-palit-geforce-rtx-4080-gamerock-16gb-ned4080019t2-1030g/,,,Видеокарта PALIT GeForce RTX 4080 Gamerock 16GB (NED4080019T2-1030G),102 999 р.,,Китай,2 года,Игровая,nVidia,GeForce RTX 4080,PCI Express 4.0,Retail,2205 МГц,16 ГБ,GDDR6X,19000 МГц,256 бит,,1 шт.,,Активная,,850 Вт,329.4 мм,137.5 мм,71.5 мм,1,,9728,7680x4320 Пикс,"DirectX 12 Ultimate, OpenGL 4.6",4,Есть,3 шт.,3.5,,16 pin,340 Вт,,,,,,"nVidia ShadowPlay, nVidia GameStream, nVidia G-SYNC, nVidia Multi-Projection, nVidia MFAA, nVidia PhysX, nVidia FreeStyle, nVidia Vulkan RT API, nVidia Ansel, nVidia SHIELD ready, nVidia Adaptive Shading, nVidia Adaptive Vertical Sync, nVidia CUDA, nVidia GPU Boost, nVidia Dynamic Super Resolution (DSR), nVidia TXAA",,,,Есть,,,,,,,,,,,,
https://www.eldorado.ru/cat/detail/videokarta-palit-geforce-rtx-4090-gamerock-omniblack-24gb-ned4090019sb-1020q/,,,Видеокарта PALIT GeForce RTX 4090 GameRock OmniBlack 24GB (NED4090019SB-1020Q),141 999 р.,,Китай,3 года,Игровая,nVidia,GeForce RTX 4090,PCI Express 4.0,Retail,2235 МГц,24 ГБ,GDDR6X,21000 МГц,384 бит,,1 шт.,,Активная,,1000 Вт,329.4 мм,137.5 мм,71.5 мм,1,,16384,7680x4320 Пикс,"DirectX 12 Ultimate, OpenGL 4.6",4,Есть,3 шт.,3.5,,16 pin,450 Вт,,,,,,"nVidia ShadowPlay, nVidia GameStream, nVidia G-SYNC, nVidia Multi-Projection, nVidia MFAA, nVidia PhysX, nVidia FreeStyle, nVidia Vulkan RT API, nVidia Ansel, nVidia SHIELD ready, nVidia Adaptive Shading, nVidia Adaptive Vertical Sync, nVidia CUDA, nVidia GPU Boost, nVidia Dynamic Super Resolution (DSR), nVidia TXAA",,,,Есть,,,,,,,,,,,,
https://www.eldorado.ru/cat/detail/videokarta-palit-geforce-rtx-4090-gamerock-24gb-ned4090019sb-1020g/,,,Видеокарта PALIT GeForce RTX 4090 GameRock 24GB (NED4090019SB-1020G),146 999 р.,,Китай,2 года,Игровая,nVidia,GeForce RTX 4090,PCI Express 4.0,Retail,2235 МГц,24 ГБ,GDDR6X,21000 МГц,384 бит,,1 шт.,,Активная,,1000 Вт,329.4 мм,137.5 мм,71.5 мм,1,,16384,7680x4320 Пикс,"DirectX 12 Ultimate, OpenGL 4.6",4,Есть,3 шт.,3.5,,16 pin,450 Вт,,,,,,"nVidia ShadowPlay, nVidia GameStream, nVidia G-SYNC, nVidia Multi-Projection, nVidia MFAA, nVidia PhysX, nVidia FreeStyle, nVidia Vulkan RT API, nVidia Ansel, nVidia SHIELD ready, nVidia Adaptive Shading, nVidia Adaptive Vertical Sync, nVidia CUDA, nVidia GPU Boost, nVidia Dynamic Super Resolution (DSR), nVidia TXAA",,,,Есть,,,,,,,,,,,,
https://www.eldorado.ru/cat/detail/videokarta-palit-geforce-rtx4070ti-gamerock-classic-oc-12gb-ned407th19k9-1046g/,,,Видеокарта PALIT GeForce RTX4070Ti GameRock Classic OC 12GB (NED407TH19K9-1046G),80 999 р.,,Китай,3 года,"Профессиональная, Игровая",nVidia,GeForce RTX 4070 Ti,,Retail,2310 МГц,12 ГБ,GDDR6X,21000 МГц,192 бит,,1 шт.,,Активная,,750 Вт,313 мм,65 мм,137 мм,1,Есть,7680,7680x4320 Пикс,,,,3 шт.,3,,16 pin,,,,,,,,,,,,,,,,,,,,,,,
https://www.eldorado.ru/cat/detail/videokarta-palit-rtx4080-gaming-pro-oc-16gb/,,,Видеокарта PALIT RTX4080 Gaming Pro OC 16GB,106 999 р.,,Китай,3 года,"Профессиональная, Игровая",nVidia,GeForce RTX 4080,PCI Express 4.0,Retail,2205 МГц,16 ГБ,GDDR6X,22400 МГц,256 бит,,1 шт.,,Активная,,850 Вт,329 мм,63 мм,139 мм,1,Есть,9728,7680x4320 Пикс,,,,3 шт.,3,,16 pin,300 Вт,,,,,,,,,,,,,,,,,,,,,,
https://www.eldorado.ru/cat/detail/videokarta-gigabyte-geforce-rtx-4070-ti-eagle-12g-gv-n407teagle-12gd/,,,Видеокарта GIGABYTE GeForce RTX 4070 Ti Eagle 12G (GV-N407TEAGLE-12GD),84 599 р.,,Китай,1 год,Профессиональная,nVidia,GeForce RTX 4070 Ti,PCI Express 4.0,,2310 МГц,12 ГБ,GDDR6X,21000 МГц,192 бит,,1 шт.,,Активная,,750 Вт,301 мм,136 мм,58 мм,,,7680,7680x4320 Пикс,"DirectX 12 Ultimate, OpenGL 4.6",4,,3 шт.,,,16 pin,,,,,,,,,,,,,,,,,,,,,,,
https://www.eldorado.ru/cat/detail/videokarta-msi-geforce-gtx-1660-super-ventus-xs-oc/,,,Видеокарта MSI GeForce GTX 1660 Super Ventus XS OC 6GB,23 999 р.,,Китай,6 месяцев,Игровая,nVidia,GeForce GTX 1660 SUPER,PCI Express 3.0 16x,Retail,1815 МГц,6 ГБ,GDDR6,12000 МГц,192 бит,,1 шт.,,Активная,,450 Вт,204 мм,128 мм,42 мм,1,,,7680x4320 Пикс,"DirectX 12, OpenGL 4.5",4,,3 шт.,2,,8 pin,,,,,,,,,,,,,,,,,,,,,,,
https://www.eldorado.ru/cat/detail/videokarta-palit-pa-gtx1650-gp-4g-ne6165001bg1-1175a/,,,Видеокарта PALIT PA-GTX1650 GP 4G (NE6165001BG1-1175A),14 399 р.,,Китай,3 года,Игровая,nVidia,GeForce GTX 1650,PCI Express 3.0 16x,BOX,1410 МГц,4 ГБ,GDDR6,1590 МГц,128 бит,,1 шт.,896,Активная,,300 Вт,112 мм,170 мм,40 мм,,,,,,,,2 шт.,,,6 pin,,,,,,,,,,,,,,,,,,,,,,,
https://www.eldorado.ru/cat/detail/videokarta-palit-geforce-rtx-3070-gaming-pro-8g-ne63070019p2-1041a/,,,Видеокарта PALIT GeForce RTX 3070 Gaming Pro 8G (NE63070019P2-1041A),48 499 р.,,Китай,3 года,Игровая,AMD,GeForce RTX 3070,PCI Express 4.0,,1500 МГц,8 ГБ,GDDR6,,256 бит,,1 шт.,,Активная,,650 Вт,112 мм,294 мм,60 мм,,,,7680x4320 Пикс,"DirectX 12, OpenGL 4.6",4,,3 шт.,,,,,,,,,,,,,,,1725 МГц,,,,,,,,,,,
https://www.eldorado.ru/cat/detail/videokarta-gigabyte-radeon-rx-6700-xt-gaming-oc-12g-gv-r67xtgaming-oc-12gd/,,,Видеокарта GIGABYTE Radeon RX 6700 XT Gaming OC 12G (GV-R67XTGAMING OC-12GD),51 499 р.,,Китай,3 года,Игровая,AMD,Radeon RX 6700 XT,PCI Express 4.0,Retail,2514 МГц,12 ГБ,GDDR6,2514 МГц,192 бит,,2 шт.,,Активная,,650 Вт,281 мм,115 мм,49 мм,1,Есть,,7680x4320 Пикс,"DirectX 12 Ultimate, OpenGL 4.6",4,,2 шт.,,,8 pin + 6 pin,,,,,,,,,,,Есть,2622 МГц,890 г,,,,,,,,,,
https://www.eldorado.ru/cat/detail/videokarta-sapphire-pcie16-rx6600xt-8gb-gddr6-nitro/,,,Видеокарта SAPPHIRE PCIE16 RX6600XT 8GB GDDR6 Nitro+,34 999 р.,,Китай,3 года,Игровая,AMD,Radeon RX 6600 XT,PCI Express 4.0,,1968 МГц,8 ГБ,GDDR6,16000 МГц,128 бит,,1 шт.,2048,Активная,2,550 Вт,260 мм,,,,,,,,,,3 шт.,,,8 pin,,,,,,,,,,,Есть,,,,,,,,,,,,
https://www.eldorado.ru/cat/detail/videokarta-msi-rtx3070-ventus-3x-oc-lhr-8g/,,,Видеокарта MSI RTX3070 Ventus 3X OC LHR 8G,51 499 р.,,Китай,6 месяцев,Игровая,nVidia,GeForce RTX 3070,PCI Express 4.0,BOX,1755 МГц,8 ГБ,GDDR6,14000 МГц,256 бит,,1 шт.,5888,Активная,3,,310 мм,,,1,,,7680x4320 Пикс,,4,,3 шт.,3,,8 pin + 8 pin,650 Вт,,,,,,,8 нм,,,,,991.6 г,,,,,,,,,,
https://www.eldorado.ru/cat/detail/videokarta-gigabyte-radeon-rx6600xt-gaming-8g-gv-r66xtgaming-oc-8gd/,,,Видеокарта GIGABYTE Radeon RX6600XT Gaming 8G (GV-R66XTGAMING OC-8GD),35 999 р.,,Китай,3 года,Игровая,AMD,Radeon RX 6600 XT,,Retail,2593 МГц,8 ГБ,GDDR6,16000 МГц,128 бит,,2 шт.,,Активная,,500 Вт,282 мм,115 мм,50 мм,1,,2048,,,,,2 шт.,,,8 pin,,,,,,,,,,,,,,,,,,,,,,,
https://www.eldorado.ru/cat/detail/videokarta-gigabyte-geforce-rtx3060-12gb-gddr6-192-bit-pci-exps-atx/,,,Видеокарта GIGABYTE GeForce RTX3060 12GB GDDR6 192-Bit PCI-Exps  ATX,31 499 р.,,Китай,1 год,Игровая,nVidia,GeForce RTX 3060,,,1837 МГц,12 ГБ,GDDR6,15000 МГц,192 бит,,2 шт.,,,,550 Вт,280 мм,116 мм,41 мм,1,,3584,7680x4320 Пикс,"DirectX 12 Ultimate, OpenGL 4.6",4,,2 шт.,,,8 pin,,,,,,,,,,,Есть,,,,,,,,,,,,
https://www.eldorado.ru/cat/detail/videokarta-gigabyte-geforce-rtx-4090-gaming-oc-24gb-gv-n4090gaming-oc-24gd/,,,Видеокарта GIGABYTE GeForce RTX 4090 Gaming OC 24GB (GV-N4090GAMING OC-24GD),151 999 р.,,Китай,1 год,Игровая,nVidia,GeForce RTX 4090,PCI Express 4.0,Retail,2520 МГц,24 ГБ,GDDR6X,21000 МГц,384 бит,,1 шт.,,Активная,3,1000 Вт,340 мм,75.2 мм,150 мм,1,,16384,7680x4320 Пикс,"DirectX 12, OpenGL 4.6",4,,3 шт.,3,,,,,,,,,"nVidia Vulkan RT API, HDCP, nVidia CUDA",,,,,,,,,,,,,,,,
https://www.eldorado.ru/cat/detail/videokarta-msi-geforce-rtx-3070-ventus-2x-oc-lhr-8gb-912-v390-405/,,,Видеокарта MSI Geforce RTX 3070 Ventus 2X OC LHR 8GB (912-V390-405),46 999 р.,,Китай,1 год,Игровая,nVidia,GeForce RTX 3070,PCI Express 4.0,Retail,1755 МГц,8 ГБ,GDDR6,14000 МГц,256 бит,,1 шт.,,Активная,2,650 Вт,232 мм,124 мм,52 мм,1,,5888,7680x4320 Пикс,"DirectX 12, OpenGL 4.6",4,Есть,3 шт.,2.5,,8 pin + 8 pin,220 Вт,,,,,,"HDCP, nVidia G-SYNC",8 нм,184,,,,832 г,,,,,,,,,,
https://www.eldorado.ru/cat/detail/videokarta-pny-geforce-rtx-3070-ti-xlr8-gaming-uprising-edition-8gb-vcg3070t8tfxmpb/,,,Видеокарта PNY GeForce RTX 3070 Ti XLR8 Gaming Uprising Edition 8GB (VCG3070T8TFXMPB),62 999 р.,,Китай,1 год,Игровая,nVidia,GeForce RTX 3070 Ti,PCI Express 4.0,Retail,1575 МГц,8 ГБ,GDDR6X,19000 МГц,256 бит,,1 шт.,,Активная,3,750 Вт,317 мм,115 мм,60 мм,1,,6144,7680x4320 Пикс,,4,,3 шт.,3,,8 pin + 8 pin,290 Вт,,,,,,,8 нм,,,,1770 МГц,,,,,,,,,,,
https://www.eldorado.ru/cat/detail/videokarta-sapphire-radeon-rx6700-xt-nitro-gaming-oc-gddr6-12gb-11306-01-20g/,,,Видеокарта SAPPHIRE Radeon RX6700 XT Nitro+ Gaming OC GDDR6 12GB (11306-01-20G),42 999 р.,,Китай,1 год,Игровая,AMD,Radeon RX 6700 XT,PCI Express 4.0,Retail,2548 МГц,12 ГБ,GDDR6,16000 МГц,192 бит,,1 шт.,,Активная,3,650 Вт,310.05 мм,130.75 мм,51.4 мм,1,Есть,2560,7680x4320 Пикс,"DirectX 12 Ultimate, OpenGL 4.6",4,,3 шт.,2.5,,8 pin + 6 pin,260 Вт,,,,,,,,,,,2622 МГц,,"Windows 8.1, Windows 7",,,,,,,,,
https://www.eldorado.ru/cat/detail/videokarta-zotac-geforce-rtx-3070-twin-edge-oc-gddr6-lhr-8gb-zt-a30700h-10p/,,,Видеокарта Zotac GeForce RTX 3070 Twin Edge OC GDDR6 LHR 8GB (ZT-A30700H-10P),54 999 р.,,Китай,1 год,Игровая,nVidia,GeForce RTX 3070,PCI Express 4.0,Retail,1755 МГц,8 ГБ,GDDR6,14000 МГц,256 бит,,1 шт.,,Активная,2,650 Вт,231.9 мм,141.3 мм,41.5 мм,1,,5888,7680x4320 Пикс,"DirectX 12, OpenGL 4.6",4,,3 шт.,2,,8 pin + 8 pin,220 Вт,,,,,,"nVidia Vulkan RT API, nVidia CUDA",8 нм,,,,,,,,,,,,,,,
https://www.eldorado.ru/cat/detail/videokarta-zotac-geforce-rtx-3090-gaming-trinity-gddr6-24gb-zt-a30900d-10p/,,,Видеокарта Zotac GeForce RTX 3090 Gaming Trinity GDDR6 24GB (ZT-A30900D-10P),108 999 р.,,Китай,1 год,Игровая,nVidia,GeForce RTX 3090,PCI Express 4.0,Retail,1695 МГц,24 ГБ,GDDR6X,19500 МГц,384 бит,,1 шт.,,Активная,3,750 Вт,317.8 мм,120.7 мм,58 мм,1,,10496,7680x4320 Пикс,"DirectX 12 Ultimate, OpenGL 4.6",4,,3 шт.,2.5,,8 pin + 8 pin,350 Вт,,,,,,"nVidia Vulkan RT API, nVidia CUDA",8 нм,,,Есть,,,,,,,,,,,,
https://www.eldorado.ru/cat/detail/videokarta-gigabyte-gv-n3050gaming-oc-8gd/,,,Видеокарта GIGABYTE GV-N3050GAMING OC-8GD,45 790 р.,,Китай,3 года,Игровая,nVidia,GeForce RTX 3050,PCI Express 4.0,,1552 МГц,8 ГБ,GDDR6,14000 МГц,128 бит,,2 шт.,2560,Активная,3,450 Вт,282 мм,117 мм,41 мм,1,,,7680x4320 Пикс,"DirectX 12 Ultimate, OpenGL 4.6",4,,2 шт.,2,WINDFORCE 3X,8 pin,,,,,,,,,,,,1822 МГц,,,,,,,,,,,
https://www.eldorado.ru/cat/detail/videokarta-msi-geforce-rtx-2060-ventus-12g-oc/,,,Видеокарта MSI GeForce RTX 2060 Ventus 12G OC,0,,Китай,6 месяцев,Игровая,nVidia,GeForce RTX 2060,PCI Express 3.0 16x,Retail,1680 МГц,12 ГБ,GDDR6,1470 МГц,192 бит,,1 шт.,,Активная,2,500 Вт,231 мм,,,,,2176,7680x4320 Пикс,,4,,3 шт.,,,8 pin,184 Вт,,,,,,,,,,,,,,,,,,,,,,
https://www.eldorado.ru/cat/detail/videokarta-gigabyte-gv-n3050eagle-oc-8gd/,,,Видеокарта GIGABYTE GV-N3050EAGLE OC-8GD,32 690 р.,,Тайвань,3 года,Игровая,nVidia,GeForce RTX 3050,PCI Express 4.0,Retail,1792 МГц,8 ГБ,GDDR6,14000 МГц,128 бит,,2 шт.,,Активная,2,450 Вт,213 мм,41 мм,120 мм,1,Есть,2560,7680x4320 Пикс,"DirectX 12 Ultimate, OpenGL 4.6",4,Есть,2 шт.,2,,8 pin,130 Вт,,,,,,nVidia CUDA,,80,40,Есть,,990 г,,Пропускная способность видеоОЗУ - 224 Гбит/с,,,,,,,,
https://www.eldorado.ru/cat/detail/videokarta-palit-geforce-rtx-3070ti-gaming-pro-8gb-lhr-ned307t019p2-1046a/,,,Видеокарта GIGABYTE GV-N3050EAGLE OC-8GD,0,,,,,,,,,,,,,,,,,,,,,,,,,,,,,,,,,,,,,,,,,,,,,,,,,,,,,,,,
https://www.eldorado.ru/cat/detail/videokarta-zotac-geforce-rtx-4090-amp-extreme-airo-24gb-zt-d40900b-10p/,,,Видеокарта Zotac GeForce RTX 4090 AMP Extreme Airo 24GB (ZT-D40900B-10P),159 999 р.,,Китай,2 года,Игровая,nVidia,GeForce RTX 4090,PCI Express 4.0,Retail,2580 МГц,24 ГБ,GDDR6X,21000 МГц,384 бит,,1 шт.,,Активная,3,1000 Вт,355.5 мм,149.6 мм,72.1 мм,1,,16384,7680x4320 Пикс,"DirectX 12 Ultimate, OpenGL 4.6",4,,3 шт.,3.5,IceStorm,,450 Вт,,,,,,,,,,,,,,,,,,,,,,
https://www.eldorado.ru/cat/detail/videokarta-zotac-geforce-rtx-4090-trinity-oc-24gb-zt-d40900j-10p/,,,Видеокарта Zotac GeForce RTX 4090 Trinity OC 24GB (ZT-D40900J-10P),147 999 р.,,Китай,2 года,Игровая,nVidia,GeForce RTX 4090,PCI Express 4.0,Retail,2535 МГц,24 ГБ,GDDR6X,21000 МГц,384 бит,,1 шт.,,Активная,3,1000 Вт,356.1 мм,150.1 мм,71.4 мм,1,,16384,7680x4320 Пикс,"DirectX 12 Ultimate, OpenGL 4.6",4,,3 шт.,3.5,IceStorm,,450 Вт,,,,,,,,,,,,,,,,,,,,,,
https://www.eldorado.ru/cat/detail/videokarta-gigabyte-geforce-rtx-4080-gaming-oc-16gb-gv-n4080gaming-oc-16gd/,,,Видеокарта GIGABYTE GeForce RTX 4080 Gaming OC 16GB (GV-N4080GAMING OC-16GD),113 999 р.,,Китай,2 года,Игровая,nVidia,GeForce RTX 4080,PCI Express 4.0,,2505 МГц,16 ГБ,GDDR6X,22400 МГц,256 бит,,1 шт.,,Активная,,850 Вт,342 мм,75 мм,150 мм,1,,9728,7680x4320 Пикс,"DirectX 12 Ultimate, OpenGL 4.6",4,,3 шт.,1,,,,,,,,,,,,,,,,,,,,,,,,,
https://www.eldorado.ru/cat/detail/videokarta-gigabyte-geforce-rtx-4080-eagle-16gb-gv-n4080eagle-16gd/,,,Видеокарта GIGABYTE GeForce RTX 4080 Eagle 16GB (GV-N4080EAGLE-16GD),109 899 р.,,Китай,2 года,Игровая,nVidia,GeForce RTX 4080,PCI Express 4.0,Retail,2505 МГц,16 ГБ,GDDR6X,22400 МГц,256 бит,,1 шт.,,Активная,,850 Вт,342 мм,70 мм,150 мм,1,,9728,7680x4320 Пикс,"DirectX 12 Ultimate, OpenGL 4.6",4,,3 шт.,3.5,,,,,,,,,,,,,,,,,,,,,,,,,
https://www.eldorado.ru/cat/detail/videokarta-asus-geforce-rtx-4090-tuf-gaming-oc-24g-90yv0ie0-m0na00/,,,Видеокарта ASUS GeForce RTX 4090 TUF Gaming OC 24G (90YV0IE0-M0NA00),181 999 р.,,Китай,3 года,Профессиональная,nVidia,GeForce RTX 4090,PCI Express 4.0,Retail,2595 МГц,24 ГБ,GDDR6X,21000 МГц,384 бит,,2 шт.,,Активная,,850 Вт,348.2 мм,150 мм,72.6 мм,1,,16384,7680x4320 Пикс,OpenGL 4.6,4,,3 шт.,3.65,,,,,,,,,,,,,,,,,,,,,,,,,
https://www.eldorado.ru/cat/detail/videokarta-gigabyte-geforce-rtx-4090-aorus-xtreme-waterforce-24gb-gv-n4090aorusx-w-24gd/,,,Видеокарта GIGABYTE GeForce RTX 4090 Aorus Xtreme WaterForce 24GB (GV-N4090AORUSX W-24GD),199 999 р.,,Китай,3 года,Игровая,nVidia,GeForce RTX 4090,PCI Express 4.0,,2565 МГц,24 ГБ,GDDR6X,21000 МГц,384 бит,,1 шт.,,Активная,3,850 Вт,238 мм,141 мм,40 мм,1,,16384,7680x4320 Пикс,"DirectX 12 Ultimate, OpenGL 4.6",4,,3 шт.,2,,,,,,,,,,,,,,,,,,,,,,,,,
https://www.eldorado.ru/cat/detail/videokarta-palit-geforce-rtx-4090-gamerock-oc-24gb-ned4090s19sb-1020g/,,,Видеокарта PALIT GeForce RTX 4090 GameRock OC 24GB (NED4090S19SB-1020G),165 999 р.,,Китай,2 года,Игровая,nVidia,GeForce RTX 4090,PCI Express 4.0,Retail,2235 МГц,24 ГБ,GDDR6X,21000 МГц,384 бит,,1 шт.,,Активная,,1000 Вт,329.4 мм,137.5 мм,71.5 мм,1,,16384,7680x4320 Пикс,"DirectX 12 Ultimate, OpenGL 4.6",4,Есть,3 шт.,3.5,,16 pin,450 Вт,,,,,,"nVidia ShadowPlay, nVidia GameStream, nVidia G-SYNC, nVidia Multi-Projection, nVidia MFAA, nVidia PhysX, nVidia FreeStyle, nVidia Vulkan RT API, nVidia Ansel, nVidia SHIELD ready, nVidia Adaptive Shading, nVidia Adaptive Vertical Sync, nVidia CUDA, nVidia GPU Boost, nVidia Dynamic Super Resolution (DSR), nVidia TXAA",,,,Есть,,,,,,,,,,,,
https://www.eldorado.ru/cat/detail/videokarta-palit-geforce-rtx4070ti-gamerock-classic-12gb-ned407t019k9-1046g/,,,Видеокарта PALIT GeForce RTX4070Ti GameRock Classic 12GB (NED407T019K9-1046G),79 999 р.,,Китай,3 года,"Профессиональная, Игровая",nVidia,GeForce RTX 4070 Ti,,Retail,2310 МГц,12 ГБ,GDDR6X,21000 МГц,192 бит,,1 шт.,,Активная,,750 Вт,313 мм,65 мм,137 мм,1,Есть,7680,7680x4320 Пикс,,,,3 шт.,3,,16 pin,,,,,,,,,,,,,,,,,,,,,,,
https://www.eldorado.ru/cat/detail/videokarta-zotac-geforce-rtx-4070ti-trinity-12gb-zt-d40710d-10p/,,,Видеокарта Zotac GeForce RTX 4070Ti Trinity 12GB (ZT-D40710D-10P),96 999 р.,,Китай,2 года,Игровая,nVidia,GeForce RTX 4070 Ti,PCI Express 4.0,Retail,2610 МГц,12 ГБ,GDDR6X,21000 МГц,192 бит,,1 шт.,,Активная,3,750 Вт,306.8 мм,119.4 мм,58.5 мм,1,Есть,7680,7680x4320 Пикс,"DirectX 12 Ultimate, OpenGL 4.6",4,Есть,3 шт.,2.5,Ледяная буря 2.0,16 pin,285 Вт,90 ˚С,Есть,1 шт.,,,,,,,,,,,,,,,,,,,
https://www.eldorado.ru/cat/detail/videokarta-msi-rtx4070ti-gaming-x-trio-12gb/,,,Видеокарта Zotac GeForce RTX 4070Ti Trinity 12GB (ZT-D40710D-10P),0,,,,,,,,,,,,,,,,,,,,,,,,,,,,,,,,,,,,,,,,,,,,,,,,,,,,,,,,
https://www.eldorado.ru/cat/detail/videokarta-asus-tuf-rtx4080-o16g-gaming/,,,Видеокарта ASUS TUF-RTX4080-O16G-Gaming,137 999 р.,,Китай,3 года,"Профессиональная, Игровая, Офисная",nVidia,GeForce RTX 4080,PCI Express 4.0,Retail,2625 МГц,16 ГБ,GDDR6X,22400 МГц,256 бит,,2 шт.,,Активная,,750 Вт,348 мм,72 мм,150 мм,1,,9728,,,,,3 шт.,3,,16 pin,,,,,,,,,,,,,,,,,,,,,,,
https://www.eldorado.ru/cat/detail/videokarta-asus-tuf-rtx4070ti-o12g-gaming/,,,Видеокарта ASUS TUF-RTX4070TI-O12G-Gaming,94 999 р.,,Китай,3 года,"Профессиональная, Игровая, Офисная",nVidia,GeForce RTX 4070 Ti,PCI Express 4.0,Retail,2310 МГц,12 ГБ,GDDR6X,21000 МГц,192 бит,,2 шт.,,Активная,,750 Вт,305 мм,63 мм,150 мм,1,,7680,7680x4320 Пикс,,,,3 шт.,3,,16 pin,,,,,,,,,,,,,,,,,,,,,,,
https://www.eldorado.ru/cat/detail/videokarta-palit-rtx4080-gamingpro-16gb/,,,Видеокарта PALIT RTX4080 GamingPro 16GB,103 999 р.,,Китай,3 года,"Профессиональная, Игровая",nVidia,GeForce RTX 4080,PCI Express 4.0,Retail,2205 МГц,16 ГБ,GDDR6X,22400 МГц,256 бит,,1 шт.,,Активная,,850 Вт,329 мм,63 мм,139 мм,1,Есть,9728,7680x4320 Пикс,,,,3 шт.,3,,16 pin,300 Вт,,,,,,,,,,,,,,,,,,,,,,
https://www.eldorado.ru/cat/detail/videokarta-gigabyte-rtx4070ti-gaming-oc-12gb/,,,Видеокарта GIGABYTE RTX4070Ti Gaming OC 12GB,93 999 р.,,Китай,1 год,"Профессиональная, Игровая, Офисная",nVidia,GeForce RTX 4070 Ti,PCI Express 4.0,Retail,2310 МГц,12 ГБ,GDDR6,21000 МГц,192 бит,,1 шт.,,Активная,,750 Вт,336 мм,58 мм,140 мм,1,,7680,7680x4320 Пикс,,,,3 шт.,3,,16 pin,,,,1 шт.,,,,,,,,,,,,,,,,,,,
https://www.eldorado.ru/cat/detail/videokarta-asus-rog-strix-rtx4080-16g-gaming/,,,Видеокарта ASUS ROG-Strix-RTX4080-16G-Gaming,145 999 р.,,Китай,3 года,"Профессиональная, Игровая, Офисная",nVidia,GeForce RTX 4080,PCI Express 4.0,Retail,2535 МГц,16 ГБ,GDDR6X,22400 МГц,256 бит,,2 шт.,,Активная,,750 Вт,326.5 мм,70 мм,150 мм,1,,9728,,,,,3 шт.,3,,16 pin,,,,,,,,,,,,,,,,,,,,,,,
https://www.eldorado.ru/cat/detail/videokarta-gigabyte-radeon-rx-7900-xtx-gaming-oc-24g-gv-r79xtxgaming-oc-24gd/,,,Видеокарта GIGABYTE Radeon RX 7900 XTX Gaming OC 24G (GV-R79XTXGAMING OC-24GD),99 999 р.,,Китай,1 год,Профессиональная,AMD,Radeon RX 7900 XTX,PCI Express 4.0,,2525 МГц,24 ГБ,GDDR6,20000 МГц,384 бит,,2 шт.,,Активная,3,850 Вт,331 мм,138 мм,50 мм,1,,6144,7680x4320 Пикс,"DirectX 12 Ultimate, OpenGL 4.6",,,2 шт.,,,8 pin + 8 pin,,,,,,,,,,,,,,,,,,,,,,,
https://www.eldorado.ru/cat/detail/videokarta-asus-dual-radeon-rx-6700-xt-12g-dual-rx6700xt-12g/,,,Видеокарта ASUS Dual Radeon RX 6700 XT 12G (DUAL-RX6700XT-12G),59 290 р.,,Китай,3 года,Игровая,AMD,Radeon RX 6700 XT,PCI Express 4.0,Retail,2321 МГц,12 ГБ,GDDR6,16000 МГц,192 бит,,1 шт.,,Активная,2,650 Вт,295 мм,55 мм,139 мм,1,,2560,,,4,,3 шт.,3,,8 pin + 6 pin,,,,,,,,,,,Есть,,,,,,,,,,,,
https://www.eldorado.ru/cat/detail/videokarta-gigabyte-radeon-rx-6700-xt-eagle-12g-gv-r67xteagle-12gd/,,,Видеокарта GIGABYTE Radeon RX 6700 XT EAGLE 12G (GV-R67XTEAGLE-12GD),65 990 р.,,Китай,3 года,Игровая,AMD,Radeon RX 6700 XT,PCI Express 4.0,Retail,2321 МГц,12 ГБ,GDDR6,16000 МГц,192 бит,,2 шт.,,Активная,3,650 Вт,282 мм,42 мм,113 мм,1,Есть,2560,7680x4320 Пикс,"DirectX 12 Ultimate, OpenGL 4.6",4,,2 шт.,2,,8 pin + 6 pin,,,,,,,,,,,,,,,,,,,,,,,
https://www.eldorado.ru/cat/detail/videokarta-asus-tuf-gaming-geforce-rtx-4070-ti-12gb-gddr6x-tuf-rtx4070ti-12g-gaming/,,,Видеокарта ASUS TUF Gaming GeForce RTX 4070 Ti 12GB GDDR6X (TUF-RTX4070TI-12G-GAMING),101 999 р.,,Китай,3 года,Игровая,nVidia,GeForce RTX 4070 Ti,PCI Express 4.0,Retail,2610 МГц,12 ГБ,GDDR6X,21000 МГц,192 бит,,2 шт.,7680,Активная,3,750 Вт,305 мм,65 мм,138 мм,1,,,7680x4320 Пикс,OpenGL 4.6,4,,3 шт.,1,,16 pin,,,,1 шт.,,,nVidia CUDA,,,,Есть,2640 МГц,,,,,,,,,,,
https://www.eldorado.ru/cat/detail/videokarta-colorful-geforce-rtx-4080-16gb-nb-ex-v/,,,Видеокарта Colorful GeForce RTX 4080 16GB NB EX-V,121 999 р.,,Китай,1 год,Игровая,nVidia,GeForce RTX 4080,PCI Express 4.0,Retail,2205 МГц,16 ГБ,GDDR6X,22400 МГц,256 бит,,1 шт.,9728,Активная,3,750 Вт,327 мм,61 мм,150 мм,1,,,,,,,3 шт.,3,,16 pin,,,,1 шт.,,,,,,,Есть,,,,,,,,,,,,
https://www.eldorado.ru/cat/detail/videokarta-gigabyte-geforce-rtx-4070-ti-gaming-12gb-gv-n407tgaming-12gd/,,,Видеокарта GIGABYTE GeForce RTX 4070 Ti Gaming 12GB (GV-N407TGAMING-12GD),87 499 р.,,Китай,3 года,Игровая,nVidia,GeForce RTX 4070 Ti,PCI Express 4.0,Retail,2610 МГц,12 ГБ,GDDR6X,21000 МГц,192 бит,,1 шт.,7680,Активная,3,750 Вт,336 мм,58 мм,140 мм,1,Есть,,7680x4320 Пикс,OpenGL 4.6,4,,3 шт.,3,WINDFORCE,16 pin,,,,1 шт.,,,,,,,Есть,2640 МГц,,,,,,,,,,,
https://www.eldorado.ru/cat/detail/videokarta-kfa2-geforce-rtx-4070-ti-st-1-click-oc-12gb-47iom7md6ttk/,,,Видеокарта KFA2 GeForce RTX 4070 Ti ST 1-Click OC 12GB (47IOM7MD6TTK),80 499 р.,,Китай,2 года,Игровая,nVidia,GeForce RTX 4070 Ti,PCI Express 4.0,Retail,2685 МГц,12 ГБ,GDDR6X,21000 МГц,192 бит,,1 шт.,7680,Активная,3,700 Вт,336 мм,62 мм,148 мм,1,Есть,,,,,,3 шт.,3,,16 pin,,,,1 шт.,,,,,,,Есть,,,,,,,,,,,,
https://www.eldorado.ru/cat/detail/videokarta-kfa2-geforce-rtx-4090-sg-1-click-oc-24gb-49nxm5md6dsk/,,,Видеокарта KFA2 GeForce RTX 4090 SG 1-Click OC 24GB (49NXM5MD6DSK),155 999 р.,,Китай,2 года,Игровая,nVidia,GeForce RTX 4090,PCI Express 4.0,Retail,2595 МГц,24 ГБ,GDDR6X,21000 МГц,384 бит,,1 шт.,16384,Активная,3,850 Вт,352 мм,74 мм,153 мм,1,Есть,,,,,,3 шт.,4,,16 pin,,,,1 шт.,,,,,,,Есть,,,,,,,,,,,,
https://www.eldorado.ru/cat/detail/videokarta-palit-geforce-rtx-4070-ti-gamingpro-12gb-gddr6x-ned407t019k9-1043a/,,,Видеокарта PALIT GeForce RTX 4070 Ti GamingPro 12GB GDDR6X (NED407T019K9-1043A),81 999 р.,,Китай,3 года,Игровая,nVidia,GeForce RTX 4070 Ti,PCI Express 4.0,Retail,2310 МГц,12 ГБ,GDDR6X,21000 МГц,192 бит,,1 шт.,7680,Активная,3,750 Вт,329 мм,64 мм,133 мм,1,Есть,,7680x4320 Пикс,"DirectX 12 Ultimate, OpenGL 4.6",4,Есть,3 шт.,4,,16 pin,285 Вт,,,1 шт.,,,"nVidia ShadowPlay, nVidia GameStream, nVidia G-SYNC, nVidia Multi-Projection, nVidia MFAA, nVidia PhysX, nVidia FreeStyle, nVidia Vulkan RT API, nVidia Ansel, nVidia SHIELD ready, nVidia Adaptive Vertical Sync, nVidia CUDA, nVidia GPU Boost, nVidia Dynamic Super Resolution (DSR), nVidia TXAA",,,,Есть,2610 МГц,,,,,,,,,,,
https://www.eldorado.ru/cat/detail/videokarta-palit-geforce-rtx-4070-ti-gamerock-12gb-gddr6x-ned407t019k9-1045g/,,,Видеокарта PALIT GeForce RTX 4070 Ti GameRock 12GB GDDR6X (NED407T019K9-1045G),82 499 р.,,Китай,3 года,Игровая,nVidia,GeForce RTX 4070 Ti,PCI Express 4.0,Retail,2310 МГц,12 ГБ,GDDR6X,21000 МГц,192 бит,,1 шт.,7680,Активная,3,750 Вт,329 мм,64 мм,137 мм,1,Есть,,7680x4320 Пикс,"DirectX 12 Ultimate, OpenGL 4.6",4,Есть,3 шт.,4,,16 pin,285 Вт,,,1 шт.,,,"nVidia ShadowPlay, nVidia GameStream, nVidia G-SYNC, nVidia Multi-Projection, nVidia MFAA, nVidia PhysX, nVidia FreeStyle, nVidia Vulkan RT API, nVidia Ansel, nVidia SHIELD ready, nVidia Adaptive Shading, nVidia Adaptive Vertical Sync, nVidia CUDA, nVidia GPU Boost, nVidia Dynamic Super Resolution (DSR), nVidia TXAA",,,,Есть,2610 МГц,,,,,,,,,,,
https://www.eldorado.ru/cat/detail/videokarta-gigabyte-geforce-gtx-760-2gb-gv-n760oc-2gd/,,,Видеокарта GIGABYTE GeForce GTX 760 2Gb GV-N760OC-2GD,0,,Китай,3 года,Офисная,nVidia,GeForce GTX 760,PCI Express 3.0 16x,Retail,1085 МГц,2 ГБ,GDDR5,6008 МГц,256 бит,2 шт.,1 шт.,1152,Активная,3,500 Вт,,,295 мм,1,,,4096x2160 Пикс,"DirectX 11.1, OpenGL 4.3",4,,1 шт.,2,,6 pin + 6 pin,,,Есть,1 шт.,,,"nVidia 3D Vision, HDCP, nVidia Adaptive Vertical Sync, nVidia CUDA, nVidia GPU Boost, nVidia PhysX",28 нм,96,32,,,,"Windows 8, Windows 7",,Есть,GK104 (Kepler),400 МГц,SLI,5.0,16x,32x,
https://www.eldorado.ru/cat/detail/videokarta-asus-r5-230-1gb-low-profile-silent-r5230-sl-1gd3-l/,,,Видеокарта ASUS R5 230 1GB Low Profile Silent (R5230-SL-1GD3-L),3 290 р.,,Китай,3 года,Офисная,AMD,Radeon R5 230,PCI Express 2.1 16x,Retail,650 МГц,1 ГБ,GDDR3,1200 МГц,64 бит,1 шт.,1 шт.,160,Пассивная,,400 Вт,170 мм,69 мм,22 мм,,,,,,,,,,,,,,,,,1 шт.,,,,,,,,,,,,,,,,,
https://www.eldorado.ru/cat/detail/videokarta-asus-geforce-gt-1030-2gb-phoenix-fan-oc-edition-ph-gt1030-o2g/,,,Видеокарта ASUS GeForce GT 1030 2GB Phoenix Fan OC Edition (PH-GT1030-O2G),11 999 р.,,Китай,3 года,Офисная,nVidia,GeForce GT 1030,PCI Express 3.0 16x,Retail,1531 МГц,2 ГБ,GDDR5,6008 МГц,64 бит,1 шт.,1 шт.,384,Активная,,300 Вт,184 мм,111 мм,36 мм,,,,,,,,,,,,,,,,,,,,,,,,,,,,,,,,,,
https://www.eldorado.ru/cat/detail/videokarta-asus-r5-230-2gb-low-profile-silent-r5230-sl-2gd3-l/,,,Видеокарта ASUS R5 230 2GB Low Profile Silent (R5230-SL-2GD3-L),3 790 р.,,Китай,3 года,Офисная,AMD,Radeon R5 230,PCI Express 2.1 16x,Retail,650 МГц,2 ГБ,GDDR3,1200 МГц,64 бит,1 шт.,1 шт.,160,Пассивная,,400 Вт,170 мм,69 мм,22 мм,,,,,,,,,,,,,,,,,1 шт.,,,,,,,,,,,,,,,,,
https://www.eldorado.ru/cat/detail/videokarta-asus-radeon-rx-550-2gb-gddr5-rx550-2g/,,,Видеокарта ASUS Radeon RX 550 2GB GDDR5 (RX550-2G),7 690 р.,,Китай,3 года,Игровая,AMD,Radeon RX 550,PCI Express 3.0 16x,Retail,1183 МГц,2 ГБ,GDDR5,7000 МГц,128 бит,1 шт.,1 шт.,512,Активная,,400 Вт,182 мм,112 мм,43 мм,,,,,,,,1 шт.,,,,,,,,,,,,,,,,,,,,,,,,,,
https://www.eldorado.ru/cat/detail/videokarta-asus-dual-gtx1060-o3g/,,,Видеокарта ASUS DUAL-GTX1060-O3G,19 690 р.,,Китай,3 года,Игровая,nVidia,GeForce GTX 1060,PCI Express 3.0 16x,Retail,1594 МГц,3 ГБ,GDDR5,8008 МГц,192 бит,1 шт.,2 шт.,1152,Активная,2,500 Вт,242 мм,130 мм,43 мм,1,,,7680x4320 Пикс,,,Есть,2 шт.,2,,6 pin,120 Вт,,,,,,,16 нм,72,48,,1809 МГц,,,,,,,,5.0,,,
https://www.eldorado.ru/cat/detail/videokarta-asus-ph-gtx1060-3g/,,,Видеокарта ASUS PH-GTX1060-3G,21 190 р.,,Китай,3 года,Игровая,nVidia,GeForce GTX 1060,,Retail,1708 МГц,3 ГБ,GDDR5,8008 МГц,192 бит,,,1152,Активная,,400 Вт,183 мм,121 мм,38 мм,,,,,,,,,,воздушная,6 pin,,,,,,,,,,,,,,,,,,,,,,,
https://www.eldorado.ru/cat/detail/videokarta-asus-strix-gtx1050ti-o4g-gaming/,,,Видеокарта ASUS PH-GTX1060-3G,0,,,,,,,,,,,,,,,,,,,,,,,,,,,,,,,,,,,,,,,,,,,,,,,,,,,,,,,,
https://www.eldorado.ru/cat/detail/videokarta-gigabyte-geforce-210-gv-n210sl-1gi/,,,Видеокарта GIGABYTE GeForce 210 GV-N210SL-1GI,2 990 р.,,Китай,3 года,"Профессиональная, Игровая",nVidia,GeForce 210,PCI Express 2.0 16x,Retail,520 МГц,1 ГБ,GDDR3,1200 МГц,64 бит,1 шт.,1 шт.,16,Пассивная,,300 Вт,167 мм,68 мм,15 мм,,,,,,,,,,,,,,,,,1 шт.,,,,,,,,,,,,,,,,,
https://www.eldorado.ru/cat/detail/videokarta-gigabyte-geforce-gt-730-gv-n730d3-2gi/,,,Видеокарта GIGABYTE GeForce GT 730 GV-N730D3-2GI,6 990 р.,,Китай,3 года,Офисная,nVidia,GeForce GT 730,PCI Express 2.0 16x,Retail,902 МГц,2 ГБ,GDDR3,1800 МГц,64 бит,1 шт.,1 шт.,384,Активная,,300 Вт,167 мм,115 мм,27 мм,,,,,,,,,,,,,,,,,,,,,,,,,,,,,,,,,,
https://www.eldorado.ru/cat/detail/videokarta-gigabyte-geforce-gtx-1070-mini-itx-oc-8g/,,,Видеокарта GIGABYTE GeForce GTX 1070 Mini ITX OC 8G,28 699 р.,,Китай,3 года,Игровая,nVidia,GeForce GTX 1070,PCI Express 3.0 16x,,1746 МГц,8 ГБ,GDDR5,8008 МГц,256 бит,1 шт.,1 шт.,1920,Активная,,500 Вт,169 мм,131 мм,37 мм,,,,,,,,1 шт.,,,8 pin,,,,,,,,,,,,,,,,,,,SLI,,,,
https://www.eldorado.ru/cat/detail/videokarta-gigabyte-geforce-gtx-1060-mini-itx-oc-6g/,,,Видеокарта GIGABYTE GeForce GTX 1060 Mini ITX OC 6G,23 590 р.,,Китай,3 года,Игровая,nVidia,GeForce GTX 1060,PCI Express 3.0 16x,Retail,1770 МГц,6 ГБ,GDDR5,8008 МГц,192 бит,1 шт.,1 шт.,1280,Активная,,400 Вт,169 мм,131 мм,37 мм,,,,,,,,1 шт.,,,6 pin,,,,,,,,,,,,,,,,,,,,,,,
https://www.eldorado.ru/cat/detail/videokarta-gigabyte-geforce-gtx-1060-windforce-oc-3g-gv-n1060wf2oc-3gd/,,,Видеокарта GIGABYTE GeForce GTX 1060 Windforce OC 3G (GV-N1060WF2OC-3GD),20 690 р.,,Китай,3 года,Игровая,nVidia,GeForce GTX 1050,PCI Express 3.0 16x,Retail,1797 МГц,3 ГБ,GDDR5,8008 МГц,192 бит,2 шт.,1 шт.,1152,Активная,,400 Вт,223 мм,121 мм,39 мм,,,,,,,,1 шт.,,,6 pin,,,,,,,,,,,,,,,,,,,,,,,
https://www.eldorado.ru/cat/detail/videokarta-gigabyte-geforce-gtx-1060-mini-itx-oc-3g-gv-n1060ixoc-3gd/,,,Видеокарта GIGABYTE GeForce GTX 1060 Mini ITX OC 3G (GV-N1060IXOC-3GD),18 790 р.,,Китай,3 года,Игровая,nVidia,GeForce GTX 1060,PCI Express 3.0 16x,Retail,1771 МГц,3 ГБ,GDDR5,8008 МГц,192 бит,1 шт.,1 шт.,1152,Активная,,400 Вт,169 мм,131 мм,37 мм,,,,,,,,1 шт.,,,6 pin,,,,,,,,,,,,,,,,,,,,,,,
https://www.eldorado.ru/cat/detail/videokarta-msi-ge-force-gtx-1070-gaming-x-8g/,,,Видеокарта MSI Ge Force GTX 1070 Gaming X 8G,45 990 р.,,Китай,3 года,Игровая,nVidia,GeForce GTX 1070,PCI Express 3.0 16x,Retail,1771 МГц,8 ГБ,GDDR5,8108 МГц,256 бит,1 шт.,1 шт.,1920,Активная,,500 Вт,279 мм,140 мм,42 мм,,,,,,,,3 шт.,,,8 pin + 6 pin,,,,,,,,,,,,,,,,,,,SLI,,,,
https://www.eldorado.ru/cat/detail/videokarta-msi-geforce-gtx-1070-armor/,,,Видеокарта MSI GeForce GTX 1070 Armor,33 299 р.,,Китай,3 года,Игровая,nVidia,GeForce GTX 1070,PCI Express 3.0 16x,Retail,1746 МГц,8 ГБ,GDDR5,8008 МГц,256 бит,1 шт.,1 шт.,1920,Активная,,500 Вт,279 мм,140 мм,37 мм,,,,,,,,3 шт.,,,8 pin,,,,,,,,,,,,,,,,,,,SLI,,,,
https://www.eldorado.ru/cat/detail/videokarta-msi-geforce-gtx-1060-gaming-x-6g/,,,Видеокарта MSI GeForce GTX 1060 Gaming X 6G,27 990 р.,,Китай,3 года,Игровая,nVidia,GeForce GTX 1060,PCI Express 3.0 16x,Retail,1784 МГц,6 ГБ,GDDR5,8000 МГц,192 бит,1 шт.,1 шт.,1280,Активная,,400 Вт,277 мм,140 мм,39 мм,,,,,,,,3 шт.,,,8 pin,,,,,,,,,,,,,,,,,,,,,,,
https://www.eldorado.ru/cat/detail/videokarta-msi-geforce-gtx-1060-3gt-oc/,,,Видеокарта MSI GeForce GTX 1060 3GT OC,16 690 р.,,Китай,3 года,Игровая,nVidia,GeForce GTX 1060,PCI Express 3.0 16x,Retail,1759 МГц,3 ГБ,GDDR5,8008 МГц,192 бит,1 шт.,1 шт.,1152,Активная,,400 Вт,243 мм,115 мм,39 мм,,,,,,,,1 шт.,,,6 pin,,,,,,,,,,,,,,,,,,,,,,,
https://www.eldorado.ru/cat/detail/videokarta-msi-geforce-gtx-1060-armor-3g-ocv1/,,,Видеокарта MSI GeForce GTX 1060 Armor 3G OCV1,17 299 р.,,Китай,3 года,Игровая,nVidia,GeForce GTX 1060,PCI Express 3.0 16x,Retail,1759 МГц,3 ГБ,GDDR5,8008 МГц,192 бит,1 шт.,2 шт.,1152,Активная,,400 Вт,275 мм,137 мм,41 мм,,,,,,,,2 шт.,,,8 pin,,,,,,,,,,,,,,,,,,,,,,,
https://www.eldorado.ru/cat/detail/videokarta-msi-geforce-gtx-1060-6gt-ocv1/,,,Видеокарта MSI GeForce GTX 1060 6GT OCV1,27 790 р.,,Китай,3 года,Игровая,nVidia,GeForce GTX 1060,PCI Express 3.0 16x,,1759 МГц,6 ГБ,GDDR5,8008 МГц,192 бит,1 шт.,1 шт.,1280,Активная,,400 Вт,243 мм,115 мм,39 мм,,,,,,,,1 шт.,,воздушная,6 pin,,,,,,,,,,,,,,,,,,,,,,,
https://www.eldorado.ru/cat/detail/videokarta-palit-geforce-gt-730-1gb-gddr5-ne5t7300hd06-2081f/,,,Видеокарта PALIT GeForce GT 730 1GB GDDR5 (NE5T7300HD06-2081F),3 390 р.,,Китай,3 года,Офисная,nVidia,GeForce GT 730,PCI Express 2.0 8x,Retail,902 МГц,1 ГБ,GDDR5,2500 МГц,64 бит,1 шт.,1 шт.,384,Активная,,300 Вт,160 мм,69 мм,30 мм,,,,2560x1600 Пикс,,,,,1,,,,,,,,1 шт.,,,,,,,,,,,,,,,,,
https://www.eldorado.ru/cat/detail/videokarta-palit-geforce-gtx1080-gamerock-premium-neb1080h15p2-1040g/,,,Видеокарта PALIT GeForce GTX1080 Gamerock Premium (NEB1080H15P2-1040G),46 990 р.,,Китай,3 года,Игровая,nVidia,GeForce GTX 1080,PCI Express 3.0 16x,Retail,1746 МГц,8 ГБ,GDDR5X,10500 МГц,256 бит,1 шт.,1 шт.,2560,Активная,,500 Вт,285 мм,,,,,,,,,,3 шт.,,,8 pin + 6 pin,,,,,,,,,,,,,,,,,,,SLI,,,,
https://www.eldorado.ru/cat/detail/videokarta-palit-geforce-gtx1070-gamerock-ne51070t15p2-1041g/,,,Видеокарта PALIT GeForce GTX1070 Gamerock (NE51070T15P2-1041G),33 690 р.,,Китай,3 года,Игровая,nVidia,GeForce GTX 1070,PCI Express 3.0 16x,Retail,1556 МГц,8 ГБ,GDDR5,8000 МГц,256 бит,1 шт.,1 шт.,1920,Активная,,500 Вт,285 мм,133 мм,39 мм,,,,,,,,3 шт.,,,8 pin,,,,,,,,,,,,,,,,,,,SLI,,,,
https://www.eldorado.ru/cat/detail/videokarta-palit-geforce-gtx1070-jetstream-ne51070015p2-1041j/,,,Видеокарта PALIT GeForce GTX1070 Jetstream (NE51070015P2-1041J),32 599 р.,,Китай,3 года,Игровая,nVidia,GeForce GTX 1070,PCI Express 3.0 16x,Retail,1506 МГц,8 ГБ,GDDR5,8000 МГц,256 бит,1 шт.,1 шт.,1920,Активная,,500 Вт,285 мм,133 мм,39 мм,,,,,,,,3 шт.,,,8 pin,,,,,,,,,,,,,,,,,,,SLI,,,,
https://www.eldorado.ru/cat/detail/videokarta-palit-geforce-gtx1060-super-jetstream-ne51060s15j9-1060j/,,,Видеокарта PALIT GeForce GTX1060 Super Jetstream (NE51060S15J9-1060J),24 999 р.,,Китай,3 года,Игровая,nVidia,GeForce GTX 1060,PCI Express 3.0 16x,BOX,1620 МГц,6 ГБ,GDDR5,8000 МГц,192 бит,1 шт.,1 шт.,,Активная,,400 Вт,248 мм,123 мм,35 мм,1,,,,,,,3 шт.,1,,6 pin,,,,,,,,,,,,,,,,,,,,,,,
https://www.eldorado.ru/cat/detail/videokarta-palit-geforce-gtx1070-dual-8g-ne51070015p2-1043d/,,,Видеокарта PALIT GeForce GTX1070 Dual 8G (NE51070015P2-1043D),27 999 р.,,Китай,3 года,Игровая,nVidia,GeForce GTX 1070,PCI Express 3.0 16x,Retail,1506 МГц,8 ГБ,GDDR5,8000 МГц,256 бит,1 шт.,1 шт.,1920,Активная,,500 Вт,252 мм,112 мм,35 мм,,,,,,,,3 шт.,,,8 pin,,,,,,,,,,,,,,,,,,,SLI,,,,
https://www.eldorado.ru/cat/detail/videokarta-palit-pa-gtx1060-jetstream-6g-ne51060015j9-1060j/,,,Видеокарта PALIT PA-GTX1060 Jetstream 6G (NE51060015J9-1060J),28 890 р.,,Китай,3 года,Игровая,nVidia,GeForce GTX 1060,PCI Express 3.0 16x,Retail,1506 МГц,6 ГБ,GDDR5,8000 МГц,192 бит,1 шт.,1 шт.,1280,Активная,2,400 Вт,248 мм,123 мм,35 мм,1,,,7680x4320 Пикс,DirectX 12,,Есть,3 шт.,2,,6 pin,120 Вт,,,,,,"nVidia 3D Vision, nVidia CUDA, nVidia MFAA, nVidia Dynamic Super Resolution (DSR)",,,,,,,,,,,,,,,,
https://www.eldorado.ru/cat/detail/videokarta-palit-geforce-gtx1060-dual-3g/,,,Видеокарта PALIT GeForce GTX1060 Dual 3G,16 790 р.,,Китай,3 года,Игровая,nVidia,GeForce GTX 1060,PCI Express 3.0 16x,,1506 МГц,3 ГБ,GDDR5,8000 МГц,192 бит,1 шт.,1 шт.,1152,Активная,,400 Вт,252 мм,112 мм,35 мм,,,,,,,,3 шт.,,воздушная,6 pin,,,,,,,,,,,,,,,,,,,,,,,
https://www.eldorado.ru/cat/detail/videokarta-palit-pa-gtx1060-stormx-3g-ne51060015f9-1061f/,,,Видеокарта PALIT PA-GTX1060 StormX 3G (NE51060015F9-1061F),20 990 р.,,Китай,3 года,Игровая,nVidia,GeForce GTX 1060,PCI Express 3.0 16x,,1506 МГц,3 ГБ,GDDR5,8000 МГц,,1 шт.,1 шт.,1152,Активная,,400 Вт,252 мм,112 мм,35 мм,,,,,,,,3 шт.,,воздушная,6 pin,,,,,,,,,,,,,,,,,,,,,,,
https://www.eldorado.ru/cat/detail/videokarta-palit-geforce-gtx1080-jetstream-neb1080015p2-1040j/,,,Видеокарта PALIT GeForce GTX1080 Jetstream (NEB1080015P2-1040J),43 990 р.,,Китай,3 года,Игровая,nVidia,GeForce GTX 1080,PCI Express 3.0 16x,Retail,1607 МГц,8 ГБ,GDDR5X,10000 МГц,256 бит,1 шт.,1 шт.,2560,Активная,,500 Вт,285 мм,,,,,,,,,,3 шт.,2,,8 pin + 6 pin,,,,,,,,,,,,,,,,,,,SLI,,,,
https://www.eldorado.ru/cat/detail/videokarta-palit-geforce-gtx1050-stromx-2g-ne5105001841-1070f/,,,Видеокарта PALIT GeForce GTX1050 Stromx 2G (NE5105001841-1070F),8 390 р.,,Китай,3 года,Игровая,nVidia,GeForce GTX 1050,PCI Express 3.0 16x,Retail,1354 МГц,2 ГБ,GDDR5,7000 МГц,128 бит,1 шт.,1 шт.,640,Активная,,300 Вт,166 мм,112 мм,38 мм,,,,,,,,1 шт.,,,,,,,,,,,,,,,,,,,,,,,,,,
https://www.eldorado.ru/cat/detail/videokarta-gigabyte-geforce-gtx-1050-ti-windforce-oc-4g-gv-n105twf2oc-4gd/,,,Видеокарта GIGABYTE GeForce GTX 1050 TI Windforce OC 4G (GV-N105TWF2OC-4GD),17 490 р.,,Китай,3 года,Игровая,nVidia,GeForce GTX 1050 Ti,PCI Express 3.0 16x,Retail,1468 МГц,4 ГБ,GDDR5,7008 МГц,128 бит,1 шт.,3 шт.,768,Активная,,300 Вт,229 мм,118 мм,40 мм,,,,,,,,1 шт.,,,6 pin,,,,,,,,,,,,,,,,,,,,,,,
https://www.eldorado.ru/cat/detail/videokarta-palit-pa-gtx1060-stormx-6g-ne51060015j9-1061f/,,,Видеокарта PALIT PA-GTX1060 StormX 6G (NE51060015J9-1061F),25 690 р.,,Китай,3 года,Игровая,nVidia,GeForce GTX 1060,PCI Express 3.0 16x,,1506 МГц,6 ГБ,GDDR5,8000 МГц,192 бит,1 шт.,1 шт.,1280,Активная,,400 Вт,252 мм,112 мм,35 мм,,,,,,,,3 шт.,,воздушная,6 pin,,,,,,,,,,,,,,,,,,,,,,,
https://www.eldorado.ru/cat/detail/videokarta-palit-pa-gtx1050ti-dual-oc-4g-ne5105ts18g1-1071d/,,,Видеокарта PALIT PA-GTX1050Ti Dual OC 4G (NE5105TS18G1-1071D),13 690 р.,,Китай,3 года,Игровая,nVidia,GeForce GTX 1050 Ti,PCI Express 3.0 16x,,1366 МГц,4 ГБ,GDDR5,7000 МГц,128 бит,1 шт.,1 шт.,1366,Активная,,300 Вт,220 мм,112 мм,38 мм,,,,,,,,1 шт.,,воздушная,6 pin,,,,,,,,,,,,,,,,,,,,,,,
https://www.eldorado.ru/cat/detail/videokarta-gigabyte-geforce-gtx-1050-windforce-oc-2g-gv-n1050wf2oc-2gd/,,,Видеокарта GIGABYTE GeForce GTX 1050 Windforce OC 2G (GV-N1050WF2OC-2GD),11 590 р.,,Китай,3 года,Игровая,nVidia,GeForce GTX 1050,PCI Express 3.0 16x,Retail,1531 МГц,2 ГБ,GDDR5,7008 МГц,128 бит,1 шт.,1 шт.,640,Активная,,300 Вт,229 мм,118 мм,40 мм,,,,,,,,1 шт.,,,6 pin,,,,,,,,,,,,,,,,,,,,,,,
https://www.eldorado.ru/cat/detail/videokarta-gigabyte-geforce-gtx-1060-g1-gaming-6g-gv-n1060g1-gam-6gd/,,,Видеокарта GIGABYTE GeForce GTX 1060 G1 Gaming 6G (GV-N1060G1 GAM-6GD),26 890 р.,,Китай,3 года,Игровая,nVidia,GeForce GTX 1060,PCI Express 3.0 16x,Retail,1847 МГц,6 ГБ,GDDR5,8008 МГц,192 бит,1 шт.,1 шт.,1280,Активная,,400 Вт,278 мм,114 мм,40 мм,,,,,,,,3 шт.,,,8 pin,,,,,,,,,,,,,,,,,,,,,,,
https://www.eldorado.ru/cat/detail/videokarta-palit-geforce-gt730-2g-ne5t7300hd46-2081f/,,,Видеокарта PALIT GeForce GT730 2G (NE5T7300HD46-2081F),3 690 р.,,Китай,3 года,Игровая,nVidia,GeForce GT 730,,Retail,902 МГц,2 ГБ,GDDR5,2500 МГц,64 бит,1 шт.,1 шт.,384,Активная,,300 Вт,160 мм,69 мм,35 мм,,,,,,,,,,,,,,,,,1 шт.,,,,,,,,,,,,,,,,,
https://www.eldorado.ru/cat/detail/videokarta-gigabyte-geforce-gtx-1050-oc-low-profile-2g-gv-n1050oc-2gl/,,,Видеокарта GIGABYTE GeForce GTX 1050 OC Low Profile 2G (GV-N1050OC-2GL),8 990 р.,,Китай,3 года,Игровая,nVidia,GeForce GTX 1050,PCI Express 3.0 16x,Retail,1518 МГц,2 ГБ,GDDR5,7008 МГц,128 бит,1 шт.,1 шт.,640,Активная,,,167 мм,69 мм,37 мм,,,,,,,,1 шт.,,,,,,,,,,,,,,,,,,,,,,,,,,
https://www.eldorado.ru/cat/detail/videokarta-msi-geforce-gtx-1070-aero-itx-8g-oc/,,,Видеокарта MSI GeForce GTX 1070 Aero ITX 8G OC,30 290 р.,,Китай,3 года,Игровая,nVidia,GeForce GTX 1070,PCI Express 3.0 16x,Retail,1721 МГц,8 ГБ,GDDR5,8008 МГц,256 бит,1 шт.,2 шт.,1920,Активная,,500 Вт,175 мм,129 мм,37 мм,,,,,,,,2 шт.,,,8 pin,,,,,,,,,,,,,,,,,,,SLI,,,,
https://www.eldorado.ru/cat/detail/videokarta-msi-geforce-gtx-1080-ti-armor-11g-oc/,,,Видеокарта MSI GeForce GTX 1080 TI Armor 11G OC,56 490 р.,,Китай,3 года,Игровая,nVidia,GeForce GTX 1080 Ti,PCI Express 3.0 16x,Retail,1645 МГц,11 ГБ,GDDR5X,11016 МГц,352 бит,1 шт.,2 шт.,3584,Активная,,600 Вт,290 мм,143 мм,40 мм,,,,,,,,2 шт.,,,8 pin + 8 pin,,,,,,,,,,,,,,,,,,,SLI,,,,
https://www.eldorado.ru/cat/detail/videokarta-gigabyte-geforce-gv-n710sl-1gl/,,,Видеокарта GIGABYTE GeForce GV-N710SL-1GL,3 790 р.,,Китай,3 года,Офисная,nVidia,GeForce GT 710,PCI Express 2.0 16x,Retail,954 МГц,1 ГБ,GDDR3,1800 МГц,64 бит,1 шт.,1 шт.,192,Пассивная,,300 Вт,151 мм,69 мм,35 мм,,,,,,,,1 шт.,,,,,,,,,,,,,,,,,,,,,,,,,,
https://www.eldorado.ru/cat/detail/videokarta-msi-geforce-gt-1030-2gh-lp-oc/,,,Видеокарта MSI GeForce GT 1030 2GH LP OC,6 790 р.,,Китай,3 года,Игровая,nVidia,GeForce GT 1030,PCI Express 3.0 16x,Retail,1518 МГц,2 ГБ,GDDR5,6008 МГц,64 бит,,1 шт.,384,Пассивная,,300 Вт,153 мм,69 мм,38 мм,,,,,,,,1 шт.,,,,,,,,,,,,,,,,,,,,,,,,,,
https://www.eldorado.ru/cat/detail/videokarta-msi-geforce-gtx-1060-aero-itx-6g-oc/,,,Видеокарта MSI GeForce GTX 1060 Aero ITX 6G OC,21 690 р.,,Китай,3 года,Игровая,nVidia,GeForce GTX 1060,PCI Express 3.0 16x,Retail,1759 МГц,6 ГБ,GDDR5,8008 МГц,192 бит,1 шт.,2 шт.,1280,Активная,,400 Вт,175 мм,115 мм,38 мм,,,,,,,,2 шт.,,,6 pin,,,,,,,,,,,,,,,,,,,,,,,
https://www.eldorado.ru/cat/detail/videokarta-gigabyte-geforce-gtx-1050-oc-2g-gv-n1050oc-2gd/,,,Видеокарта GIGABYTE GeForce GTX 1050 OC 2G (GV-N1050OC-2GD),8 990 р.,,Китай,3 года,Игровая,nVidia,GeForce GTX 1050,PCI Express 3.0 16x,Retail,1518 МГц,2 ГБ,GDDR5,7008 МГц,128 бит,1 шт.,1 шт.,640,Активная,,300 Вт,191 мм,111 мм,36 мм,,,,,,,,1 шт.,,,,,,,,,,,,,,,,,,,,,,,,,,
https://www.eldorado.ru/cat/detail/videokarta-gigabyte-geforce-gtx-1050-d5-2g-gv-n1050d5-2gd/,,,Видеокарта GIGABYTE GeForce GTX 1050 D5 2G (GV-N1050D5-2GD),10 990 р.,,Китай,3 года,Игровая,nVidia,GeForce GTX 1050,PCI Express 3.0 16x,Retail,1493 МГц,2 ГБ,GDDR5,7008 МГц,128 бит,1 шт.,1 шт.,640,Активная,,300 Вт,172 мм,113 мм,30 мм,,,,,,,,1 шт.,,,,,,,,,,,,,,,,,,,,,,,,,,
https://www.eldorado.ru/cat/detail/videokarta-asus-dual-gtx1060-o6g/,,,Видеокарта ASUS DUAL-GTX1060-O6G,27 790 р.,,Китай,3 года,Игровая,,GeForce GTX 1060,PCI Express 3.0 16x,,1809 МГц,6 ГБ,GDDR5,8008 МГц,192 бит,1 шт.,2 шт.,1280,Активная,,400 Вт,242 мм,130 мм,43 мм,,,,,,,,2 шт.,,воздушная,6 pin,,,,,,,,,,,,,,,,,,,,,,,
https://www.eldorado.ru/cat/detail/videokarta-asus-geforce-gtx-1070-8gb-oc-dual-dual-gtx1070-o8g/,,,Видеокарта ASUS GeForce GTX 1070 8GB OC Dual (DUAL-GTX1070-O8G),33 299 р.,,Китай,3 года,Игровая,nVidia,GeForce GTX 1070,PCI Express 3.0 16x,Retail,1607 МГц,8 ГБ,GDDR5,8008 МГц,256 бит,1 шт.,2 шт.,1920,Активная,,500 Вт,240 мм,129 мм,42 мм,,,,,,,,2 шт.,,,8 pin,,,,,,,,,,,,,,,,,,,SLI,,,,
https://www.eldorado.ru/cat/detail/videokarta-asus-geforce-gt730-2gb-gddr3-v2-gt730-2gd3-v2/,,,Видеокарта ASUS GeForce GT730 2GB GDDR3 V2 (GT730-2GD3-V2),4 490 р.,,Китай,3 года,Игровая,nVidia,GeForce GT 730,,Retail,700 МГц,2 ГБ,GDDR3,800 МГц,128 бит,1 шт.,1 шт.,,Активная,,,163 мм,111 мм,35 мм,,,,,,,,,,,,,,,,,1 шт.,,,,,,,,,,,,,,,,,
https://www.eldorado.ru/cat/detail/videokarta-asus-geforce-gt730-2gb-gddr3-gt730-2gd3/,,,Видеокарта ASUS GeForce GT730 2GB GDDR3 (GT730-2GD3),4 590 р.,,Китай,3 года,Офисная,nVidia,GeForce GT 730,,Retail,700 МГц,2 ГБ,GDDR3,1600 МГц,128 бит,1 шт.,1 шт.,96,Активная,,,163 мм,111 мм,35 мм,,,,,,,,,,,,,,,,,1 шт.,,,,,,,,,,,,,,,,,
https://www.eldorado.ru/cat/detail/videokarta-asus-geforce-gt730-2gb-gddr5-gt730-2gd5-brk/,,,Видеокарта ASUS GeForce GT730 2GB GDDR5 (GT730-2GD5-BRK),5 490 р.,,Китай,3 года,Офисная,nVidia,GeForce GT 730,PCI Express 2.0 16x,,901 МГц,2 ГБ,GDDR5,5010 МГц,64 бит,1 шт.,1 шт.,384,Активная,,,145 мм,69 мм,27 мм,,,,,,,,,,,,,,,,,,,,,,,,,,,,,,,,,,
https://www.eldorado.ru/cat/detail/videokarta-asus-geforce-gt730-2gb-gddr3-silent-gt730-sl-2gd3-brk/,,,Видеокарта ASUS GeForce GT730 2GB GDDR3 Silent (GT730-SL-2GD3-BRK),4 290 р.,,Китай,3 года,Офисная,nVidia,GeForce GT 730,,Retail,902 МГц,2 ГБ,GDDR3,1800 МГц,64 бит,1 шт.,1 шт.,384,Пассивная,,,137 мм,69 мм,30 мм,,,,,,,,,,,,,,,,,1 шт.,,,,,,,,,,,,,,,,,
https://www.eldorado.ru/cat/detail/videokarta-asus-rog-strix-geforce-gtx-1070-8gb-gddr5-strix-gtx1070-8ggaming/,,,Видеокарта ASUS ROG Strix GeForce GTX 1070 8GB GDDR5 (STRIX-GTX1070-8GGAMING),35 199 р.,,Китай,3 года,Игровая,nVidia,GeForce GTX 1070,PCI Express 3.0 16x,Retail,1531 МГц,8 ГБ,GDDR5,8008 МГц,256 бит,1 шт.,2 шт.,1920,Активная,,,298 мм,134 мм,40 мм,,,,,,,,2 шт.,,,8 pin,,,,,,,,,,,,,,,,,,,,,,,
https://www.eldorado.ru/cat/detail/videokarta-gigabyte-geforce-gtx-1050-g1-gaming-2gb/,,,Видеокарта GIGABYTE GeForce GTX 1050 G1 Gaming 2GB,12 490 р.,,Китай,3 года,Игровая,nVidia,GeForce GTX 1050 Ti,PCI Express 3.0 16x,Retail,1417 МГц,2 ГБ,GDDR5,7008 МГц,128 бит,1 шт.,3 шт.,640,Активная,,300 Вт,219 мм,118 мм,40 мм,1,Есть,,7680x4320 Пикс,"DirectX 12, OpenGL 4.5",4,,1 шт.,,,6 pin,,,,,,,,,,,,1556 МГц,,,,,,,,,,,
https://www.eldorado.ru/cat/detail/videokarta-gigabyte-geforce-gtx-750ti-1gb-gddr5-oc-rev-2-0/,,,Видеокарта GIGABYTE GeForce GTX 750Ti 1GB GDDR5 OC (rev.2.0),6 990 р.,,Китай,3 года,Офисная,nVidia,GeForce GTX 750 Ti,PCI Express 3.0 16x,Retail,1033 МГц,1 ГБ,GDDR5,5400 МГц,128 бит,2 шт.,2 шт.,640,Активная,,400 Вт,123 мм,112 мм,27 мм,1,,,,,,,,,,6 pin,,,,,,,,,,,,,,,,,,,,,,,
https://www.eldorado.ru/cat/detail/videokarta-gigabyte-geforce-gtx-750ti-4gb-gddr5-oc-windforce-gv-n75twf2oc-4gi/,,,Видеокарта GIGABYTE GeForce GTX 750Ti 4GB GDDR5 OC Windforce (GV-N75TWF2OC-4GI),8 990 р.,,Китай,3 года,Офисная,nVidia,GeForce GTX 750 Ti,PCI Express 3.0 16x,Retail,1020 МГц,4 ГБ,GDDR5,5400 МГц,128 бит,2 шт.,2 шт.,640,Активная,,400 Вт,184 мм,112 мм,36 мм,,,,,,,,,,,6 pin,,,,,,,,,,,,,18.4 г,,,,,,,,,,
https://www.eldorado.ru/cat/detail/videokarta-gigabyte-radeon-r7-360-2gb-gddr5-oc-rev-3-0/,,,Видеокарта GIGABYTE Radeon R7 360 2GB GDDR5 OC (rev.3.0),7 490 р.,,Китай,3 года,Офисная,,Radeon R7 360,PCI Express 3.0 16x,BOX,1050 МГц,2 ГБ,GDDR5,6500 МГц,128 бит,2 шт.,1 шт.,,Активная,,500 Вт,146 мм,112 мм,34 мм,1,,,,,,,1 шт.,1,,6 pin,,,,,,,,,,,,,,,,,,,,,,,
https://www.eldorado.ru/cat/detail/videokarta-gigabyte-radeon-rx550-2gb-gddr5/,,,Видеокарта GIGABYTE Radeon RX550 2GB GDDR5,7 490 р.,,Китай,3 года,Игровая,AMD,Radeon RX 550,PCI Express 3.0 16x,Retail,1183 МГц,2 ГБ,GDDR5,7000 МГц,128 бит,1 шт.,1 шт.,,Активная,2,400 Вт,170 мм,,,,,,,,,,1 шт.,2,Windforce 2XW,,,,,,,,,,,,,,,,,,,,,,,,
https://www.eldorado.ru/cat/detail/videokarta-palit-geforce-gtx-1070-ti-dual-ne5107t015p2-1043d/,,,Видеокарта PALIT GeForce GTX 1070 Ti Dual (NE5107T015P2-1043D),34 199 р.,,Китай,3 года,Игровая,nVidia,GeForce GTX 1070 Ti,PCI Express 3.0 16x,Retail,1607 МГц,8 ГБ,GDDR5,8000 МГц,256 бит,1 шт.,1 шт.,2435,Активная,,500 Вт,252 мм,112 мм,38.7 мм,,,,,,,,3 шт.,,,8 pin,,,,,,,,,,,,,,,,,,,SLI,,,,
https://www.eldorado.ru/cat/detail/videokarta-gigabyte-geforce-gtx-1070-ti-oc-gaming-8g-rev-1-0/,,,Видеокарта GIGABYTE GeForce GTX 1070 Ti OC Gaming 8G (rev.1.0),37 990 р.,,Китай,3 года,"Игровая, Офисная",nVidia,GeForce GTX 1070 Ti,PCI Express 3.0 16x,Retail,1645 МГц,8 ГБ,GDDR5,8008 МГц,256 бит,1 шт.,1 шт.,2342,Активная,,500 Вт,280 мм,114 мм,41 мм,,Есть,,7680x4320 Пикс,OpenGL 4.5,4,Есть,3 шт.,,,8 pin,,,,,,,,,,,,,,,Тактовая частота ядра ГП В режиме Boost: 1721 МГц / Базовая: 1632 МГц (в режиме OC) Буст: 1683 МГц/ Базовая: 1607 МГц в режиме Gaming,,,,,,,,
https://www.eldorado.ru/cat/detail/videokarta-gigabyte-geforce-gt-1030-low-profile-2g-gv-n1030d5-2gl/,,,Видеокарта GIGABYTE GeForce GT 1030 Low Profile 2G (GV-N1030D5-2GL),5 990 р.,,Китай,3 года,Игровая,nVidia,GeForce GT 1030,PCI Express 3.0 16x,Retail,1506 МГц,2 ГБ,GDDR5,6008 МГц,64 бит,1 шт.,1 шт.,384,Активная,,300 Вт,150 мм,69 мм,15 мм,,,,,,,,,,,,,,,,,,,,,,,,,,,,,,,,,,
https://www.eldorado.ru/cat/detail/videokarta-gigabyte-geforce-gtx-1050-ti-gaming-4g-gvn105tg1gaming4gd/,,,Видеокарта GIGABYTE GeForce GTX 1050 Ti Gaming 4G (GVN105TG1GAMING4GD),12 890 р.,,Китай,3 года,Игровая,nVidia,GeForce GTX 1050 Ti,PCI Express 3.0 16x,Retail,1506 МГц,4 ГБ,GDDR5,7008 МГц,128 бит,1 шт.,3 шт.,768,Активная,,300 Вт,219 мм,118 мм,40 мм,,,,,,,,1 шт.,,,6 pin,,,,,,,,,,,,,,,,,,,,,,,
https://www.eldorado.ru/cat/detail/videokarta-gigabyte-radeon-rx-570-gaming-4g/,,,Видеокарта GIGABYTE Radeon RX 570 Gaming 4G,15 190 р.,,Китай,3 года,Игровая,AMD,Radeon RX 570,PCI Express 3.0 16x,Retail,1255 МГц,4 ГБ,GDDR5,7000 МГц,256 бит,1 шт.,1 шт.,2048,Активная,,450 Вт,232 мм,116 мм,40 мм,,,,,,,,3 шт.,,,8 pin,,,,,,,,,,,,,,,,,,,CrossFire,,,,
https://www.eldorado.ru/cat/detail/videokarta-msi-geforce-gtx-1050-2g-oc/,,,Видеокарта MSI GeForce GTX 1050 2G OC,8 790 р.,,Китай,3 года,Игровая,nVidia,GeForce GTX 1050,PCI Express 3.0 16x,Retail,1518 МГц,2 ГБ,GDDR5,7008 МГц,128 бит,1 шт.,1 шт.,640,Активная,,300 Вт,177 мм,118 мм,34 мм,,,,,,,,1 шт.,,,,,,,,,,,,,,,,,,,,,,,,,,
https://www.eldorado.ru/cat/detail/videokarta-msi-geforce-gtx-1050-ti-gaming-x-4g/,,,Видеокарта MSI GeForce GTX 1050 Ti Gaming X 4G,13 699 р.,,Китай,3 года,Игровая,nVidia,GeForce GTX 1050 Ti,PCI Express 3.0 16x,Retail,1493 МГц,4 ГБ,GDDR5,7108 МГц,128 бит,1 шт.,1 шт.,768,Активная,,300 Вт,229 мм,131 мм,39 мм,,,,,,,,1 шт.,,,6 pin,,,,,,,,,,,,,,,,,,,,,,,
https://www.eldorado.ru/cat/detail/videokarta-msi-radeon-rx-550-2gt-lp-oc/,,,Видеокарта MSI GeForce GTX 1050 Ti Gaming X 4G,0,,,,,,,,,,,,,,,,,,,,,,,,,,,,,,,,,,,,,,,,,,,,,,,,,,,,,,,,
https://www.eldorado.ru/cat/detail/videokarta-msi-radeon-rx-550-aero-itx-2g-oc/,,,Видеокарта MSI Radeon RX 550 Aero ITX 2G OC,7 890 р.,,Китай,3 года,Игровая,AMD,Radeon RX 550,PCI Express 3.0 16x,Retail,1203 МГц,2 ГБ,GDDR5,7000 МГц,128 бит,1 шт.,1 шт.,512,Активная,,400 Вт,155 мм,112 мм,38 мм,,,,,,,,1 шт.,,,,,,,,,,,,,,,,,,,,,,,,,,
https://www.eldorado.ru/cat/detail/videokarta-msi-radeon-rx-560-aero-itx-4g-oc/,,,Видеокарта MSI Radeon RX 560 Aero ITX 4G OC,8 890 р.,,Китай,3 года,Игровая,AMD,Radeon RX 560,PCI Express 3.0 16x,Retail,1295 МГц,4 ГБ,GDDR5,7000 МГц,128 бит,1 шт.,1 шт.,1024,Активная,,400 Вт,155 мм,113 мм,39 мм,,,,,,,,1 шт.,,,,,,,,,,,,,,,,,,,,,,CrossFire,,,,
https://www.eldorado.ru/cat/detail/videokarta-msi-radeon-rx-580-armor-8g-oc/,,,Видеокарта MSI Radeon RX 580 Armor 8G OC,21 899 р.,,Китай,3 года,Игровая,AMD,Radeon RX 580,PCI Express 3.0 16x,Retail,1366 МГц,8 ГБ,GDDR5,8000 МГц,256 бит,1 шт.,2 шт.,2304,Активная,,500 Вт,269 мм,125 мм,38 мм,,,,,,,,2 шт.,,,8 pin,,,,,,,,,,,,,,,,,,,CrossFire,,,,
https://www.eldorado.ru/cat/detail/videokarta-sapphire-radeon-r5-230-1g-11233-01-20g/,,,Видеокарта SAPPHIRE Radeon R5 230 1G (11233-01-20G),2 590 р.,,Китай,3 года,Офисная,AMD,Radeon R5 230,PCI Express 2.1 16x,Retail,625 МГц,1 ГБ,GDDR3,1334 МГц,64 бит,1 шт.,1 шт.,160,Пассивная,,400 Вт,146 мм,94 мм,22 мм,,,,,,,,,,,,,,,,,1 шт.,,,,,,,,,,,,,,,,,
https://www.eldorado.ru/cat/detail/videokarta-sapphire-radeon-r5-230-2g-11233-02-20g/,,,Видеокарта SAPPHIRE Radeon R5 230 2G (11233-02-20G),3 890 р.,,Китай,3 года,"Игровая, Офисная",AMD,Radeon R5 230,PCI Express 2.1 16x,Retail,625 МГц,2 ГБ,GDDR3,1334 МГц,64 бит,1 шт.,1 шт.,160,Пассивная,,400 Вт,190 мм,94 мм,22 мм,,,,,,,,,,,,,,,,,1 шт.,,,,,,,,,,,,,,,,,
https://www.eldorado.ru/cat/detail/videokarta-sapphire-nitro-radeon-rx-580-4g-11265-07-20g/,,,Видеокарта SAPPHIRE Nitro+ Radeon RX 580 4G (11265-07-20G),31 290 р.,,Китай,3 года,Игровая,AMD,Radeon RX 580,PCI Express 3.0 16x,Retail,1411 МГц,4 ГБ,GDDR5,7000 МГц,256 бит,1 шт.,2 шт.,2304,Активная,,500 Вт,260 мм,135 мм,43 мм,,,,,,,,2 шт.,,,8 pin + 6 pin,,,,,,,,,,,,,,,,,,,CrossFire,,,,
https://www.eldorado.ru/cat/detail/videokarta-sapphire-nitro-radeon-rx-570-8g-11266-09-20g/,,,Видеокарта SAPPHIRE Nitro+ Radeon RX 570 8G (11266-09-20G),22 599 р.,,Китай,3 года,Игровая,AMD,Radeon RX 570,PCI Express 3.0 16x,Retail,1340 МГц,8 ГБ,GDDR5,7000 МГц,256 бит,1 шт.,2 шт.,2048,Активная,,500 Вт,260 мм,135 мм,43 мм,,,,,,,,2 шт.,,,8 pin + 6 pin,,,,,,,,,,,,,,,,,,,CrossFire,,,,
https://www.eldorado.ru/cat/detail/videokarta-sapphire-pulse-radeon-rx-550-2g-11268-03-20g/,,,Видеокарта SAPPHIRE Pulse Radeon RX 550 2G (11268-03-20G),7 299 р.,,Китай,3 года,Игровая,AMD,Radeon RX 550,PCI Express 3.0 16x,,1206 МГц,2 ГБ,GDDR5,7000 МГц,128 бит,1 шт.,1 шт.,512,Активная,,400 Вт,,,158 мм,,,,3840x2160 Пикс,DirectX 12,,,1 шт.,2,,,,,,,,,,,32,16,,,,,,,,,,5.1,,,
https://www.eldorado.ru/cat/detail/videokarta-inno3d-geforce-gt-730-1gb-gddr5-lp/,,,Видеокарта INNO3D GeForce GT 730 1GB GDDR5 LP,4 490 р.,,Китай,2 года,Офисная,nVidia,GeForce GT 730,PCI Express 2.0 16x,Retail,902 МГц,1 ГБ,GDDR5,5000 МГц,64 бит,1 шт.,1 шт.,384,Активная,,300 Вт,144 мм,70 мм,15 мм,,,,,,,,,,,,,,,,,1 шт.,,,,,,,,,,,,,,,,,
https://www.eldorado.ru/cat/detail/videokarta-asus-geforce-gt710-1gb-gddr5-silent/,,,Видеокарта INNO3D GeForce GT 730 1GB GDDR5 LP,0,,,,,,,,,,,,,,,,,,,,,,,,,,,,,,,,,,,,,,,,,,,,,,,,,,,,,,,,
https://www.eldorado.ru/cat/detail/videokarta-asus-geforce-gtx-1050-ti-4gb-oc-edition/,,,Видеокарта ASUS GeForce GTX 1050 Ti 4GB OC Edition,11 290 р.,,Китай,3 года,Игровая,nVidia,GeForce GTX 1050 Ti,PCI Express 3.0 16x,Retail,1480 МГц,4 ГБ,GDDR5,7008 МГц,128 бит,1 шт.,1 шт.,768,Активная,,400 Вт,203 мм,115 мм,38 мм,,,,,,,,1 шт.,,,,,,,,,,,,,,,,,,,,,,,,,,
https://www.eldorado.ru/cat/detail/videokarta-asus-ex-rx570-o4g/,,,Видеокарта ASUS EX-RX570-O4G,21 490 р.,,Китай,3 года,Игровая,AMD,Radeon RX 570,PCI Express 3.0 16x,Retail,1266 МГц,,GDDR5,7000 МГц,256 бит,1 шт.,1 шт.,2048,Активная,,450 Вт,240 мм,130 мм,39 мм,1,,,,,,,1 шт.,2,,,,,,,,,,,,,,,,,,,,,CrossFire,,,,
https://www.eldorado.ru/cat/detail/videokarta-asus-geforce-gtx-1060-rog-strix-6gb-gaming/,,,Видеокарта ASUS GeForce GTX 1060 ROG Strix 6GB Gaming,28 899 р.,,Китай,3 года,Игровая,nVidia,GeForce GTX 1060,PCI Express 3.0 16x,Retail,1746 МГц,6 ГБ,GDDR5,8008 МГц,192 бит,1 шт.,2 шт.,1280,Активная,,400 Вт,298 мм,134 мм,40 мм,,,,,,,,2 шт.,,,8 pin,,,,,,,,,,,,,,,,,,,,,,,
https://www.eldorado.ru/cat/detail/videokarta-msi-geforce-gtx-1060-3gb-gaming-x/,,,Видеокарта MSI GeForce GTX 1060 3GB Gaming X,22 690 р.,,Китай,3 года,Игровая,nVidia,GeForce GTX 1060,PCI Express 3.0 16x,Retail,1809 МГц,3 ГБ,GDDR5,8108 МГц,192 бит,1 шт.,1 шт.,1152,Активная,,400 Вт,277 мм,140 мм,39 мм,,,,,,,,3 шт.,,,8 pin,,,,,,,,,,,,,,,,,,,,,,,
https://www.eldorado.ru/cat/detail/videokarta-msi-rx-570-armor-8g-oc/,,,Видеокарта MSI RX 570 Armor 8G OC,14 390 р.,,Китай,3 года,Игровая,AMD,Radeon RX 570,PCI Express 3.0 16x,Retail,1268 МГц,8 ГБ,GDDR5,7000 МГц,256 бит,1 шт.,1 шт.,2048,Активная,,450 Вт,246 мм,130 мм,39 мм,,,,,,,,3 шт.,,,8 pin,,,,,,,,,,,,,,,,,,,CrossFire,,,,
https://www.eldorado.ru/cat/detail/videokarta-msi-geforce-gtx-1070-ti-8gb-armor/,,,Видеокарта MSI GeForce GTX 1070 Ti 8GB Armor,34 990 р.,,Китай,3 года,Игровая,nVidia,GeForce GTX 1070 Ti,PCI Express 3.0 16x,Retail,1683 МГц,8 ГБ,GDDR5,8008 МГц,256 бит,1 шт.,1 шт.,2432,Активная,,500 Вт,279 мм,140 мм,37 мм,,,,,,,,3 шт.,,,8 pin + 6 pin,,,,,,,,,,,,,,,,,,,SLI,,,,
https://www.eldorado.ru/cat/detail/videokarta-asus-ph-rx550-4g-m7/,,,Видеокарта ASUS PH-RX550-4G-M7,8 990 р.,,Китай,3 года,Игровая,AMD,Radeon RX 550,PCI Express 3.0 16x,Retail,1071 МГц,4 ГБ,GDDR5,7000 МГц,128 бит,,,640,Активная,,400 Вт,192 мм,115 мм,39 мм,1,,,,,,,,1,,,,,,,,,,,,,,,,,,,,,,,,,
https://www.eldorado.ru/cat/detail/videokarta-gigabyte-geforce-rtx-2080-gaming-oc-8g-gv-n2080gaming-oc-8gc/,,,Видеокарта GIGABYTE GeForce RTX 2080 Gaming OC 8G (GV-N2080GAMING OC-8GC),62 299 р.,,Китай,3 года,Игровая,nVidia,GeForce RTX 2080,PCI Express 3.0 16x,Retail,1830 МГц,8 ГБ,GDDR6,14000 МГц,256 бит,,1 шт.,2944,Активная,,650 Вт,287 мм,115 мм,50 мм,,,,,,,,3 шт.,,,8 pin + 6 pin,,,,,,,,,,,,,,,,,,,SLI,,,,
https://www.eldorado.ru/cat/detail/videokarta-gigabyte-geforce-rtx-2080-windforce-oc-8g-gv-n2080wf3oc-8gc/,,,Видеокарта GIGABYTE GeForce RTX 2080 Windforce OC 8G (GV-N2080WF3OC-8GC),67 490 р.,,Китай,3 года,Игровая,nVidia,GeForce RTX 2080,PCI Express 3.0 16x,Retail,1800 МГц,8 ГБ,GDDR6,14000 МГц,256 бит,,1 шт.,2944,Активная,,650 Вт,280 мм,117 мм,40 мм,,,,,,,,3 шт.,,,8 pin + 6 pin,,,,,,,,,,,,,,,,,,,SLI,,,,
https://www.eldorado.ru/cat/detail/videokarta-gigabyte-geforce-rtx-2080-ti-gaming-oc-11g-gv-n208tgaming-oc-11gc/,,,Видеокарта GIGABYTE GeForce RTX 2080 Ti Gaming OC 11G (GV-N208TGAMING OC-11GC),103 990 р.,,Китай,3 года,Игровая,nVidia,GeForce RTX 2080 Ti,PCI Express 3.0 16x,,1665 МГц,11 ГБ,GDDR6,14000 МГц,352 бит,,1 шт.,4352,Активная,,650 Вт,287 мм,115 мм,50 мм,,,,,,,,3 шт.,,,8 pin + 8 pin,,,,,,,,,,,,,,,,,,,SLI,,,,
https://www.eldorado.ru/cat/detail/videokarta-gigabyte-geforce-rtx-2080-ti-windforce-oc-11g-gv-n208twf3oc-11gc/,,,Видеокарта GIGABYTE GeForce RTX 2080 Ti Windforce OC 11G (GV-N208TWF3OC-11GC),99 990 р.,,Китай,3 года,Игровая,nVidia,GeForce RTX 2080 Ti,PCI Express 3.0 16x,,1635 МГц,11 ГБ,GDDR6,14000 МГц,352 бит,,1 шт.,4352,Активная,3,650 Вт,280 мм,117 мм,40 мм,,,,,,,,3 шт.,,,8 pin + 8 pin,,,,,,,,,,,,,,,,,,,SLI,,,,
https://www.eldorado.ru/cat/detail/videokarta-msi-r7-240-2gd3-64b-lp/,,,Видеокарта MSI R7 240 2GD3 64B LP,2 990 р.,,Китай,3 года,Офисная,AMD,Radeon R7 240,PCI Express 3.0 16x,Retail,600 МГц,2 ГБ,GDDR3,1600 МГц,64 бит,1 шт.,1 шт.,320,Активная,,300 Вт,69 мм,144 мм,23 мм,,,,,,,,,,,,,,,,,1 шт.,,,,,,,,,,,,,,,,,
https://www.eldorado.ru/cat/detail/videokarta-msi-geforce-gtx-1650-aero-itx-4g-oc/,,,Видеокарта MSI GeForce GTX 1650 Aero ITX 4G OC,13 590 р.,,Китай,3 года,Игровая,nVidia,GeForce GTX 1650,PCI Express 3.0 16x,Retail,1740 МГц,4 ГБ,GDDR5,8000 МГц,128 бит,1 шт.,1 шт.,896,Активная,,300 Вт,111 мм,170 мм,38 мм,,,,,,,,1 шт.,,,,,,,,,,,,,,,,,,,,,,,,,,
https://www.eldorado.ru/cat/detail/videokarta-msi-geforce-gtx-1650-4gt-lp-oc/,,,Видеокарта MSI GeForce GTX 1650 4GT LP OC,12 399 р.,,Китай,3 года,Игровая,nVidia,GeForce GTX 1650,PCI Express 3.0 16x,Retail,1695 МГц,4 ГБ,GDDR5,8000 МГц,128 бит,1 шт.,1 шт.,896,Активная,,300 Вт,105 мм,168 мм,37 мм,,,,,,,,,,,,,,,,,,,,,,,,,,,,,,,,,,
https://www.eldorado.ru/cat/detail/videokarta-palit-geforce-gtx-1660-dual-oc-6g-ne51660s18j9-1161a/,,,Видеокарта PALIT GeForce GTX 1660 Dual OC 6G (NE51660S18J9-1161A),18 390 р.,,Китай,3 года,Игровая,nVidia,GeForce GTX 1660,PCI Express 3.0 16x,BOX,1830 МГц,6 ГБ,GDDR5,2000 МГц,192 бит,1 шт.,1 шт.,1,Активная,,450 Вт,115 мм,235 мм,40 мм,1,,,,,,,1 шт.,,,8 pin,,,,,,,,,,,,1530 МГц,,,,,,,,,,,
https://www.eldorado.ru/cat/detail/videokarta-msi-geforce-gtx-1660-ti-aero-itx-6g-oc/,,,Видеокарта MSI GeForce GTX 1660 TI Aero ITX 6G OC,22 590 р.,,Китай,3 года,Игровая,nVidia,GeForce GTX 1660 Ti,PCI Express 3.0 16x,Retail,1536 МГц,6 ГБ,GDDR6,12000 МГц,192 бит,1 шт.,1 шт.,,Активная,,450 Вт,178 мм,126 мм,41 мм,1,,,7680x4320 Пикс,"DirectX 12, OpenGL 4.5",,,1 шт.,2,,8 pin,,,,,,,,,,,,,,,,,,,,,,,
https://www.eldorado.ru/cat/detail/videokarta-msi-geforce-gtx-1650-super-aero-itx-oc/,,,Видеокарта MSI GeForce GTX 1650 Super Aero ITX OC,16 690 р.,,Китай,3 года,Игровая,nVidia,GeForce GTX 1650 SUPER,PCI Express 3.0 16x,Retail,1485 МГц,4 ГБ,GDDR6,12000 МГц,128 бит,1 шт.,1 шт.,,Активная,,350 Вт,172 мм,115 мм,42 мм,1,,,7680x4320 Пикс,"DirectX 12, OpenGL 4.6",3,,1 шт.,2,,6 pin,,,,,,,,,,,,1740 МГц,,,,,,,,,,,
https://www.eldorado.ru/cat/detail/videokarta-msi-geforce-gtx-1650-super-ventus-xs-oc/,,,Видеокарта MSI GeForce GTX 1650 Super Ventus XS OC,18 890 р.,,Китай,3 года,Игровая,nVidia,GeForce GTX 1650 SUPER,PCI Express 3.0 16x,Retail,1485 МГц,4 ГБ,GDDR6,12000 МГц,128 бит,1 шт.,1 шт.,,Активная,,350 Вт,180 мм,115 мм,42 мм,1,,,7680x4320 Пикс,"DirectX 12, OpenGL 4.6",3,,1 шт.,2,,6 pin,,,,,,,,,,,,1740 МГц,,,,,,,,,,,
https://www.eldorado.ru/cat/detail/videokarta-msi-geforce-gtx-1650-d6-gaming-x/,,,Видеокарта MSI GeForce GTX 1650 D6 Gaming X,13 690 р.,,Китай,3 года,Игровая,nVidia,GeForce GTX 1650,PCI Express 3.0 16x,Retail,1485 МГц,4 ГБ,GDDR6,12000 МГц,128 бит,,1 шт.,,Активная,,300 Вт,245 мм,127 мм,39 мм,1,,,7680x4320 Пикс,"DirectX 12, OpenGL 4.6",3,,2 шт.,2,,6 pin,,,,,,,,,,,,1710 МГц,,,,,,,,,,,
https://www.eldorado.ru/cat/detail/videokarta-gigabyte-gv-n1650ixoc-4gd/,,,Видеокарта GIGABYTE GV-N1650IXOC-4GD,11 890 р.,,Китай,3 года,Игровая,nVidia,GeForce GTX 1650,PCI Express 3.0 16x,,1665 МГц,4 ГБ,GDDR5,8002 МГц,128 бит,,2 шт.,,Активная,,300 Вт,152 мм,114 мм,36 мм,1,,,7680x4320 Пикс,"DirectX 12, OpenGL 4.6",3,,1 шт.,2,,,,,,,,,,,,,,1680 МГц,,,,,,,,,,,
https://www.eldorado.ru/cat/detail/videokarta-gigabyte-gv-n1660ixoc-6gd/,,,Видеокарта GIGABYTE GV-N1660IXOC-6GD,20 390 р.,,Китай,3 года,Игровая,nVidia,GeForce GTX 1660,PCI Express 3.0 16x,,1785 МГц,6 ГБ,GDDR5,8002 МГц,192 бит,,1 шт.,,Активная,1,450 Вт,170 мм,121.2 мм,36.5 мм,1,,,7680x4320 Пикс,"DirectX 12, OpenGL 4.6",4,,3 шт.,2,,8 pin,,,,,,,,,,,,1800 МГц,,,,,,,,,,,
https://www.eldorado.ru/cat/detail/videokarta-gigabyte-gv-n166sixoc-6gd/,,,Видеокарта GIGABYTE GV-N166SIXOC-6GD,19 390 р.,,Китай,3 года,Игровая,nVidia,GeForce GTX 1660 SUPER,PCI Express 3.0 16x,Retail,1785 МГц,6 ГБ,GDDR6,14000 МГц,192 бит,,1 шт.,,Активная,1,450 Вт,170 мм,121.3 мм,36.4 мм,1,,,7680x4320 Пикс,"DirectX 12, OpenGL 4.6",4,,3 шт.,2,,8 pin,,,,,,,,,,,,1800 МГц,,,,,,,,,,,
https://www.eldorado.ru/cat/detail/videokarta-gigabyte-gv-n1656oc-4gd/,,,Видеокарта GIGABYTE GV-N1656OC-4GD,12 490 р.,,Китай,3 года,Игровая,nVidia,GeForce GTX 1650,PCI Express 3.0 16x,Retail,1590 МГц,4 ГБ,GDDR6,12000 МГц,128 бит,1 шт.,1 шт.,,Активная,1,300 Вт,153 мм,116 мм,36 мм,1,,,7680x4320 Пикс,"DirectX 12, OpenGL 4.6",3,,1 шт.,2,,,,,,,,,,,,,,1635 МГц,,,,,,,,,,,
https://www.eldorado.ru/cat/detail/videokarta-gigabyte-gv-n1656eagle-oc-4gd/,,,Видеокарта GIGABYTE GV-N1656EAGLE OC-4GD,14 590 р.,,Китай,3 года,Игровая,nVidia,GeForce GTX 1650,PCI Express 3.0 16x,,1590 МГц,4 ГБ,GDDR6,12000 МГц,128 бит,1 шт.,1 шт.,,Активная,2,300 Вт,212 мм,121 мм,40 мм,1,,,7680x4320 Пикс,,3,,1 шт.,2,,6 pin,,,,,,,,,,,,1815 МГц,,,,,,,,,,,
https://www.eldorado.ru/cat/detail/videokarta-palit-pa-gtx1660-stormx-oc-6g/,,,Видеокарта PALIT PA-GTX1660 Stormx OC 6G,17 190 р.,,Китай,3 года,Игровая,nVidia,GeForce GTX 1660,PCI Express 3.0 16x,Retail,1530 МГц,6 ГБ,GDDR5,8000 МГц,192 бит,1 шт.,1 шт.,,Активная,1,450 Вт,168 мм,122 мм,40 мм,1,,,,"DirectX 12, OpenGL 4.5",,,1 шт.,2,,8 pin,,,,,,,,,,,,1830 МГц,,,,,,,,,,,
https://www.eldorado.ru/cat/detail/videokarta-palit-gtx1650-super-stormx-4g/,,,Видеокарта PALIT GTX1650 Super Stormx 4G,13 590 р.,,Китай,3 года,Игровая,nVidia,GeForce GTX 1650 SUPER,PCI Express 3.0 16x,Retail,1530 МГц,4 ГБ,GDDR6,12000 МГц,128 бит,1 шт.,1 шт.,,Активная,,350 Вт,168 мм,122 мм,40 мм,1,,,7680x4320 Пикс,"DirectX 12, OpenGL 4.6",,,,2,,6 pin,,,,,,,,,,,,1770 МГц,,,,,,,,,,,
https://www.eldorado.ru/cat/detail/videokarta-asrock-radeon-rx-6800-xt-phantom-gaming-d-16g-oc/,,,Видеокарта ASROCK Radeon RX 6800 XT Phantom Gaming D 16G OC,127 990 р.,,Китай,3 года,Игровая,AMD,Radeon RX 6800 XT,PCI Express 4.0,BOX,1875 МГц,16 ГБ,GDDR6,16000 МГц,256 бит,,1 шт.,,Активная,3,800 Вт,330 мм,56 мм,140 мм,1,Есть,,7680x4320 Пикс,DirectX 12 Ultimate,4,,3 шт.,2,Воздушная,8 pin + 8 pin + 8 pin,,,,,,,HDCP,,,,Есть,2310 МГц,1784 г,,,,,,,,,,
https://www.eldorado.ru/cat/detail/videokarta-palit-geforce-rtx-3060-dual-12g-ne63060019k9-190ad/,,,Видеокарта PALIT GeForce RTX 3060 Dual 12G (NE63060019K9-190AD),34 899 р.,,Китай,3 года,Игровая,nVidia,GeForce RTX 3060,PCI Express 4.0,,1777 МГц,12 ГБ,GDDR6,,192 бит,,1 шт.,,Активная,,550 Вт,119 мм,245 мм,40 мм,,,,7680x4320 Пикс,"DirectX 12, OpenGL 4.6",4,,3 шт.,,,8 pin,,,,,,,,,,,,1320 МГц,,,,,,,,,,,
https://www.eldorado.ru/cat/detail/videokarta-sapphire-radeon-rx-6700-xt/,,,Видеокарта SAPPHIRE Radeon RX 6700 XT,111 199 р.,,Китай,3 года,"Профессиональная, Игровая",AMD,Radeon RX 6700 XT,PCI Express 4.0,BOX,2560 МГц,12 ГБ,GDDR6,16000 МГц,192 бит,,1 шт.,,Активная,2,650 Вт,266 мм,115 мм,39 мм,,,,,,,,3 шт.,1,,8 pin + 6 pin,,,,,,,,,,,,,,,,,,,,,,,
https://www.eldorado.ru/cat/detail/videokarta-gigabyte-radeon-rx-6700-xt-eagle-12g/,,,Видеокарта GIGABYTE Radeon RX 6700 XT Eagle 12G,95 990 р.,,Китай,3 года,Игровая,AMD,Radeon RX 6700 XT,PCI Express 4.0,BOX,2581 МГц,12 ГБ,GDDR6,16000 МГц,192 бит,,1 шт.,,Активная,3,650 Вт,282 мм,40 мм,113 мм,,,,,,,,3 шт.,1,,8 pin,,,,,,,,,,,,,,,,,,,,,,,
https://www.eldorado.ru/cat/detail/videokarta-palit-geforce-rtx-2060-super-gamerock-8g/,,,Видеокарта PALIT GeForce RTX 2060 Super GameRock 8G,68 990 р.,,Китай,3 года,Игровая,nVidia,GeForce RTX 2060,PCI Express 3.0 16x,BOX,1650 МГц,8 ГБ,GDDR6,14000 МГц,256 бит,,1 шт.,,Активная,2,,292 мм,130 мм,60 мм,,,,,,,,3 шт.,1,,8 pin + 6 pin,550 Вт,,,,,,,,,,,,,,,,,,,,,,
https://www.eldorado.ru/cat/detail/videokarta-msi-radeon-rx-5500-xt-gaming-x-8g/,,,Видеокарта MSI Radeon RX 5500 XT Gaming X 8G,0,,Китай,3 года,"Профессиональная, Игровая",AMD,Radeon RX 5500 XT,PCI Express 4.0,BOX,1845 МГц,8 ГБ,GDDR6,14000 МГц,128 бит,,1 шт.,,Активная,2,450 Вт,247 мм,128 мм,47 мм,,,,,,,,3 шт.,1,,8 pin,,,,,,,,,,,,,,,,,,,,,,,
https://www.eldorado.ru/cat/detail/videokarta-palit-pa-rtx2060-dual-oc-6g-ne62060s18j9-1160a-1/,,,Видеокарта PALIT PA-RTX2060 Dual OC 6G (NE62060S18J9-1160A-1),62 990 р.,,Китай,3 года,Игровая,nVidia,GeForce RTX 2060,PCI Express 3.0 16x,BOX,1365 МГц,6 ГБ,GDDR6,14000 МГц,192 бит,1 шт.,1 шт.,1920,Активная,2,,235 мм,,,1,,,7680x4320 Пикс,"DirectX 12, OpenGL 4.5",3,,1 шт.,2,,8 pin,500 Вт,,,,,,,,120,48,Есть,,,,,,,,,,,,160 Вт
https://www.eldorado.ru/cat/detail/videokarta-msi-geforce-rtx-3080-gaming-z-trio-10g/,,,Видеокарта MSI GeForce RTX 3080 Gaming Z Trio 10G,149 999 р.,,Китай,3 года,Игровая,nVidia,GeForce RTX 3080,PCI Express 4.0,BOX,1830 МГц,10 ГБ,GDDR6X,19000 МГц,320 бит,,1 шт.,,Активная,,750 Вт,323 мм,560 мм,140 мм,,,,,,,,3 шт.,,Воздушная,8 pin + 8 pin + 8 pin,,,,,,,,,,,,,,,,,,,,,,,
https://www.eldorado.ru/cat/detail/videokarta-sapphire-pulse-amd-radeon-rx6800-gaming-oc-16gb-11305-02-20g/,,,Видеокарта SAPPHIRE Pulse AMD Radeon RX6800 Gaming OC 16GB (11305-02-20G),139 990 р.,,Китай,3 года,Игровая,AMD,Radeon RX 6800,PCI Express 4.0,,2170 МГц,16 ГБ,GDDR6,16000 МГц,256 бит,,1 шт.,,Активная,,650 Вт,300 мм,127 мм,53 мм,,,,,,,,3 шт.,,Воздушная,8 pin + 8 pin,,,,,,,,,,,,,,,,,,,,,,,
https://www.eldorado.ru/cat/detail/videokarta-gigabyte-geforce-rtx3060-gaming-oc-12gd-2-0-n3060gaming-oc-12gd-2-0/,,,Видеокарта GIGABYTE GeForce RTX3060 Gaming OC-12GD 2.0 (N3060GAMING OC-12GD 2.0),34 999 р.,,Китай,1 год,Игровая,nVidia,GeForce RTX 3060,PCI Express 4.0,BOX,1837 МГц,12 ГБ,GDDR6,15000 МГц,192 бит,,2 шт.,,Активная,,550 Вт,282 мм,41 мм,117 мм,,,,,,,,2 шт.,,,8 pin,,,,,,,,,,,,,,,,,,,,,,,
https://www.eldorado.ru/cat/detail/videokarta-gigabyte-rtx3090-gaming-oc-24g-monitor-aorus-fv43u-ek/,,,Видеокарта GIGABYTE GeForce RTX3060 Gaming OC-12GD 2.0 (N3060GAMING OC-12GD 2.0),0,,,,,,,,,,,,,,,,,,,,,,,,,,,,,,,,,,,,,,,,,,,,,,,,,,,,,,,,
https://www.eldorado.ru/cat/detail/videokarta-asus-dual-geforce-rtx-3060-v2-oc-edition-dual-rtx3060-o12g-v2/,,,Видеокарта ASUS Dual GeForce RTX 3060 V2 OC Edition (DUAL-RTX3060-O12G-V2),79 999 р.,,Китай,3 года,Игровая,nVidia,GeForce RTX 3060,PCI Express 4.0,BOX,1320 МГц,12 ГБ,GDDR6,15000 МГц,192 бит,,1 шт.,3584,Активная,2,650 Вт,200 мм,123 мм,38 мм,1,Есть,,,OpenGL 4.6,,,3 шт.,,,8 pin,,,,,,,nVidia CUDA,,,,Есть,,,,,,,,,,,,
https://www.eldorado.ru/cat/detail/videokarta-gigabyte-pcie16-rtx3080-lhr-10gb-n3080gaming/,,,Видеокарта GIGABYTE PCIE16 RTX3080 LHR 10GB (N3080GAMING),72 999 р.,,Китай,3 года,Игровая,nVidia,GeForce RTX 3080,PCI Express 4.0,,1800 МГц,10 ГБ,GDDR6X,19000 МГц,320 бит,,1 шт.,8704,Активная,3,750 Вт,320 мм,129 мм,55 мм,,,,,,,,3 шт.,,,8 pin + 8 pin,,,,,,,,,,,,,,,,,,,,,,,
https://www.eldorado.ru/cat/detail/videokarta-gigabyte-rtx3070-gaming-8gb-lhr-pcie16-n3070gaming-oc-8gd-2/,,,Видеокарта GIGABYTE RTX3070 Gaming 8GB LHR PCIE16 (N3070GAMING OC-8GD 2),49 999 р.,,Китай,3 года,Игровая,nVidia,GeForce RTX 3070,PCI Express 4.0,BOX,1815 МГц,8 ГБ,GDDR6,14000 МГц,256 бит,,2 шт.,5888,Активная,,650 Вт,286 мм,51 мм,115 мм,,,,7680x4320 Пикс,DirectX 12 Ultimate,4,,2 шт.,,,8 pin + 6 pin,,,,,,,,,,,,,,,,,,,,,,,
https://www.eldorado.ru/cat/detail/videokarta-kfa2-pcie16-rtx3080ti-hof-12gb/,,,Видеокарта KFA2 PCIE16 RTX3080TI HOF 12GB,196 999 р.,,Китай,3 года,Игровая,nVidia,GeForce RTX 3080 Ti,PCI Express 4.0,BOX,1725 МГц,12 ГБ,GDDR6,19000 МГц,384 бит,,1 шт.,1740,Активная,,,339 мм,144 мм,68 мм,1,,,,,,,3 шт.,,,,,,,,,,,,,,,,,,,,,,,,,,
https://www.eldorado.ru/cat/detail/videokarta-palit-pa-gtx1660ti-dual-oc-6gb-ne6166ts18j9-1160c/,,,Видеокарта PALIT PA-GTX1660TI Dual OC 6GB (NE6166TS18J9-1160C),0,,Китай,3 года,Игровая,nVidia,GeForce GTX 1660 Ti,PCI Express 3.0 16x,BOX,1500 МГц,6 ГБ,GDDR6,12000 МГц,192 бит,,1 шт.,1536,Активная,,450 Вт,235 мм,115 мм,40 мм,1,,,7680x4320 Пикс,,,,1 шт.,2,,8 pin,120 Вт,,,,,,,,,,,,,,,,,,,,,,
https://www.eldorado.ru/cat/detail/videokarta-msi-rtx-3080-gaming-z-trio-12g-lhr-912-v389-405/,,,Видеокарта MSI RTX 3080 Gaming Z Trio 12G LHR (912-V389-405),72 999 р.,,Китай,3 года,Игровая,nVidia,GeForce RTX 3080,PCI Express 4.0,BOX,1815 МГц,12 ГБ,GDDR6X,19000 МГц,384 бит,,1 шт.,,Активная,,750 Вт,323 мм,140 мм,56 мм,1,,8960,,,,,3 шт.,,,8 pin + 8 pin + 6 pin,,,,,,,,,,,,,,,,,,,,,,,
https://www.eldorado.ru/cat/detail/videokarta-sapphire-radeon-rx6600-8gb-pulse-11310-01-20g/,,,Видеокарта SAPPHIRE Radeon RX6600 8GB Pulse (11310-01-20G),26 499 р.,,Китай,3 года,Игровая,AMD,Radeon RX 6600,PCI Express 4.0,Retail,2491 МГц,8 ГБ,GDDR6,14000 МГц,128 бит,,1 шт.,,Активная,,500 Вт,193 мм,120 мм,40 мм,1,,1792,,,,,3 шт.,,,8 pin,,,,,,,,,,,,,,,,,,,,,,,
https://www.eldorado.ru/cat/detail/videokarta-msi-geforce-rtx-2060-super-ventus-oc-ru-bulk-8gb/,,,Видеокарта MSI PCIE16 RTX2060 Ventus OC RU 6GB,0,,Китай,3 года,Игровая,nVidia,GeForce RTX 2060,PCI Express 3.0 16x,Bulk,1665 МГц,6 ГБ,GDDR6,14000 МГц,256 бит,,1 шт.,,Активная,,550 Вт,231 мм,128 мм,42 мм,1,,2176,,,,,3 шт.,2,,8 pin,,,,,,,,,,,,,,,,,,,,,,,
https://www.eldorado.ru/cat/detail/videokarta-msi-radeon-rx6700-xt-mech-2x/,,,Видеокарта MSI Radeon RX6700-XT-MECH-2X,56 999 р.,,Китай,1 год,Игровая,AMD,Radeon RX 6700 XT,PCI Express 4.0,,2321 МГц,12 ГБ,GDDR6,16000 МГц,192 бит,,1 шт.,,Активная,,650 Вт,247 мм,131 мм,51 мм,1,,2560,7680x4320 Пикс,"DirectX 12, OpenGL 4.6",4,Есть,3 шт.,,,8 pin + 8 pin,,,,,,,HDCP,,,,Есть,,921 г,,,,,,CrossFire,,,,
https://www.eldorado.ru/cat/detail/videokarta-gigabyte-geforce-rtx-4090-windforce-24gb-gv-n4090wf3-24gd/,,,Видеокарта GIGABYTE GeForce RTX 4090 Windforce 24GB (GV-N4090WF3-24GD),159 999 р.,,Китай,3 года,Игровая,nVidia,GeForce RTX 4090,PCI Express 4.0,Retail,2520 МГц,24 ГБ,GDDR6X,21000 МГц,384 бит,,1 шт.,,Активная,3,850 Вт,331 мм,70 мм,150 мм,1,,16384,7680x4320 Пикс,"DirectX 12 Ultimate, OpenGL 4.6",4,,3 шт.,3,,,,,,,,,"nVidia Vulkan RT API, HDCP, nVidia CUDA",,,,Есть,,,,,,,,,,,,
https://www.eldorado.ru/cat/detail/videokarta-asus-geforce-rtx3090-tuf-gaming-oc-gddr6x-24gb-90yv0fd1-m0nm00/,,,Видеокарта GIGABYTE GeForce RTX 4090 Windforce 24GB (GV-N4090WF3-24GD),0,,,,,,,,,,,,,,,,,,,,,,,,,,,,,,,,,,,,,,,,,,,,,,,,,,,,,,,,
https://www.eldorado.ru/cat/detail/videokarta-evga-geforce-gtx-1660-sc-ultra-gaming-6gb-06g-p4-1067-kr/,,,Видеокарта EVGA GeForce GTX 1660 SC Ultra Gaming 6GB (06G-P4-1067-KR),25 999 р.,,Китай,1 год,Игровая,nVidia,GeForce GTX 1660,PCI Express 3.0 16x,Retail,1830 МГц,6 ГБ,GDDR5,8000 МГц,192 бит,1 шт.,1 шт.,,Активная,2,500 Вт,202 мм,111.2 мм,40 мм,1,,1408,7680x4320 Пикс,"DirectX 12, OpenGL 4.6",3,,1 шт.,2,,8 pin,,,,,,,nVidia CUDA,,88,48,,,,Windows 7,,,,,,,,,
https://www.eldorado.ru/cat/detail/videokarta-gigabyte-geforce-rtx-3060-ti-gaming-oc-lhr-rev-2-0-8gb-gv-n306tgaming-oc-8gd/,,,Видеокарта GIGABYTE GeForce RTX 3060 TI Gaming OC LHR rev 2.0 8GB (GV-N306TGAMING OC-8GD),36 999 р.,,Китай,1 год,Игровая,nVidia,GeForce RTX 3060 Ti,PCI Express 4.0,Retail,1665 МГц,8 ГБ,GDDR6,14000 МГц,256 бит,,2 шт.,,Активная,3,600 Вт,282 мм,117 мм,41 мм,1,,4864,7680x4320 Пикс,"DirectX 12 Ultimate, OpenGL 4.6",4,,2 шт.,2,,8 pin,220 Вт,,,,,,nVidia CUDA,8 нм,152,80,,1740 МГц,,,,,,,,,,,
https://www.eldorado.ru/cat/detail/videokarta-inno3d-geforce-rtx3070ti-ichill-x4-lhr-8gb-c307t4-086xx-1820va35/,,,Видеокарта INNO3D GeForce RTX3070Ti iChill X4 LHR 8GB (C307T4-086XX-1820VA35),62 999 р.,,Китай,1 год,Игровая,nVidia,GeForce RTX 3070 Ti,PCI Express 4.0,Retail,1575 МГц,8 ГБ,GDDR6X,19000 МГц,256 бит,,1 шт.,,Активная,3,750 Вт,300 мм,135 мм,,1,Есть,6144,7680x4320 Пикс,"DirectX 12, OpenGL 4.6",,,3 шт.,3,,8 pin + 8 pin,,,,,,,"nVidia Vulkan RT API, nVidia ShadowPlay, nVidia Ansel, nVidia G-SYNC, nVidia FreeStyle",8 нм,,,,1830 МГц,,,,,,,,,,,
https://www.eldorado.ru/cat/detail/videokarta-msi-geforce-rtx-3070-ti-ventus-3x-8gb-912-v505-030/,,,Видеокарта MSI Geforce RTX 3070 Ti Ventus 3X 8GB (912-V505-030),51 999 р.,,Китай,1 год,Игровая,nVidia,GeForce RTX 3070 Ti,PCI Express 4.0,Retail,1770 МГц,8 ГБ,GDDR6X,19000 МГц,256 бит,,1 шт.,,Активная,3,750 Вт,305 мм,120 мм,57 мм,1,,6144,7680x4320 Пикс,"DirectX 12, OpenGL 4.6",4,Есть,3 шт.,2.7,,8 pin + 8 pin,290 Вт,,,,,,"HDCP, nVidia G-SYNC",8 нм,,,,,1160 г,,,,,,,,,,
https://www.eldorado.ru/cat/detail/videokarta-msi-geforce-rtx-3080-ventus-3x-plus-oc-lhr-10gb-912-v389-271/,,,Видеокарта MSI Geforce RTX 3080 Ventus 3X Plus OC LHR 10GB (912-V389-271),69 999 р.,,Китай,1 год,Игровая,nVidia,GeForce RTX 3080,PCI Express 4.0,Retail,1740 МГц,10 ГБ,GDDR6X,19000 МГц,320 бит,,1 шт.,,Активная,3,750 Вт,305 мм,120 мм,57 мм,1,,8704,7680x4320 Пикс,"DirectX 12, OpenGL 4.6",4,Есть,3 шт.,3,,8 pin + 8 pin,320 Вт,,,,,,"HDCP, nVidia G-SYNC",8 нм,272,,,,1370 г,,,,,,,,,,
https://www.eldorado.ru/cat/detail/videokarta-msi-geforce-rtx-3080ti-ventus-3x-oc-12gb-912-v389-078/,,,Видеокарта MSI Geforce RTX 3080Ti Ventus 3X OC 12GB (912-V389-078),89 999 р.,,Китай,1 год,Игровая,nVidia,GeForce RTX 3080 Ti,PCI Express 4.0,Retail,1695 МГц,12 ГБ,GDDR6X,19000 МГц,384 бит,,1 шт.,,Активная,3,750 Вт,305 мм,120 мм,57 мм,1,,10240,7680x4320 Пикс,"DirectX 12, OpenGL 4.6",4,Есть,3 шт.,2.5,,8 pin + 8 pin,350 Вт,,,,,,"HDCP, nVidia G-SYNC",8 нм,,,,,1379 г,,,,,,,,,,
https://www.eldorado.ru/cat/detail/videokarta-msi-geforce-rtx-3090-ventus-3x-oc-24gb-912-v388-063/,,,Видеокарта MSI Geforce RTX 3080Ti Ventus 3X OC 12GB (912-V389-078),0,,,,,,,,,,,,,,,,,,,,,,,,,,,,,,,,,,,,,,,,,,,,,,,,,,,,,,,,
https://www.eldorado.ru/cat/detail/videokarta-palit-geforce-rtx-3090-gaming-pro-gddr6x-24gb-ned3090019sb-132ba/,,,Видеокарта PALIT Geforce RTX 3090 Gaming Pro GDDR6X 24GB (NED3090019SB-132BA),109 999 р.,,Китай,1 год,Игровая,nVidia,GeForce RTX 3090,PCI Express 4.0,Retail,1395 МГц,24 ГБ,GDDR6X,19500 МГц,384 бит,,1 шт.,,Активная,3,750 Вт,294 мм,112 мм,60 мм,1,Есть,10496,7680x4320 Пикс,"DirectX 12 Ultimate, OpenGL 4.6",4,Есть,3 шт.,3,,8 pin + 8 pin,350 Вт,,,,,,"nVidia DLSS, nVidia GameStream, nVidia G-SYNC, nVidia Multi-Projection, nVidia MFAA, nVidia PhysX, nVidia FreeStyle, nVidia Vulkan RT API, nVidia Ansel, nVidia SHIELD ready, nVidia Adaptive Shading, nVidia Adaptive Vertical Sync, nVidia CUDA, nVidia GPU Boost, nVidia Dynamic Super Resolution (DSR), nVidia TXAA",8 нм,,,,1695 МГц,,,,,,,,,,,
https://www.eldorado.ru/cat/detail/videokarta-pny-geforce-rtx-3070-dual-fan-8gb-vcg30708ldfmpb/,,,Видеокарта PNY GeForce RTX 3070 Dual Fan 8GB (VCG30708LDFMPB),53 999 р.,,Китай,1 год,Игровая,nVidia,GeForce RTX 3070,PCI Express 4.0,Retail,1500 МГц,8 ГБ,GDDR6,14000 МГц,256 бит,,1 шт.,,Активная,2,650 Вт,265 мм,140 мм,56.89 мм,1,,5888,7680x4320 Пикс,"DirectX 12, OpenGL 4.6",4,,3 шт.,2.5,,,220 Вт,,,,,,,8 нм,,,Есть,1725 МГц,,,,,,,,,,,
https://www.eldorado.ru/cat/detail/videokarta-zotac-geforce-rtx-3070ti-trinity-oc-gddr6x-lhr-8gb-zt-a30710j-10p/,,,Видеокарта Zotac GeForce RTX 3070TI Trinity OC GDDR6X LHR 8GB (ZT-A30710J-10P),63 999 р.,,Китай,1 год,Игровая,nVidia,GeForce RTX 3070 Ti,PCI Express 4.0,Retail,1800 МГц,8 ГБ,GDDR6X,19000 МГц,256 бит,,1 шт.,,Активная,2,750 Вт,317.6 мм,117.6 мм,58.8 мм,1,Есть,6144,7680x4320 Пикс,"DirectX 12 Ultimate, OpenGL 4.6",4,,3 шт.,2.5,,8 pin + 8 pin,310 Вт,,,,,,"nVidia Vulkan RT API, nVidia CUDA",8 нм,,,,,,,,,,,,,,,
https://www.eldorado.ru/cat/detail/videokarta-zotac-geforce-rtx-2060-gaming-amp-gddr6-192bit-6gb-zt-t20600d-10m/,,,Видеокарта Zotac GeForce RTX 2060 Gaming AMP GDDR6 192bit 6GB (ZT-T20600D-10M),29 999 р.,,Китай,1 год,Игровая,nVidia,GeForce RTX 2060,PCI Express 3.0 16x,Retail,1800 МГц,6 ГБ,GDDR6,14000 МГц,192 бит,,1 шт.,,Активная,2,500 Вт,209.6 мм,119.3 мм,41 мм,1,,1920,7680x4320 Пикс,"DirectX 12, OpenGL 4.5",4,,3 шт.,2,,8 pin,170 Вт,,,,,,"HDCP, nVidia CUDA",,,,,,,,,,,,,,,,
https://www.eldorado.ru/cat/detail/videokarta-pny-nvidia-quadro-rtx-6000-vcqrtx6000-sb/,,,Видеокарта PNY nVidia Quadro RTX 6000 (VCQRTX6000-SB),289 999 р.,,Китай,1 год,Профессиональная,nVidia,Quadro RTX 6000,PCI Express 3.0 16x,,1440 МГц,24 ГБ,GDDR6,14000 МГц,384 бит,,,,Активная,1,600 Вт,267 мм,,,1,,4608,,,,,4 шт.,2,,8 pin + 6 pin,,,,,,,,,,,,1770 МГц,,,,,,,,,,,
https://www.eldorado.ru/cat/detail/videokarta-msi-geforce-rtx-3060-ventus-2x-oc-12gb-379419/,,,Видеокарта MSI GeForce RTX 3060 Ventus 2X OC 12GB (379419),39 990 р.,,Китай,1 год,Игровая,nVidia,GeForce RTX 3060,PCI Express 4.0,Retail,1807 МГц,12 ГБ,GDDR6,15000 МГц,192 бит,,1 шт.,3584,Активная,2,550 Вт,235 мм,124 мм,42 мм,1,,,7680x4320 Пикс,OpenGL 4.6,4,,3 шт.,2,Zero Frozr,8 pin,170 Вт,,,,,,,8 нм,,,,,675 г,,,,,,,,,,
https://www.eldorado.ru/cat/detail/videokarta-asus-geforce-rtx-3050-dual-oc-8gb-dual-rtx3050-o8g/,,,Видеокарта ASUS GeForce RTX 3050 Dual OC 8GB (DUAL-RTX3050-O8G),37 590 р.,,Китай,3 года,Игровая,nVidia,GeForce RTX 3050,PCI Express 4.0,Retail,1552 МГц,8 ГБ,GDDR6,14000 МГц,128 бит,,1 шт.,2560,Активная,2,550 Вт,200 мм,123 мм,38 мм,1,,2560,7680x4320 Пикс,,4,,3 шт.,2,,8 pin,,,,,,,"nVidia Vulkan RT API, nVidia CUDA",8 нм,80,32,,1852 МГц,,,,,,,,,,,
https://www.eldorado.ru/cat/detail/videokarta-asus-geforce-rtx-3050-phoenix-8gb-ph-rtx3050-8g/,,,Видеокарта ASUS GeForce RTX 3050 Phoenix 8GB (PH-RTX3050-8G),43 590 р.,,Китай,3 года,Игровая,nVidia,GeForce RTX 3050,PCI Express 4.0,Retail,1552 МГц,8 ГБ,GDDR6,1807 МГц,128 бит,,1 шт.,2560,Активная,1,550 Вт,177 мм,128 мм,51 мм,1,,,7680x4320 Пикс,,4,,3 шт.,3,,8 pin,,,,,,,"HDCP, nVidia CUDA",,,,,,,,,,,,,,,,
https://www.eldorado.ru/cat/detail/videokarta-palit-geforce-rtx-3050-stormx-8gb-ne63050019p1-190af/,,,Видеокарта PALIT GeForce RTX 3050 StormX 8GB (NE63050019P1-190AF),47 190 р.,,Китай,3 года,Игровая,nVidia,GeForce RTX 3050,PCI Express 4.0,Retail,1552 МГц,8 ГБ,GDDR6,14000 МГц,128 бит,,1 шт.,2560,Активная,1,550 Вт,170 мм,125 мм,40 мм,1,,,7680x4320 Пикс,,,,3 шт.,2,,8 pin,,,,,,,"nVidia Vulkan RT API, HDCP, nVidia CUDA",8 нм,80,32,,,,,,,,,,,,,
