link,Рейтинг,Количество отзывов,Название,Цена,Бренд,Поддержка,Поддержка технологий NVIDIA,Поддержка трассировки лучей,Поддержка DLSS,Разъемов,Версия разъема,Количество разъемов,Количество поддерживаемых мониторов,Разъемы дополнительного,Максимальное,Рекомендуемая мощность блока,Система,Использование тепловых,Lite Hash Rate,Тип,Длина,Конструкция системы,Высота видеокарты,Габариты упаковки (ед) ДхШхВ,Вес упаковки (ед),Гарантия,OverClock,Разъемы,Толщина видеокарты,Особенности,Количество разъемов D-SUB,Низкопрофильная видеокарта (Low,Разъем DVI,Разъемов USB (Type-C),Низкопрофильная планка,Технология объединения,Количество разъемов Mini
https://www.citilink.ru/product/videokarta-palit-nvidia-geforce-rtx-3060-pa-rtx3060-dual-12g-12gb-gddr-1469005/,4.7,60,"Видеокарта Palit NVIDIA GeForce RTX 3060 PA-RTX3060 DUAL 12G 12ГБ GDDR6, LHR, Ret [ne63060019k9-190ad]",34 150₽,PALIT,DirectX 12 Ultimate/OpenGL 4.6,"NVIDIA DLSS, NVIDIA Reflex, NVIDIA STUDIO, NVIDIA Ray Tracing, NVIDIA G-Sync, NVIDIA Broadcast, NVIDIA Game Ready, NVIDIA Shadow Play, NVIDIA Ansel, NVIDIA Freestyle, NVIDIA NVENC, NVIDIA VR Works, NVIDIA CUDA",есть,есть,1,1.4a,3,4,8 pin,170 Вт,550 Вт,активное,есть,да,retail,245 мм,двухслотовая,119 мм,0.342x0.066x0.222 м,1.05 кг,36 мес.,,,,,,,,,,,
https://www.citilink.ru/product/videokarta-palit-nvidia-geforce-rtx-3060-rtx3060-dual-oc-12g-12gb-gddr-1469028/,,,‌,36 240₽,PALIT,DirectX 12 Ultimate/OpenGL 4.6,"NVIDIA DLSS, NVIDIA Reflex, NVIDIA STUDIO, NVIDIA Ray Tracing, NVIDIA G-Sync, NVIDIA Broadcast, NVIDIA Game Ready, NVIDIA Shadow Play, NVIDIA Ansel, NVIDIA Freestyle, NVIDIA NVENC, NVIDIA VR Works, NVIDIA CUDA",есть,есть,1,1.4a,3,4,8 pin,180 Вт,550 Вт,активное,есть,да,retail,245 мм,двухслотовая,119 мм,0.345x0.07x0.22 м,1.05 кг,36 мес.,да,,,,,,,,,,
https://www.citilink.ru/product/videokarta-palit-pci-e-pa-gtx1660super-gp-6g-nv-gtx1660super-6144mb-19-1496891/,4.6,13,"Видеокарта Palit NVIDIA GeForce GTX 1660SUPER PA-GTX1660SUPER GP 6G 6ГБ GDDR6, Ret [ne6166s018j9-1160a-1]",25 770₽,,DirectX 12/OpenGL 4.6,,,,1,1.4a,1,3,8 pin,,450 Вт,активное,есть,,retail,235 мм,двухслотовая,115 мм,0.34x0.07x0.22 м,1.05 кг,36 мес.,,1,40 мм,,,,,,,,
https://www.citilink.ru/product/videokarta-gigabyte-pci-e-4-0-gv-n3060vision-oc-12gd-2-0-nv-rtx3060-12-1535676/,4.9,30,"Видеокарта GIGABYTE NVIDIA GeForce RTX 3060 GV-N3060VISION OC-12GD 2.0 LHR 12ГБ GDDR6, OC, LHR, Ret",41 900₽,GIGABYTE,DirectX 12 Ultimate/OpenGL 4.6,"NVIDIA DLSS, NVIDIA Reflex, NVIDIA STUDIO, NVIDIA Ray Tracing, NVIDIA G-Sync, NVIDIA Broadcast, NVIDIA Game Ready, NVIDIA Shadow Play, NVIDIA Ansel, NVIDIA Freestyle, NVIDIA NVENC, NVIDIA VR Works, NVIDIA CUDA",есть,есть,2,1.4a,2,4,8 pin,,550 Вт,активное,есть,да,retail,280 мм,двухслотовая,116 мм,0.4x0.09x0.24 м,1.03 кг,36 мес.,да,,41 мм,,,,,,,,
https://www.citilink.ru/product/videokarta-asus-pci-e-4-0-dual-rtx3060-o12g-v2-lhr-nv-rtx3060-12288mb-1543629/,5,8,"Видеокарта ASUS NVIDIA GeForce RTX 3060 DUAL-RTX3060-O12G-V2 LHR 12ГБ GDDR6, OC, LHR, Ret",43 990₽,ASUS,DirectX 12 Ultimate/OpenGL 4.6,"NVIDIA DLSS, NVIDIA Reflex, NVIDIA STUDIO, NVIDIA Ray Tracing, NVIDIA G-Sync, NVIDIA Broadcast, NVIDIA Game Ready, NVIDIA Shadow Play, NVIDIA Ansel, NVIDIA Freestyle, NVIDIA NVENC, NVIDIA VR Works, NVIDIA CUDA",есть,есть,1,1.4a,3,4,8 pin,,650 Вт,активное,есть,да,retail,200 мм,двухслотовая,123 мм,0.305x0.223x0.055 м,0.98 кг,36 мес.,да,,38 мм,,,,,,,,
https://www.citilink.ru/product/videokarta-palit-pci-e-4-0-pa-rtx3070ti-gamingpro-8g-nv-rtx3070ti-8192-1528277/,4.7,26,"Видеокарта Palit NVIDIA GeForce RTX 3070TI PA-RTX3070TI GAMINGPRO 8G 8ГБ GDDR6X, Ret [ned307t019p2-1046a]",68 080₽,PALIT,DirectX 12 Ultimate/OpenGL 4.6,"NVIDIA DLSS, NVIDIA Reflex, NVIDIA STUDIO, NVIDIA Ray Tracing, NVIDIA G-Sync, NVIDIA Broadcast, NVIDIA Game Ready, NVIDIA Shadow Play, NVIDIA Ansel, NVIDIA Freestyle, NVIDIA NVENC, NVIDIA VR Works, NVIDIA CUDA",есть,есть,1,1.4a,3,4,8+8 pin,290 Вт,700 Вт,активное,есть,,retail,294 мм,трехслотовая,112 мм,0.375x0.095x0.213 м,1.687 кг,36 мес.,,,60 мм,,,,,,,,
https://www.citilink.ru/product/videokarta-msi-pci-e-4-0-rtx-3050-gaming-x-8g-nv-rtx3050-8192mb-64-gdd-1680443/,5,51,"Видеокарта MSI NVIDIA GeForce RTX 3050 RTX 3050 GAMING X 8G 8ГБ GDDR6, Ret",31 420,MSI,DirectX 12 Ultimate/OpenGL 4.6,"NVIDIA DLSS, NVIDIA Reflex, NVIDIA STUDIO, NVIDIA Ray Tracing, NVIDIA G-Sync, NVIDIA Broadcast, NVIDIA Game Ready, NVIDIA Shadow Play, NVIDIA Ansel, NVIDIA Freestyle, NVIDIA NVENC, NVIDIA VR Works, NVIDIA CUDA",есть,есть,1,1.4a,3,4,8 pin,130 Вт,550 Вт,активное,есть,,retail,278 мм,двухслотовая,130 мм,0.38x0.085x0.27 м,1.671 кг,36 мес.,,,49 мм,,,,,,,,
https://www.citilink.ru/product/videokarta-palit-pci-e-4-0-pa-rtx3060ti-dual-8g-nv-rtx3060ti-8192mb-25-1825340/,5,36,"Видеокарта Palit NVIDIA GeForce RTX 3060Ti PA-RTX3060Ti DUAL 8G 8ГБ GDDR6, Ret [ne6306t019p2-190ad]",47 130₽,PALIT,DirectX 12 Ultimate/OpenGL 4.6,"NVIDIA DLSS, NVIDIA Reflex, NVIDIA STUDIO, NVIDIA Ray Tracing, NVIDIA G-Sync, NVIDIA Broadcast, NVIDIA Game Ready, NVIDIA Shadow Play, NVIDIA Ansel, NVIDIA Freestyle, NVIDIA NVENC, NVIDIA VR Works, NVIDIA CUDA",есть,есть,1,1.4a,3,4,8 pin,200 Вт,550 Вт,активное,есть,,retail,247 мм,двухслотовая,120 мм,0.38x0.09x0.27 м,1.03 кг,36 мес.,,,40 мм,,,,,,,,
https://www.citilink.ru/product/videokarta-palit-pci-e-4-0-pa-rtx3060ti-dual-oc-8g-v1-lhr-nv-rtx3060ti-1542005/,4.9,44,"Видеокарта Palit NVIDIA GeForce RTX 3060Ti PA-RTX3060Ti DUAL OC 8G V1 LHR 8ГБ GDDR6, OC, LHR, Ret [ne6306ts19p2-190ad]",41 900₽,PALIT,DirectX 12 Ultimate/OpenGL 4.6,,есть,есть,1,1.4a,3,4,8 pin,200 Вт,550 Вт,активное,есть,да,retail,247 мм,двухслотовая,120 мм,0.34x0.06x0.22 м,1.08 кг,36 мес.,да,,40 мм,,,,,,,,
https://www.citilink.ru/product/videokarta-palit-pci-e-pa-rtx2060super-dual-8g-no-led-nv-rtx2060super-1489448/,4.6,63,"Видеокарта Palit NVIDIA GeForce RTX 2060SUPER PA-RTX2060SUPER DUAL 8G no LED 8ГБ GDDR6, Ret [ne6206s018p2-1160a-1]",35 610₽,PALIT,DirectX 12/OpenGL 4.6,"NVIDIA DLSS, NVIDIA Reflex, NVIDIA STUDIO, NVIDIA Ray Tracing, NVIDIA G-Sync, NVIDIA Broadcast, NVIDIA Game Ready, NVIDIA Shadow Play, NVIDIA Ansel, NVIDIA Freestyle, NVIDIA NVENC, NVIDIA VR Works, NVIDIA CUDA",,есть,1,1.4a,1,3,8 pin,175 Вт,550 Вт,активное,есть,,retail,235 мм,двухслотовая,112 мм,0.345x0.22x0.067 м,0.89 кг,36 мес.,,1,40 мм,,,,,,,,
https://www.citilink.ru/product/videokarta-palit-pci-e-pa-gtx1660super-gp-oc-6g-nv-gtx1660super-6144mb-1496878/,4.7,23,"Видеокарта Palit NVIDIA GeForce GTX 1660SUPER PA-GTX1660SUPER GP OC 6G 6ГБ GDDR6, OC, Ret [ne6166ss18j9-1160a-1]",26 190₽,,DirectX 12/OpenGL 4.6,,,,1,1.4a,1,3,8 pin,125 Вт,450 Вт,активное,есть,,retail,235 мм,двухслотовая,115 мм,0.345x0.065x0.22 м,1.031 кг,36 мес.,да,1,40 мм,,,,,,,,
https://www.citilink.ru/product/videokarta-msi-nvidia-geforce-rtx-3060-rtx-3060-gaming-x-12g-12gb-gddr-1476984/,4.9,28,"Видеокарта MSI NVIDIA GeForce RTX 3060 RTX 3060 GAMING X 12G 12ГБ GDDR6, LHR, Ret",42 520,MSI,DirectX 12 Ultimate/OpenGL 4.6,"NVIDIA DLSS, NVIDIA Reflex, NVIDIA STUDIO, NVIDIA Ray Tracing, NVIDIA G-Sync, NVIDIA Broadcast, NVIDIA Game Ready, NVIDIA Shadow Play, NVIDIA Ansel, NVIDIA Freestyle, NVIDIA NVENC, NVIDIA VR Works, NVIDIA CUDA",есть,есть,1,1.4a,3,4,6+8 pin,170 Вт,550 Вт,активное,есть,да,retail,276 мм,трехслотовая,131 мм,0.38x0.086x0.27 м,1.682 кг,36 мес.,,,51 мм,микроархитектура Nvidia Ampere система охлаждения TWIN FROZR 8,,,,,,,
https://www.citilink.ru/product/videokarta-palit-pci-e-pa-rtx3050-dual-nv-rtx3050-8192mb-128-gddr6-155-1658278/,4.9,36,"Видеокарта Palit NVIDIA GeForce RTX 3050 PA-RTX3050 DUAL 8ГБ GDDR6, Ret [ne63050019p1-190ad]",30 270₽,PALIT,DirectX 12 Ultimate/OpenGL 4.6,"NVIDIA DLSS, NVIDIA Reflex, NVIDIA STUDIO, NVIDIA Ray Tracing, NVIDIA G-Sync, NVIDIA Broadcast, NVIDIA Game Ready, NVIDIA Shadow Play, NVIDIA Ansel, NVIDIA Freestyle, NVIDIA NVENC, NVIDIA VR Works, NVIDIA CUDA",есть,есть,1,1.4a,3,4,8 pin,140 Вт,550 Вт,активное,есть,,retail,245 мм,двухслотовая,119 мм,0.345x0.065x0.22 м,0.987 кг,36 мес.,,,40 мм,,,,,,,,
https://www.citilink.ru/product/videokarta-palit-nvidia-geforce-gtx-1650-pa-gtx1650-stormx-4g-4gb-gddr-1137103/,4.9,28,"Видеокарта Palit NVIDIA GeForce GTX 1650 PA-GTX1650 STORMX 4G 4ГБ GDDR5, Ret [ne51650006g1-1170f]",16 440₽,,DirectX 12/OpenGL 4.5,,,,1,2.0b,,2,без дополнительного питания,75 Вт,300 Вт,активное,,,retail,145 мм,двухслотовая,99 мм,0.17x0.15x0.04 м,0.555 кг,36 мес.,,1,40 мм,Диск с драйверами в комплектацию не входит,,,,,,,
https://www.citilink.ru/product/videokarta-palit-nvidia-geforce-rtx-3070-pa-rtx3070-gamingpro-8g-8gb-g-1421448/,4.7,19,"Видеокарта Palit NVIDIA GeForce RTX 3070 PA-RTX3070 GAMINGPRO 8G 8ГБ GDDR6, Ret [ne63070019p2-1041a]",57 600₽,PALIT,DirectX 12 Ultimate/OpenGL 4.6,"NVIDIA DLSS, NVIDIA Reflex, NVIDIA STUDIO, NVIDIA Ray Tracing, NVIDIA G-Sync, NVIDIA Broadcast, NVIDIA Game Ready, NVIDIA Shadow Play, NVIDIA Ansel, NVIDIA Freestyle, NVIDIA NVENC, NVIDIA VR Works, NVIDIA CUDA",есть,есть,1,1.4a,3,4,8+8 pin,220 Вт,650 Вт,активное,есть,,retail,294 мм,трехслотовая,112 мм,0.38x0.21x0.1 м,1.05 кг,36 мес.,,,60 мм,,,,,,,,
https://www.citilink.ru/product/videokarta-msi-pci-e-4-0-rtx-3050-ventus-2x-8g-oc-nv-rtx3050-8192mb-64-1680442/,5,18,"Видеокарта MSI NVIDIA GeForce RTX 3050 RTX 3050 VENTUS 2X 8G OC 8ГБ GDDR6, OC, Ret",35 410,MSI,DirectX 12 Ultimate/OpenGL 4.6,"NVIDIA DLSS, NVIDIA Reflex, NVIDIA STUDIO, NVIDIA Ray Tracing, NVIDIA G-Sync, NVIDIA Broadcast, NVIDIA Game Ready, NVIDIA Shadow Play, NVIDIA Ansel, NVIDIA Freestyle, NVIDIA NVENC, NVIDIA VR Works, NVIDIA CUDA",есть,есть,1,1.4a,3,,8 pin,130 Вт,550 Вт,активное,есть,,retail,235 мм,двухслотовая,,0.22x0.07x0.31 м,1.12 кг,36 мес.,да,,,,,,,,,,
https://www.citilink.ru/product/videokarta-msi-pci-e-n210-1gd3-lp-nv-gf210-1024mb-64-ddr3-460-800-dvix-1562985/,4.8,11,"Видеокарта MSI NVIDIA GeForce 210 N210-1GD3/LP 1ГБ DDR3, Low Profile, Ret",3 770₽,MSI,,,,,1,,,2,без дополнительного питания,,350 Вт,активное,,,retail,145 мм,однослотовая,,0.23x0.157x0.047 м,0.373 кг,36 мес.,,1,,,1,да,,,,,
https://www.citilink.ru/product/videokarta-msi-pci-e-4-0-rtx-3060-ti-gaming-z-trio-8g-lhr-nv-rtx3060ti-1562974/,,,"Видеокарта MSI NVIDIA GeForce 210 N210-1GD3/LP 1ГБ DDR3, Low Profile, Ret",3 770₽,MSI,DirectX 12 Ultimate/OpenGL 4.6,"NVIDIA DLSS, NVIDIA Reflex, NVIDIA STUDIO, NVIDIA Ray Tracing, NVIDIA G-Sync, NVIDIA Broadcast, NVIDIA Game Ready, NVIDIA Shadow Play, NVIDIA Ansel, NVIDIA Freestyle, NVIDIA NVENC, NVIDIA VR Works, NVIDIA CUDA",есть,есть,1,1.4a,3,,8+8 pin,240 Вт,600 Вт,активное,есть,да,retail,323 мм,трехслотовая,140 мм,0.41x0.09x0.31 м,2.46 кг,36 мес.,,,56 мм,,,,,,,,
https://www.citilink.ru/product/videokarta-palit-pci-e-4-0-pa-rtx3060-stormx-8gb-nv-rtx3060-8192mb-128-1859909/,4.8,6,"Видеокарта Palit NVIDIA GeForce RTX 3060 PA-RTX3060 STORMX 8GB 8ГБ GDDR6, Ret [ne63060019p1-190af]",29 330₽,PALIT,DirectX 12 Ultimate/OpenGL 4.6,"NVIDIA DLSS, NVIDIA Reflex, NVIDIA STUDIO, NVIDIA Ray Tracing, NVIDIA G-Sync, NVIDIA Broadcast, NVIDIA Game Ready, NVIDIA Shadow Play, NVIDIA Ansel, NVIDIA Freestyle, NVIDIA NVENC, NVIDIA VR Works, NVIDIA CUDA",есть,есть,1,1.4a,3,,8 pin,170 Вт,550 Вт,активное,есть,,retail,170 мм,двухслотовая,,0.315x0.185x0.06 м,1.05 кг,36 мес.,,,,,,,,,,,
https://www.citilink.ru/product/videokarta-asus-pci-e-4-0-dual-rtx3050-o8g-nv-rtx3050-8192mb-128-gddr6-1681315/,4.2,6,"Видеокарта ASUS NVIDIA GeForce RTX 3050 DUAL-RTX3050-O8G 8ГБ GDDR6, OC, Ret",32 050₽,ASUS,DirectX 12 Ultimate/OpenGL 4.6,"NVIDIA DLSS, NVIDIA Reflex, NVIDIA STUDIO, NVIDIA Ray Tracing, NVIDIA G-Sync, NVIDIA Broadcast, NVIDIA Game Ready, NVIDIA Shadow Play, NVIDIA Ansel, NVIDIA Freestyle, NVIDIA NVENC, NVIDIA VR Works, NVIDIA CUDA",есть,есть,1,1.4a,3,4,8 pin,,550 Вт,активное,есть,,retail,200 мм,двухслотовая,133.6 мм,0.305x0.223x0.055 м,1 кг,36 мес.,да,,53.5 мм,,,,,,,,
https://www.citilink.ru/product/videokarta-palit-pci-e-4-0-pa-rtx3060ti-dual-8g-v1-lhr-nv-rtx3060ti-81-1542015/,4.8,68,"Видеокарта Palit NVIDIA GeForce RTX 3060Ti PA-RTX3060Ti DUAL 8G V1 LHR 8ГБ GDDR6, LHR, Ret [ne6306t019p2-190ad]",45 040₽,PALIT,DirectX 12 Ultimate/OpenGL 4.6,"NVIDIA DLSS, NVIDIA Reflex, NVIDIA STUDIO, NVIDIA Ray Tracing, NVIDIA G-Sync, NVIDIA Broadcast, NVIDIA Game Ready, NVIDIA Shadow Play, NVIDIA Ansel, NVIDIA Freestyle, NVIDIA NVENC, NVIDIA VR Works, NVIDIA CUDA",есть,есть,1,1.4a,3,4,8 pin,200 Вт,550 Вт,активное,есть,да,retail,247 мм,двухслотовая,120 мм,0.34x0.06x0.22 м,1.07 кг,36 мес.,,,40 мм,,,,,,,,
https://www.citilink.ru/product/videokarta-gigabyte-pci-e-4-0-gv-n306txgaming-oc-8gd-nv-rtx3060ti-8192-1879602/,4.9,7,"Видеокарта GIGABYTE NVIDIA GeForce RTX 3060Ti GV-N306TXGAMING OC-8GD 8ГБ Gaming, GDDR6X, OC, Ret",48 700₽,GIGABYTE,DirectX 12 Ultimate/OpenGL 4.6,"NVIDIA DLSS, NVIDIA Reflex, NVIDIA STUDIO, NVIDIA Ray Tracing, NVIDIA G-Sync, NVIDIA Broadcast, NVIDIA Game Ready, NVIDIA Shadow Play, NVIDIA Ansel, NVIDIA Freestyle, NVIDIA NVENC, NVIDIA VR Works, NVIDIA CUDA",есть,есть,2,1.4a,2,4,8+8 pin,,750 Вт,активное,есть,,retail,286 мм,двухслотовая,115 мм,0.215x0.14x0.095 м,1.35 кг,36 мес.,да,,51 мм,,,,,,,,
https://www.citilink.ru/product/videokarta-msi-pci-e-4-0-rtx-3060-ti-gaming-x-8g-lhr-nv-rtx3060ti-8192-1561343/,5,25,"Видеокарта MSI NVIDIA GeForce RTX 3060Ti RTX 3060 Ti GAMING X 8G LHR 8ГБ GDDR6, LHR, Ret",53 420,MSI,DirectX 12 Ultimate/OpenGL 4.6,"NVIDIA DLSS, NVIDIA Reflex, NVIDIA STUDIO, NVIDIA Ray Tracing, NVIDIA G-Sync, NVIDIA Broadcast, NVIDIA Game Ready, NVIDIA Shadow Play, NVIDIA Ansel, NVIDIA Freestyle, NVIDIA NVENC, NVIDIA VR Works, NVIDIA CUDA",есть,есть,1,1.4a,3,4,6+8 pin,220 Вт,600 Вт,активное,есть,да,retail,278 мм,двухслотовая,131 мм,0.41x0.09x0.24 м,1.76 кг,36 мес.,,,51 мм,,,,,,,,
https://www.citilink.ru/product/videokarta-gigabyte-pci-e-4-0-gv-n3070gaming-oc-8gd-2-0-lhr-nv-rtx3070-1546196/,4.7,15,"Видеокарта GIGABYTE NVIDIA GeForce RTX 3070 GV-N3070GAMING OC-8GD 2.0 LHR 8ГБ GDDR6, OC, LHR, Ret",58 650₽,GIGABYTE,DirectX 12 Ultimate/OpenGL 4.6,"NVIDIA DLSS, NVIDIA Reflex, NVIDIA STUDIO, NVIDIA Ray Tracing, NVIDIA G-Sync, NVIDIA Broadcast, NVIDIA Game Ready, NVIDIA Shadow Play, NVIDIA Ansel, NVIDIA Freestyle, NVIDIA NVENC, NVIDIA VR Works, NVIDIA CUDA",есть,есть,2,1.4a,2,4,6+8 pin,220 Вт,650 Вт,активное,есть,да,retail,286 мм,трехслотовая,115 мм,0.405x0.091x0.236 м,1.48 кг,36 мес.,да,,51 мм,Lite Hash Rate версия,,,,,,,
https://www.citilink.ru/product/videokarta-msi-pci-e-4-0-rtx-3060-ti-ventus-3x-8gd6x-oc-nv-rtx3060ti-8-1887884/,5,4,"Видеокарта MSI NVIDIA GeForce RTX 3060Ti RTX 3060 Ti VENTUS 3X 8GD6X OC 8ГБ GDDR6X, OC, Ret",52 370₽,MSI,DirectX 12 Ultimate/OpenGL 4.6,"NVIDIA DLSS, NVIDIA Reflex, NVIDIA STUDIO, NVIDIA Ray Tracing, NVIDIA G-Sync, NVIDIA Broadcast, NVIDIA Game Ready, NVIDIA Shadow Play, NVIDIA Ansel, NVIDIA Freestyle, NVIDIA NVENC, NVIDIA VR Works, NVIDIA CUDA",есть,есть,1,1.4a,3,4,8+8 pin,225 Вт,600 Вт,активное,есть,,retail,305 мм,трехслотовая,121 мм,0.41x0.26x0.09 м,1.18 кг,36 мес.,да,,52 мм,,,,,,,,
https://www.citilink.ru/product/videokarta-gigabyte-pci-e-4-0-gv-n3070eagle-oc-8gd-2-0-lhr-nv-rtx3070-1558228/,5,4,"Видеокарта GIGABYTE NVIDIA GeForce RTX 3070 GV-N3070EAGLE OC-8GD 2.0 LHR 8ГБ GDDR6, OC, LHR, Ret",52 370₽,GIGABYTE,DirectX 12 Ultimate/OpenGL 4.6,"NVIDIA DLSS, NVIDIA Reflex, NVIDIA STUDIO, NVIDIA Ray Tracing, NVIDIA G-Sync, NVIDIA Broadcast, NVIDIA Game Ready, NVIDIA Shadow Play, NVIDIA Ansel, NVIDIA Freestyle, NVIDIA NVENC, NVIDIA VR Works, NVIDIA CUDA",есть,есть,2,1.4a,2,4,6+8 pin,,650 Вт,активное,есть,да,retail,282 мм,двухслотовая,115 мм,0.24x0.09x0.42 м,1.5 кг,36 мес.,да,,41 мм,,,,,,,,
https://www.citilink.ru/product/videokarta-gigabyte-pci-e-4-0-gv-n3060eagle-12gd-2-0-nv-rtx3060-12288m-1623032/,,,‌,52 370₽,GIGABYTE,DirectX 12 Ultimate/OpenGL 4.6,"NVIDIA DLSS, NVIDIA Reflex, NVIDIA STUDIO, NVIDIA Ray Tracing, NVIDIA G-Sync, NVIDIA Broadcast, NVIDIA Game Ready, NVIDIA Shadow Play, NVIDIA Ansel, NVIDIA Freestyle, NVIDIA NVENC, NVIDIA VR Works, NVIDIA CUDA",есть,есть,2,1.4a,2,,8 pin,,550 Вт,активное,есть,да,retail,242 мм,двухслотовая,,0.333x0.058x0.238 м,0.91 кг,36 мес.,,,,,,,,,,,
https://www.citilink.ru/product/videokarta-palit-nvidia-geforce-gt-710-pa-gt710-2gd3h-2gb-ddr3-ret-nea-1358776/,4.1,8,"Видеокарта Palit NVIDIA GeForce GT 710 PA-GT710-2GD3H 2ГБ DDR3, Ret [neat7100hd46-2080h]",4 920₽,,DirectX 12/OpenGL 4.5,,,,1,1.4a,,2,без дополнительного питания,19 Вт,300 Вт,пассивное,,,retail,115 мм,двухслотовая,69 мм,0.23x0.06x0.15 м,0.31 кг,36 мес.,,1,,,1,,,,,,
https://www.citilink.ru/product/videokarta-palit-nvidia-geforce-gtx-1050ti-pa-gtx1050ti-stormx-4g-4gb-401997/,4.6,116,"Видеокарта Palit NVIDIA GeForce GTX 1050TI PA-GTX1050Ti StormX 4G 4ГБ GDDR5, Ret [ne5105t018g1-1070f]",16 650₽,,DirectX 12/OpenGL 4.5,,,,1,1.4,1,3,без дополнительного питания,75 Вт,300 Вт,активное,,,retail,166 мм,двухслотовая,112 мм,0.315x0.055x0.18 м,0.675 кг,36 мес.,,1,,Диск с драйверами в комплектацию не входит,,,,,,,
https://www.citilink.ru/product/videokarta-palit-nvidia-geforce-gtx-1650-pa-gtx1650-gp-oc-4g-d6-4gb-gd-1468993/,4.8,18,"Видеокарта Palit NVIDIA GeForce GTX 1650 PA-GTX1650 GP OC 4G D6 4ГБ GDDR6, OC, Ret [ne61650s1bg1-1175a]",18 850₽,,DirectX 12/OpenGL 4.6,,,,1,1.4a,2,3,6 pin,75 Вт,300 Вт,активное,есть,,retail,170 мм,двухслотовая,112 мм,0.315x0.055x0.18 м,0.722 кг,36 мес.,да,,40 мм,,,,,,,,
https://www.citilink.ru/product/videokarta-msi-pci-e-4-0-rtx-3060-ti-ventus-2x-8g-ocv1-lhr-nv-rtx3060t-1546548/,3.5,4,"Видеокарта MSI NVIDIA GeForce RTX 3060Ti RTX 3060 Ti VENTUS 2X 8G OCV1 LHR 8ГБ GDDR6, OC, LHR, Ret",48 180,MSI,DirectX 12 Ultimate/OpenGL 4.6,"NVIDIA DLSS, NVIDIA Reflex, NVIDIA STUDIO, NVIDIA Ray Tracing, NVIDIA G-Sync, NVIDIA Broadcast, NVIDIA Game Ready, NVIDIA Shadow Play, NVIDIA Ansel, NVIDIA Freestyle, NVIDIA NVENC, NVIDIA VR Works, NVIDIA CUDA",есть,есть,1,1.4a,3,,8 pin,200 Вт,650 Вт,активное,есть,да,retail,235 мм,двухслотовая,,0.41x0.09x0.24 м,1.12 кг,36 мес.,да,,,,,,,,,,
https://www.citilink.ru/product/videokarta-gigabyte-pci-e-4-0-gv-ia380gaming-oc-6gd-intel-arc-a380-gam-1874758/,5,4,"Видеокарта GIGABYTE INTEL ARC A380 GV-IA380GAMING OC-6GD 6ГБ Gaming, GDDR6, OC, Ret",17 390₽,,DirectX 12/OpenGL 4.6,,,,2,1.4,2,4,6 pin,65 Вт,350 Вт,активное,есть,,retail,280 мм,двухслотовая,117 мм,0.365x0.08x0.185 м,1.086 кг,36 мес.,да,,40 мм,,,,,,,,
https://www.citilink.ru/product/videokarta-msi-pci-e-4-0-rtx-3060-ti-ventus-2x-8gd6x-oc-nv-rtx3060ti-8-1887883/,5,4,"Видеокарта MSI NVIDIA GeForce RTX 3060Ti RTX 3060 Ti VENTUS 2X 8GD6X OC 8ГБ GDDR6X, OC, Ret",47 130,MSI,DirectX 12 Ultimate/OpenGL 4.6,"NVIDIA DLSS, NVIDIA Reflex, NVIDIA STUDIO, NVIDIA Ray Tracing, NVIDIA G-Sync, NVIDIA Broadcast, NVIDIA Game Ready, NVIDIA Shadow Play, NVIDIA Ansel, NVIDIA Freestyle, NVIDIA NVENC, NVIDIA VR Works, NVIDIA CUDA",есть,есть,1,1.4a,3,4,8+8 pin,225 Вт,600 Вт,активное,есть,,retail,232 мм,трехслотовая,124 мм,0.35x0.08x0.265 м,1.43 кг,36 мес.,да,,52 мм,,,,,,,,
https://www.citilink.ru/product/videokarta-gigabyte-pci-e-4-0-gv-n3060eagle-oc-12gd-v2-0-lhr-nv-rtx306-1531397/,4.6,20,"Видеокарта GIGABYTE NVIDIA GeForce RTX 3060 GV-N3060EAGLE OC-12GD 2.0 LHR 12ГБ GDDR6, OC, LHR, Ret",36 240₽,GIGABYTE,DirectX 12 Ultimate/OpenGL 4.6,"NVIDIA DLSS, NVIDIA Reflex, NVIDIA STUDIO, NVIDIA Ray Tracing, NVIDIA G-Sync, NVIDIA Broadcast, NVIDIA Game Ready, NVIDIA Shadow Play, NVIDIA Ansel, NVIDIA Freestyle, NVIDIA NVENC, NVIDIA VR Works, NVIDIA CUDA",есть,есть,2,1.4a,2,4,8 pin,,550 Вт,активное,есть,да,retail,242 мм,двухслотовая,,0.33x0.23x0.06 м,0.99 кг,36 мес.,да,,,,,,,,,,
https://www.citilink.ru/product/videokarta-palit-pci-e-4-0-pa-rtx3050-dual-nv-rtx3050-8192mb-128-gddr6-1879436/,1 Обзор,,"Видеокарта Palit NVIDIA GeForce RTX 3050 PA-RTX3050 DUAL 8ГБ GDDR6, Ret [ne63050018p1-1070d]",26 080₽,PALIT,DirectX 12 Ultimate/OpenGL 4.6,"NVIDIA DLSS, NVIDIA Reflex, NVIDIA STUDIO, NVIDIA Ray Tracing, NVIDIA G-Sync, NVIDIA Broadcast, NVIDIA Game Ready, NVIDIA Shadow Play, NVIDIA Ansel, NVIDIA Freestyle, NVIDIA NVENC, NVIDIA VR Works, NVIDIA CUDA",есть,есть,1,1.4a,3,3,6 pin,115 Вт,550 Вт,активное,,,retail,172 мм,двухслотовая,,0.345x0.225x0.07 м,1.01 кг,36 мес.,,,,,,,,,,,
https://www.citilink.ru/product/videokarta-asus-pci-e-4-0-ph-rtx3050-8g-nv-rtx3050-8192mb-128-gddr6-17-1681324/,5,6,"Видеокарта ASUS NVIDIA GeForce RTX 3050 PH-RTX3050-8G 8ГБ GDDR6, Ret",25 930,ASUS,DirectX 12 Ultimate/OpenGL 4.6,"NVIDIA DLSS, NVIDIA Reflex, NVIDIA STUDIO, NVIDIA Ray Tracing, NVIDIA G-Sync, NVIDIA Broadcast, NVIDIA Game Ready, NVIDIA Shadow Play, NVIDIA Ansel, NVIDIA Freestyle, NVIDIA NVENC, NVIDIA VR Works, NVIDIA CUDA",есть,есть,1,1.4a,3,4,8 pin,,550 Вт,активное,есть,,retail,177 мм,трехслотовая,128 мм,0.36x0.06x0.21 м,1.158 кг,36 мес.,,,51 мм,,,,,,,,
https://www.citilink.ru/product/videokarta-asus-pci-e-4-0-dual-rtx3060ti-o8gd6x-nv-rtx3060ti-8192mb-25-1885913/,4.7,7,"Видеокарта ASUS NVIDIA GeForce RTX 3060Ti DUAL-RTX3060TI-O8GD6X 8ГБ GDDR6X, OC, Ret",39 160,ASUS,DirectX 12 Ultimate/OpenGL 4.6,"NVIDIA DLSS, NVIDIA Reflex, NVIDIA STUDIO, NVIDIA Ray Tracing, NVIDIA G-Sync, NVIDIA Broadcast, NVIDIA Game Ready, NVIDIA Shadow Play, NVIDIA Ansel, NVIDIA Freestyle, NVIDIA NVENC, NVIDIA VR Works, NVIDIA CUDA",есть,есть,1,1.4a,3,4,8+8 pin,,750 Вт,активное,есть,,retail,230 мм,двухслотовая,,0.371x0.071x0.221 м,1.231 кг,36 мес.,да,,,,,,,,,,
https://www.citilink.ru/product/videokarta-asus-pci-e-4-0-tuf-rtx3060ti-o8gd6x-gaming-nv-rtx3060ti-819-1885912/,5,6,"Видеокарта ASUS NVIDIA GeForce RTX 3060Ti TUF-RTX3060TI-O8GD6X-GAMING 8ГБ GDDR6X, OC, Ret",57 600₽,ASUS,DirectX 12 Ultimate/OpenGL 4.6,"NVIDIA DLSS, NVIDIA Reflex, NVIDIA STUDIO, NVIDIA Ray Tracing, NVIDIA G-Sync, NVIDIA Broadcast, NVIDIA Game Ready, NVIDIA Shadow Play, NVIDIA Ansel, NVIDIA Freestyle, NVIDIA NVENC, NVIDIA VR Works, NVIDIA CUDA",есть,есть,2,1.4a,3,4,8+8 pin,,750 Вт,активное,есть,,retail,302 мм,двухслотовая,,0.41x0.24x0.09 м,2.096 кг,36 мес.,да,,,,,,,,,,
https://www.citilink.ru/product/videokarta-msi-pci-e-4-0-rtx-4080-16gb-gaming-x-trio-nv-rtx4080-16384m-1873639/,5,5,"Видеокарта MSI NVIDIA GeForce RTX 4080 RTX 4080 16GB GAMING X TRIO 16ГБ GDDR6X, Ret",131 970,MSI,DirectX 12 Ultimate/OpenGL 4.6,"NVIDIA DLSS, NVIDIA Reflex, NVIDIA STUDIO, NVIDIA Ray Tracing, NVIDIA G-Sync, NVIDIA Broadcast, NVIDIA Game Ready, NVIDIA Shadow Play, NVIDIA Ansel, NVIDIA Freestyle, NVIDIA NVENC, NVIDIA VR Works, NVIDIA CUDA",есть,есть,1,1.4a,3,4,16 pin,320 Вт,850 Вт,активное,есть,,retail,337 мм,четырехслотовая,140 мм,0.413x0.282x0.125 м,3.08 кг,36 мес.,,,67 мм,,,,,,,,
https://www.citilink.ru/product/videokarta-gigabyte-pci-e-4-0-gv-n306tvision-oc-8gd-2-0-lhr-nv-rtx3060-1543697/,5,11,"Видеокарта GIGABYTE NVIDIA GeForce RTX 3060Ti GV-N306TVISION OC-8GD 2.0 LHR 8ГБ GDDR6, OC, LHR, Ret",51 320₽,GIGABYTE,DirectX 12 Ultimate/OpenGL 4.6,"NVIDIA DLSS, NVIDIA Reflex, NVIDIA STUDIO, NVIDIA Ray Tracing, NVIDIA G-Sync, NVIDIA Broadcast, NVIDIA Game Ready, NVIDIA Shadow Play, NVIDIA Ansel, NVIDIA Freestyle, NVIDIA NVENC, NVIDIA VR Works, NVIDIA CUDA",есть,есть,2,1.4a,2,4,6+8 pin,,650 Вт,активное,есть,да,retail,281 мм,двухслотовая,115 мм,0.365x0.185x0.08 м,1.4 кг,36 мес.,да,,40 мм,,,,,,,,
https://www.citilink.ru/product/videokarta-msi-pci-e-4-0-rtx-3060-ti-ventus-2x-8g-v1-lhr-ru-nv-rtx3060-1625373/,,,‌,51 320₽,MSI,DirectX 12 Ultimate/OpenGL 4.6,"NVIDIA DLSS, NVIDIA Reflex, NVIDIA STUDIO, NVIDIA Ray Tracing, NVIDIA G-Sync, NVIDIA Broadcast, NVIDIA Game Ready, NVIDIA Shadow Play, NVIDIA Ansel, NVIDIA Freestyle, NVIDIA NVENC, NVIDIA VR Works, NVIDIA CUDA",есть,есть,1,1.4a,3,,8 pin,200 Вт,600 Вт,активное,есть,да,retail,235 мм,двухслотовая,,0.31x0.22x0.07 м,1.112 кг,36 мес.,,,,,,,,,,,
https://www.citilink.ru/product/videokarta-asus-pci-e-4-0-dual-rtx3060-o8g-nv-rtx3060-8192mb-192-gddr6-1881857/,5,1,"Видеокарта ASUS NVIDIA GeForce RTX 3060 DUAL-RTX3060-O8G 8ГБ GDDR6, OC, Ret",38 330₽,ASUS,DirectX 12 Ultimate/OpenGL 4.6,"NVIDIA DLSS, NVIDIA Reflex, NVIDIA STUDIO, NVIDIA Ray Tracing, NVIDIA G-Sync, NVIDIA Broadcast, NVIDIA Game Ready, NVIDIA Shadow Play, NVIDIA Ansel, NVIDIA Freestyle, NVIDIA NVENC, NVIDIA VR Works, NVIDIA CUDA",есть,есть,1,1.4a,3,4,8 pin,,650 Вт,активное,есть,,retail,200 мм,двухслотовая,123 мм,0.304x0.224x0.058 м,0.988 кг,36 мес.,да,,38 мм,,,,,,,,
https://www.citilink.ru/product/videokarta-gigabyte-pci-e-4-0-gv-n307tgaming-8gd-nv-rtx3070ti-8192mb-2-1845488/,5,6,"Видеокарта GIGABYTE NVIDIA GeForce RTX 3070TI GV-N307TGAMING-8GD 8ГБ Gaming, GDDR6X, Ret",72 270₽,GIGABYTE,DirectX 12 Ultimate/OpenGL 4.6,"NVIDIA DLSS, NVIDIA Reflex, NVIDIA STUDIO, NVIDIA Ray Tracing, NVIDIA G-Sync, NVIDIA Broadcast, NVIDIA Game Ready, NVIDIA Shadow Play, NVIDIA Ansel, NVIDIA Freestyle, NVIDIA NVENC, NVIDIA VR Works, NVIDIA CUDA",есть,есть,2,1.4a,2,4,8+8 pin,,750 Вт,активное,есть,,retail,320 мм,трехслотовая,129 мм,0.33x0.26x0.05 м,1.87 кг,36 мес.,,,55 мм,,,,,,,,
https://www.citilink.ru/product/videokarta-palit-pci-e-pa-rtx2060super-dual-8g-nv-rtx2060super-8192mb-1861391/,5,2,"Видеокарта Palit NVIDIA GeForce RTX 2060SUPER PA-RTX2060SUPER DUAL 8G 8ГБ GDDR6, Ret [ne6206s018p2-1160x-1]",34 150₽,PALIT,DirectX 12 Ultimate/OpenGL 4.6,"NVIDIA DLSS, NVIDIA Reflex, NVIDIA STUDIO, NVIDIA Ray Tracing, NVIDIA G-Sync, NVIDIA Broadcast, NVIDIA Game Ready, NVIDIA Shadow Play, NVIDIA Ansel, NVIDIA Freestyle, NVIDIA NVENC, NVIDIA VR Works, NVIDIA CUDA",,есть,1,1.4a,1,3,8 pin,175 Вт,550 Вт,активное,есть,,retail,235 мм,двухслотовая,,0.345x0.065x0.22 м,1.073 кг,36 мес.,,1,,,,,,,,,
https://www.citilink.ru/product/videokarta-palit-pci-e-4-0-pa-rtx3050-stormx-nv-rtx3050-8192mb-128-gdd-1879417/,4.3,7,"Видеокарта Palit NVIDIA GeForce RTX 3050 PA-RTX3050 STORMX 8ГБ GDDR6, Ret [ne63050018p1-1070f]",27 230₽,PALIT,DirectX 12 Ultimate/OpenGL 4.6,"NVIDIA DLSS, NVIDIA Reflex, NVIDIA STUDIO, NVIDIA Ray Tracing, NVIDIA G-Sync, NVIDIA Broadcast, NVIDIA Game Ready, NVIDIA Shadow Play, NVIDIA Ansel, NVIDIA Freestyle, NVIDIA NVENC, NVIDIA VR Works, NVIDIA CUDA",есть,есть,1,1.4a,3,3,6 pin,115 Вт,550 Вт,активное,,,retail,162 мм,двухслотовая,117 мм,0.32x0.18x0.06 м,0.745 кг,36 мес.,,,40 мм,,,,,,,,
https://www.citilink.ru/product/videokarta-oc-rtx-3060-ventus-3x-12g-oc-1475894/,4.6,8,"Видеокарта MSI NVIDIA GeForce RTX 3060 RTX 3060 VENTUS 3X 12G OC 12ГБ GDDR6, OC, LHR, Ret",46 090,MSI,DirectX 12 Ultimate/OpenGL 4.6,"NVIDIA DLSS, NVIDIA Reflex, NVIDIA STUDIO, NVIDIA Ray Tracing, NVIDIA G-Sync, NVIDIA Broadcast, NVIDIA Game Ready, NVIDIA Shadow Play, NVIDIA Ansel, NVIDIA Freestyle, NVIDIA NVENC, NVIDIA VR Works, NVIDIA CUDA",есть,есть,1,1.4a,3,4,8 pin,170 Вт,550 Вт,активное,есть,да,retail,316 мм,трехслотовая,120 мм,0.38x0.27x0.08 м,1.34 кг,36 мес.,да,,42 мм,микроархитектура Nvidia Ampere вентиляторы TORX Fan 3.0; технология Zero Frozr,,,,,,,
https://www.citilink.ru/product/videokarta-msi-nvidia-geforce-gtx-1660super-gtx-1660-super-gaming-6gb-1194436/,5,9,"Видеокарта MSI NVIDIA GeForce GTX 1660SUPER GTX 1660 SUPER GAMING 6ГБ GDDR6, Ret",31 990,,DirectX 12/OpenGL 4.5,,,,1,1.4,3,4,8 pin,125 Вт,450 Вт,активное,есть,,retail,247 мм,двухслотовая,127 мм,0.35x0.09x0.27 м,1.6 кг,36 мес.,,,46 мм,,,,,,,,
https://www.citilink.ru/product/videokarta-palit-pci-e-4-0-pa-rtx4090-gamerock-omniblack-nv-rtx4090-24-1859906/,5,2,"Видеокарта Palit NVIDIA GeForce RTX 4090 PA-RTX4090 GAMEROCK OMNIBLACK 24ГБ GDDR6X, Ret [ned4090019sb-1020q]",169 680,PALIT,DirectX 12 Ultimate/OpenGL 4.6,,есть,есть,1,1.4a,3,4,16 pin,450 Вт,1000 Вт,активное,есть,,retail,329.4 мм,четырехслотовая,137.5 мм,0.463x0.29x0.115 м,3.56 кг,36 мес.,,,71.5 мм,,,,,,,,
https://www.citilink.ru/product/videokarta-palit-pci-e-4-0-pa-rtx4080-gamerock-omniblack-nv-rtx4080-16-1861620/,5,2,"Видеокарта Palit NVIDIA GeForce RTX 4080 PA-RTX4080 GAMEROCK OMNIBLACK 16ГБ GDDR6X, Ret [ned4080019t2-1030q]",121 490,PALIT,DirectX 12 Ultimate/OpenGL 4.6,"NVIDIA DLSS, NVIDIA Reflex, NVIDIA STUDIO, NVIDIA Ray Tracing, NVIDIA G-Sync, NVIDIA Broadcast, NVIDIA Game Ready, NVIDIA Shadow Play, NVIDIA Ansel, NVIDIA Freestyle, NVIDIA NVENC, NVIDIA VR Works, NVIDIA CUDA",есть,есть,1,1.4a,3,4,16 pin,340 Вт,850 Вт,активное,есть,,retail,329.4 мм,четырехслотовая,137.5 мм,0.463x0.118x0.293 м,3.29 кг,36 мес.,,,71.5 мм,,,,,,,,
https://www.citilink.ru/product/videokarta-gigabyte-nvidia-geforce-gt-710-gv-n710d5-2gl-2gb-gddr5-low-493300/,4.6,14,"Видеокарта GIGABYTE NVIDIA GeForce GT 710 GV-N710D5-2GL 2ГБ GDDR5, Low Profile, Ret",6 290₽,,DirectX 12/OpenGL 4.5,,,,1,1.4a,,2,без дополнительного питания,,300 Вт,активное,,,retail,147 мм,однослотовая,,0.225x0.03x0.155 м,0.258 кг,36 мес.,,1,,,,да,,,,,
https://www.citilink.ru/product/videokarta-palit-pci-e-4-0-pa-rtx4080-gamerock-nv-rtx4080-16384mb-256-1861619/,5,5,"Видеокарта Palit NVIDIA GeForce RTX 4080 PA-RTX4080 GAMEROCK 16ГБ GDDR6X, Ret [ned4080019t2-1030g]",116 790,PALIT,DirectX 12 Ultimate/OpenGL 4.6,"NVIDIA DLSS, NVIDIA Reflex, NVIDIA STUDIO, NVIDIA Ray Tracing, NVIDIA G-Sync, NVIDIA Broadcast, NVIDIA Game Ready, NVIDIA Shadow Play, NVIDIA Ansel, NVIDIA Freestyle, NVIDIA NVENC, NVIDIA VR Works, NVIDIA CUDA",есть,есть,1,1.4a,3,4,16 pin,340 Вт,850 Вт,активное,есть,,retail,329.4 мм,четырехслотовая,137.5 мм,0.463x0.116x0.293 м,3.42 кг,36 мес.,,,71.5 мм,,,,,,,,
https://www.citilink.ru/product/videokarta-msi-nvidia-geforce-gtx-1660super-gtx-1660-super-ventus-xs-o-1188206/,4.8,19,"Видеокарта MSI NVIDIA GeForce GTX 1660SUPER GTX 1660 SUPER VENTUS XS OC 6ГБ GDDR6, OC, Ret",27 860₽,,DirectX 12/OpenGL 4.5,,,,1,1.4,3,4,8 pin,125 Вт,450 Вт,активное,есть,,retail,204 мм,двухслотовая,128 мм,0.31x0.19x0.06 м,1.12 кг,36 мес.,да,,42 мм,,,,,,,,
https://www.citilink.ru/product/videokarta-palit-pci-e-4-0-pa-rtx3070-gamerock-8g-v1-nv-rtx3070-8192mb-1535785/,4.6,11,"Видеокарта Palit NVIDIA GeForce RTX 3070 PA-RTX3070 GAMEROCK 8G V1 LHR 8ГБ GDDR6, LHR, Ret [ne63070019p2-1040g]",66 620₽,PALIT,DirectX 12 Ultimate/OpenGL 4.6,,есть,есть,1,1.4a,3,4,8+8 pin,250 Вт,650 Вт,активное,есть,да,retail,304 мм,трехслотовая,136 мм,0.4x0.1x0.22 м,2.04 кг,36 мес.,,,60 мм,,,,,,,,
https://www.citilink.ru/product/videokarta-gigabyte-pci-e-4-0-gv-ia380wf2oc-6gd-intel-arc-a380-windfor-1874760/,4.3,3,"Видеокарта GIGABYTE INTEL ARC A380 GV-IA380WF2OC-6GD 6ГБ Windforce, GDDR6, OC, Ret",16 870₽,,DirectX 12/OpenGL 4.6,,,,2,1.4,2,4,6 pin,55 Вт,350 Вт,активное,есть,,retail,192 мм,двухслотовая,117 мм,0.3x0.21x0.05 м,0.76 кг,36 мес.,да,,35 мм,,,,,,,,
https://www.citilink.ru/product/videokarta-gigabyte-pci-e-gv-r665xteagle-8gd-amd-radeon-rx-6650xt-8192-1738847/,4.7,13,"Видеокарта GIGABYTE AMD Radeon RX 6650XT GV-R665XTEAGLE-8GD 8ГБ GDDR6, Ret",41 900₽,GIGABYTE,DirectX 12 Ultimate/OpenGL 4.6,,есть,,2,1.4a,2,4,8 pin,,500 Вт,активное,есть,,retail,282 мм,двухслотовая,113 мм,0.36x0.19x0.08 м,1.31 кг,36 мес.,,,41 мм,,,,,,,,
https://www.citilink.ru/product/videokarta-palit-pci-e-4-0-pa-rtx4090-gamerock-oc-nv-rtx4090-24576mb-3-1859907/,5,2,"Видеокарта Palit NVIDIA GeForce RTX 4090 PA-RTX4090 GAMEROCK OC 24ГБ GDDR6X, OC, Ret [ned4090s19sb-1020g]",175 960,PALIT,DirectX 12 Ultimate/OpenGL 4.6,,есть,есть,1,1.4a,3,4,16 pin,450 Вт,1000 Вт,активное,есть,,retail,329.4 мм,четырехслотовая,137.5 мм,0.463x0.118x0.291 м,3.4 кг,36 мес.,да,,71.5 мм,,,,,,,,
https://www.citilink.ru/product/videokarta-palit-pci-e-4-0-pa-rtx3070-gamingpro-8g-v1-nv-rtx3070-8192m-1535821/,4.8,20,"Видеокарта Palit NVIDIA GeForce RTX 3070 PA-RTX3070 GAMINGPRO 8G V1 LHR 8ГБ GDDR6, LHR, Ret [ne63070019p2-1041a]",55 090₽,PALIT,DirectX 12 Ultimate/OpenGL 4.6,"NVIDIA DLSS, NVIDIA Reflex, NVIDIA STUDIO, NVIDIA Ray Tracing, NVIDIA G-Sync, NVIDIA Broadcast, NVIDIA Game Ready, NVIDIA Shadow Play, NVIDIA Ansel, NVIDIA Freestyle, NVIDIA NVENC, NVIDIA VR Works, NVIDIA CUDA",есть,есть,1,1.4a,3,4,8+8 pin,220 Вт,650 Вт,активное,есть,да,retail,294 мм,трехслотовая,112 мм,0.375x0.215x0.1 м,1.66 кг,36 мес.,,,60 мм,,,,,,,,
https://www.citilink.ru/product/videokarta-gigabyte-pci-e-4-0-gv-n306teagle-oc-8gd-2-0-lhr-nv-rtx3060t-1543680/,4.8,13,"Видеокарта GIGABYTE NVIDIA GeForce RTX 3060Ti GV-N306TEAGLE OC-8GD 2.0 LHR 8ГБ GDDR6, OC, LHR, Ret",47 770₽,GIGABYTE,DirectX 12 Ultimate/OpenGL 4.6,"NVIDIA DLSS, NVIDIA Reflex, NVIDIA STUDIO, NVIDIA Ray Tracing, NVIDIA G-Sync, NVIDIA Broadcast, NVIDIA Game Ready, NVIDIA Shadow Play, NVIDIA Ansel, NVIDIA Freestyle, NVIDIA NVENC, NVIDIA VR Works, NVIDIA CUDA",есть,есть,2,1.4a,2,4,8 pin,,600 Вт,активное,есть,да,retail,245 мм,двухслотовая,,0.33x0.06x0.24 м,1.03 кг,36 мес.,да,,,,,,,,,,
https://www.citilink.ru/product/videokarta-msi-pci-e-4-0-rtx-4070-ti-gaming-x-trio-12g-nv-rtx4070ti-12-1887888/,5,4,"Видеокарта MSI NVIDIA GeForce RTX 4070TI RTX 4070 Ti GAMING X TRIO 12G 12ГБ GDDR6X, Ret [602-v513-06s]",97 410,MSI,DirectX 12 Ultimate/OpenGL 4.6,"NVIDIA DLSS, NVIDIA Reflex, NVIDIA STUDIO, NVIDIA Ray Tracing, NVIDIA G-Sync, NVIDIA Broadcast, NVIDIA Game Ready, NVIDIA Shadow Play, NVIDIA Ansel, NVIDIA Freestyle, NVIDIA NVENC, NVIDIA VR Works, NVIDIA CUDA",есть,есть,1,1.4a,3,4,16 pin,285 Вт,700 Вт,активное,есть,,retail,337 мм,трехслотовая,140 мм,0.42x0.283x0.115 м,2.725 кг,36 мес.,,,62 мм,,,,,,,,
https://www.citilink.ru/product/videokarta-asus-nvidia-geforce-gtx-1650-ph-gtx1650-o4gd6-p-4gb-gddr6-o-1468560/,5,3,"Видеокарта ASUS NVIDIA GeForce GTX 1650 PH-GTX1650-O4GD6-P 4ГБ GDDR6, OC, Ret",18 850₽,,DirectX 12/OpenGL 4.6,,,,1,1.4,1,3,6 pin,,300 Вт,активное,,,retail,178 мм,двухслотовая,128 мм,0.305x0.055x0.217 м,0.938 кг,36 мес.,да,1,36 мм,,,,,,,,
https://www.citilink.ru/product/videokarta-gigabyte-nvidia-geforce-gt-1030-gv-n1030oc-2gi-2gb-gddr5-oc-479391/,4.6,59,"Видеокарта GIGABYTE NVIDIA GeForce GT 1030 GV-N1030OC-2GI 2ГБ GDDR5, OC, Ret",9 210₽,,DirectX 12/OpenGL 4.5,,,,1,2.0b,,2,без дополнительного питания,,300 Вт,активное,,,retail,167.7 мм,однослотовая,111 мм,0.3x0.21x0.05 м,0.535 кг,36 мес.,да,,27 мм,,,,1,,,,
https://www.citilink.ru/product/videokarta-gigabyte-pci-e-4-0-gv-n3050eagle-8gd-nv-rtx3050-8192mb-128-1678646/,5,3,"Видеокарта GIGABYTE NVIDIA GeForce RTX 3050 GV-N3050EAGLE-8GD 8ГБ GDDR6, Ret",28 990,GIGABYTE,DirectX 12 Ultimate/OpenGL 4.6,"NVIDIA DLSS, NVIDIA Reflex, NVIDIA STUDIO, NVIDIA Ray Tracing, NVIDIA G-Sync, NVIDIA Broadcast, NVIDIA Game Ready, NVIDIA Shadow Play, NVIDIA Ansel, NVIDIA Freestyle, NVIDIA NVENC, NVIDIA VR Works, NVIDIA CUDA",есть,есть,2,1.4a,2,4,8 pin,,450 Вт,активное,есть,,retail,213 мм,двухслотовая,120 мм,0.24x0.06x0.34 м,0.889 кг,36 мес.,,,41 мм,,,,,,,,
https://www.citilink.ru/product/videokarta-gigabyte-pci-e-gv-r665xtgaming-oc-8gd-amd-radeon-rx-6650xt-1738844/,4.9,23,"Видеокарта GIGABYTE AMD Radeon RX 6650XT GV-R665XTGAMING OC-8GD 8ГБ GDDR6, OC, Ret",37 500₽,GIGABYTE,DirectX 12 Ultimate/OpenGL 4.6,,есть,,2,1.4a,2,4,8 pin,,500 Вт,активное,есть,,retail,282 мм,двухслотовая,115 мм,0.41x0.24x0.09 м,1.02 кг,36 мес.,да,,,,,,,,,,
https://www.citilink.ru/product/videokarta-msi-pci-e-4-0-rtx-3060-ti-ventus-3x-8g-oc-lhr-nv-rtx3060ti-1551757/,5,3,"Видеокарта MSI NVIDIA GeForce RTX 3060Ti RTX 3060 Ti VENTUS 3X 8G OC LHR 8ГБ GDDR6, OC, LHR, Ret",47 130,MSI,DirectX 12 Ultimate/OpenGL 4.6,,есть,есть,1,1.4a,3,4,8 pin,200 Вт,600 Вт,активное,есть,да,retail,316 мм,двухслотовая,120 мм,0.377x0.266x0.08 м,1.345 кг,36 мес.,да,,42 мм,"Low Hash Rate, необходимость дополнительного питания",,,,,,,
https://www.citilink.ru/product/videokarta-gigabyte-pci-e-4-0-gv-r675xtaorus-e-12gd-amd-rx6750xt-12288-1743757/,4.6,13,"Видеокарта GIGABYTE AMD Radeon RX 6750XT GV-R675XTAORUS E-12GD 12ГБ Aorus Elite, GDDR6, Ret",53 000₽,GIGABYTE,DirectX 12 Ultimate/OpenGL 4.6,,есть,,2,1.4a,2,4,6+8 pin,,650 Вт,активное,есть,,retail,296 мм,трехслотовая,117 мм,0.405x0.09x0.24 м,1.2 кг,36 мес.,,,56 мм,,,,,,,,
https://www.citilink.ru/product/videokarta-palit-pci-e-4-0-pa-rtx4080-gamerock-oc-nv-rtx4080-16384mb-2-1861618/,5,3,"Видеокарта Palit NVIDIA GeForce RTX 4080 PA-RTX4080 GAMEROCK OC 16ГБ GDDR6X, OC, Ret [ned4080s19t2-1030g]",122 540,PALIT,DirectX 12 Ultimate/OpenGL 4.6,"NVIDIA DLSS, NVIDIA Reflex, NVIDIA STUDIO, NVIDIA Ray Tracing, NVIDIA G-Sync, NVIDIA Broadcast, NVIDIA Game Ready, NVIDIA Shadow Play, NVIDIA Ansel, NVIDIA Freestyle, NVIDIA NVENC, NVIDIA VR Works, NVIDIA CUDA",есть,есть,1,1.4a,3,4,16 pin,340 Вт,850 Вт,активное,есть,,retail,329.4 мм,четырехслотовая,137.5 мм,0.464x0.117x0.291 м,2.984 кг,36 мес.,да,,71.5 мм,,,,,,,,
https://www.citilink.ru/product/videokarta-msi-nvidia-geforce-gt-1030-gt-1030-aero-itx-2gd4-oc-2gb-ddr-1063366/,4.3,20,"Видеокарта MSI NVIDIA GeForce GT 1030 GT 1030 AERO ITX 2GD4 OC 2ГБ DDR4, OC, Ret",9 430₽,,DirectX 12/OpenGL 4.5,,,,1,2.0b,,2,без дополнительного питания,20 Вт,300 Вт,активное,,,retail,147 мм,двухслотовая,102 мм,0.24x0.17x0.055 м,0.545 кг,36 мес.,да,,38 мм,,,,1,,,,
https://www.citilink.ru/product/videokarta-gigabyte-pci-e-4-0-gv-n4090gaming-oc-24gd-nv-geforce-rtx-40-1848944/,5,12,"Видеокарта GIGABYTE NVIDIA GeForce RTX 4090 GV-N4090GAMING OC-24GD 24ГБ GDDR6X, OC, Ret",181 200,GIGABYTE,DirectX 12 Ultimate/OpenGL 4.6,"NVIDIA DLSS, NVIDIA Reflex, NVIDIA STUDIO, NVIDIA Ray Tracing, NVIDIA G-Sync, NVIDIA Broadcast, NVIDIA Game Ready, NVIDIA Shadow Play, NVIDIA Ansel, NVIDIA Freestyle, NVIDIA NVENC, NVIDIA VR Works, NVIDIA CUDA",есть,есть,1,1.4,3,4,16 pin,,1000 Вт,активное,есть,,retail,340 мм,четырехслотовая,150.2 мм,0.46x0.12x0.28 м,3.32 кг,36 мес.,да,,75.2 мм,,,,,,,,
https://www.citilink.ru/product/videokarta-msi-nvidia-geforce-gtx-1650-gtx-1650-ventus-xs-4g-oc-4gb-gd-1138361/,4.8,16,"Видеокарта MSI NVIDIA GeForce GTX 1650 GTX 1650 VENTUS XS 4G OC 4ГБ GDDR5, OC, Ret",17 800₽,,DirectX 12/OpenGL 4.5,,,,1,1.4,1,3,без дополнительного питания,75 Вт,300 Вт,активное,,,retail,177 мм,двухслотовая,111 мм,0.31x0.23x0.07 м,0.865 кг,36 мес.,да,1,38 мм,поддержка NVIDIA G-SYNC,,,,,,,
https://www.citilink.ru/product/videokarta-msi-nvidia-geforce-gtx-1050ti-gtx-1050-ti-4gt-ocv1-4gb-gddr-1171639/,4.7,3,"Видеокарта MSI NVIDIA GeForce GTX 1050TI GTX 1050 Ti 4GT OCV1 4ГБ GDDR5, Ret",18 020₽,,DirectX 12/OpenGL 4.5,,,,1,1.4,1,3,без дополнительного питания,75 Вт,300 Вт,активное,есть,,retail,215 мм,двухслотовая,112 мм,0.31x0.23x0.07 м,0.89 кг,36 мес.,,1,38 мм,твердотельные конденсаторы Solid CAP,,,,,,,
https://www.citilink.ru/product/videokarta-gigabyte-pci-e-4-0-gv-ia310wf2-4gd-intel-arc-a380-windforce-1874762/,5,1,"Видеокарта GIGABYTE INTEL ARC A310 GV-IA310WF2-4GD 4ГБ Windforce, GDDR6, Ret",13 610₽,,DirectX 12/OpenGL 4.6,,,,2,,2,,без дополнительного питания,40 Вт,350 Вт,активное,есть,,retail,192 мм,двухслотовая,,0.301x0.215x0.055 м,0.518 кг,36 мес.,,,,,,,,,,,
https://www.citilink.ru/product/videokarta-asus-pci-e-4-0-ph-rtx3060-12g-v2-lhr-nv-rtx3060-12288mb-192-1548320/,4.5,6,"Видеокарта ASUS NVIDIA GeForce RTX 3060 PH-RTX3060-12G-V2 LHR 12ГБ GDDR6, LHR, Ret",33 710,ASUS,DirectX 12/OpenGL 4.6,,есть,есть,1,1.4a,3,4,8 pin,,650 Вт,активное,есть,да,retail,177 мм,трехслотовая,128 мм,0.365x0.215x0.067 м,1.15 кг,36 мес.,,,51 мм,,,,,,,,
https://www.citilink.ru/product/videokarta-asus-pci-e-4-0-dual-rtx3070-o8g-v2-lhr-nv-rtx3070-8192mb-25-1561100/,5,3,"Видеокарта ASUS NVIDIA GeForce RTX 3070 DUAL-RTX3070-O8G-V2 LHR 8ГБ GDDR6, OC, LHR, Ret",54 460,ASUS,DirectX 12 Ultimate/OpenGL 4.6,"NVIDIA DLSS, NVIDIA Reflex, NVIDIA STUDIO, NVIDIA Ray Tracing, NVIDIA G-Sync, NVIDIA Broadcast, NVIDIA Game Ready, NVIDIA Shadow Play, NVIDIA Ansel, NVIDIA Freestyle, NVIDIA NVENC, NVIDIA VR Works, NVIDIA CUDA",есть,есть,2,1.4a,3,4,8+8 pin,,750 Вт,активное,есть,да,retail,267 мм,двухслотовая,135 мм,0.41x0.09x0.23 м,2 кг,36 мес.,да,,52 мм,технология 0dB останавливает работу вентиляторов при температуре процессора ниже 50 С кронштейн выполнен из нержавеющей стали,,,,,,,
https://www.citilink.ru/product/videokarta-gigabyte-pci-e-gv-n1656oc-4gd-nv-gtx1650-4096mb-128b-gddr6-1364924/,4.2,6,"Видеокарта GIGABYTE NVIDIA GeForce GTX 1650 GV-N1656OC-4GD 4ГБ GDDR6, OC, Ret",18 330₽,,DirectX 12/OpenGL 4.6,,,,1,1.4,1,3,6 pin,,300 Вт,активное,,,retail,172 мм,двухслотовая,122 мм,0.29x0.05x0.21 м,0.35 кг,36 мес.,да,1,40 мм,,,,,,,,
https://www.citilink.ru/product/videokarta-gigabyte-pci-e-4-0-gv-n3070eagle-8gd-2-0-lhr-nv-rtx3070-819-1543694/,4.8,4,"Видеокарта GIGABYTE NVIDIA GeForce RTX 3070 GV-N3070EAGLE-8GD 2.0 LHR 8ГБ GDDR6, LHR, Ret",52 790₽,GIGABYTE,DirectX 12 Ultimate/OpenGL 4.6,"NVIDIA DLSS, NVIDIA Reflex, NVIDIA STUDIO, NVIDIA Ray Tracing, NVIDIA G-Sync, NVIDIA Broadcast, NVIDIA Game Ready, NVIDIA Shadow Play, NVIDIA Ansel, NVIDIA Freestyle, NVIDIA NVENC, NVIDIA VR Works, NVIDIA CUDA",есть,есть,2,1.4a,2,4,6+8 pin,,650 Вт,активное,есть,да,retail,282 мм,двухслотовая,115 мм,0.42x0.14x0.31 м,1.5 кг,36 мес.,,,41 мм,,,,,,,,
https://www.citilink.ru/product/videokarta-msi-nvidia-geforce-gtx-1660super-gtx-1660-super-gaming-x-6g-1188210/,4.8,25,"Видеокарта MSI NVIDIA GeForce GTX 1660SUPER GTX 1660 SUPER GAMING X 6ГБ GDDR6, Ret",30 370₽,,DirectX 12/OpenGL 4.5,,,,1,1.4,3,,8 pin,125 Вт,450 Вт,активное,есть,,retail,247 мм,двухслотовая,,0.34x0.09x0.26 м,1.6 кг,36 мес.,,,,,,,,,,,
https://www.citilink.ru/product/videokarta-gigabyte-pci-e-gv-r66eagle-8gd-amd-rx6600-8192mb-128-gddr6-1610423/,5,14,"Видеокарта GIGABYTE AMD Radeon RX 6600 GV-R66EAGLE-8GD 8ГБ GDDR6, Ret",30 370₽,GIGABYTE,DirectX 12 Ultimate/OpenGL 4.6,,есть,,2,1.4a,2,4,8 pin,,500 Вт,активное,есть,,retail,282 мм,двухслотовая,113 мм,0.402x0.09x0.237 м,1.31 кг,36 мес.,,,41 мм,,,,,,,,
https://www.citilink.ru/product/videokarta-msi-pci-e-4-0-rtx-4080-16gb-suprim-x-nv-rtx4080-16384mb-256-1873664/,,,‌,30 370₽,MSI,DirectX 12 Ultimate/OpenGL 4.6,"NVIDIA DLSS, NVIDIA Reflex, NVIDIA STUDIO, NVIDIA Ray Tracing, NVIDIA G-Sync, NVIDIA Broadcast, NVIDIA Game Ready, NVIDIA Shadow Play, NVIDIA Ansel, NVIDIA Freestyle, NVIDIA NVENC, NVIDIA VR Works, NVIDIA CUDA",есть,есть,1,1.4a,3,4,16 pin,320 Вт,850 Вт,активное,есть,,retail,336 мм,четырехслотовая,142 мм,0.43x0.13x0.27 м,2 кг,36 мес.,,,78 мм,,,,,,,,
https://www.citilink.ru/product/videokarta-gigabyte-nvidia-geforce-gtx-1660super-gv-n166sd6-6gd-6gb-gd-1476346/,5,3,"Видеокарта GIGABYTE NVIDIA GeForce GTX 1660SUPER GV-N166SD6-6GD 6ГБ GDDR6, Ret",28 280₽,,DirectX 12/OpenGL 4.6,,,,1,1.4,3,4,8 pin,,450 Вт,активное,есть,,retail,225.65 мм,двухслотовая,122.02 мм,0.35x0.3x0.045 м,0.934 кг,36 мес.,,,40.5 мм,,,,,,,,
https://www.citilink.ru/product/videokarta-palit-pci-e-4-0-pa-rtx3070-gamingpro-oc-8g-v1-nv-rtx3070-81-1535818/,4.9,12,"Видеокарта Palit NVIDIA GeForce RTX 3070 PA-RTX3070 GAMINGPRO OC 8G V1 LHR 8ГБ GDDR6, OC, LHR, Ret [ne63070s19p2-1041a]",58 650₽,PALIT,DirectX 12 Ultimate/OpenGL 4.6,,есть,есть,1,1.4a,3,4,8+8 pin,220 Вт,650 Вт,активное,есть,да,retail,294 мм,трехслотовая,112 мм,0.38x0.22x0.1 м,1.65 кг,36 мес.,да,,60 мм,,,,,,,,
https://www.citilink.ru/product/videokarta-msi-pci-e-4-0-rtx-3060-ti-gaming-x-trio-8gd6x-nv-rtx3060ti-1887882/,5,4,"Видеокарта MSI NVIDIA GeForce RTX 3060Ti RTX 3060 Ti GAMING X TRIO 8GD6X 8ГБ GDDR6X, Ret",55 190,MSI,DirectX 12 Ultimate/OpenGL 4.6,"NVIDIA DLSS, NVIDIA Reflex, NVIDIA STUDIO, NVIDIA Ray Tracing, NVIDIA G-Sync, NVIDIA Broadcast, NVIDIA Game Ready, NVIDIA Shadow Play, NVIDIA Ansel, NVIDIA Freestyle, NVIDIA NVENC, NVIDIA VR Works, NVIDIA CUDA",есть,есть,1,1.4a,3,4,8+8 pin,240 Вт,600 Вт,активное,есть,,retail,323 мм,трехслотовая,,0.41x0.09x0.3 м,2.5 кг,36 мес.,,,,,,,,,,,
https://www.citilink.ru/product/videokarta-asus-nvidia-geforce-gt-1030-ph-gt1030-o2g-2gb-gddr5-ret-479450/,4.8,54,"Видеокарта ASUS NVIDIA GeForce GT 1030 PH-GT1030-O2G 2ГБ GDDR5, Ret",10 060₽,,DirectX 12/OpenGL 4.5,,,,1,2.0b,,2,без дополнительного питания,,300 Вт,активное,,,retail,184 мм,однослотовая,111 мм,0.32x0.07x0.235 м,0.68 кг,36 мес.,,1,36 мм,пыленепроницаемые вентиляторы (сертификация IP5X),,,,,,,
https://www.citilink.ru/product/videokarta-powercolor-pci-e-4-0-axrx-6700xt-12gbd6-3dhl-amd-rx6700xt-1-1501382/,5,2,"Видеокарта PowerColor AMD Radeon RX 6700XT AXRX 6700XT 12GBD6-3DH 12ГБ GDDR6, Ret",48 810,POWERCOLOR,DirectX 12/OpenGL 4.6,,есть,,1,1.4,3,4,6+8 pin,,650 Вт,активное,есть,,retail,228 мм,двухслотовая,109 мм,0.3x0.19x0.07 м,0.813 кг,24 мес.,,,39 мм,,,,,0,отсутствует,,
https://www.citilink.ru/product/videokarta-msi-pci-e-gtx-1650-ventus-xs-4g-ocv1-nv-gtx1650-4096mb-128b-1396449/,Код товара: 1396449,,"Видеокарта MSI NVIDIA GeForce GTX 1650 GTX 1650 VENTUS XS 4G OCV1 4ГБ GDDR5, OC, Ret",18 850₽,,DirectX 12/OpenGL 4.5,,,,1,1.4,1,3,без дополнительного питания,75 Вт,300 Вт,активное,,,retail,177 мм,двухслотовая,111 мм,0.31x0.23x0.07 м,0.83 кг,36 мес.,да,1,38 мм,поддержка NVIDIA G-SYNC,,,,,,,
https://www.citilink.ru/product/videokarta-asus-pci-e-4-0-dual-rtx3060ti-o8g-mini-v2-nv-rtx3060ti-8192-1551105/,4,4,"Видеокарта ASUS NVIDIA GeForce RTX 3060Ti DUAL-RTX3060TI-O8G-MINI-V2 8ГБ GDDR6, OC, LHR, Ret",39 760,ASUS,DirectX 12 Ultimate/OpenGL 4.6,,есть,есть,1,1.4a,3,4,8 pin,,750 Вт,активное,есть,да,retail,200 мм,двухслотовая,123 мм,0.305x0.225x0.055 м,0.99 кг,36 мес.,да,,38 мм,,,,,,,,
https://www.citilink.ru/product/videokarta-gigabyte-pci-e-4-0-gv-n407taero-oc-12gd-nv-rtx4070ti-12288m-1888963/,4.8,12,"Видеокарта GIGABYTE NVIDIA GeForce RTX 4070TI GV-N407TAERO OC-12GD 12ГБ Aero, GDDR6X, OC, Ret",98 450,GIGABYTE,DirectX 12 Ultimate/OpenGL 4.6,"NVIDIA DLSS, NVIDIA Reflex, NVIDIA STUDIO, NVIDIA Ray Tracing, NVIDIA G-Sync, NVIDIA Broadcast, NVIDIA Game Ready, NVIDIA Shadow Play, NVIDIA Ansel, NVIDIA Freestyle, NVIDIA NVENC, NVIDIA VR Works, NVIDIA CUDA",есть,есть,1,1.4,3,4,16 pin,,750 Вт,активное,есть,,retail,336 мм,трехслотовая,140 мм,0.445x0.097x0.24 м,1.76 кг,36 мес.,да,,58 мм,,,,,,,,
https://www.citilink.ru/product/videokarta-sapphire-pci-e-4-0-11310-01-20g-rx-6600-gaming-amd-rx6600xt-1606238/,4,4,"Видеокарта Sapphire AMD Radeon RX 6600 11310-01-20G RX 6600 Gaming 8ГБ GDDR6, Ret",32 050₽,SAPPHIRE,DirectX 12 Ultimate/OpenGL 4.6,,есть,,1,,3,,8 pin,,,активное,есть,,retail,193 мм,двухслотовая,,0.26x0.17x0.06 м,1 кг,12 мес.,,,,,,,,,,,
https://www.citilink.ru/product/videokarta-msi-pci-e-4-0-rx-6750-xt-gaming-x-trio-12g-amd-rx6750xt-122-1744949/,5,4,"Видеокарта MSI AMD Radeon RX 6750XT RX 6750 XT GAMING X TRIO 12G 12ГБ GDDR6, Ret",55 990,MSI,DirectX 12 Ultimate/OpenGL 4.6,,есть,,1,1.4a,3,,8+8 pin,250 Вт,650 Вт,активное,есть,,retail,327 мм,трехслотовая,,0.403x0.09x0.295 м,1.54 кг,36 мес.,,,,,,,,,,,
https://www.citilink.ru/product/videokarta-msi-pci-e-4-0-rtx-3050-aero-itx-8g-oc-nv-rtx3050-8192mb-128-1789319/,5,1,"Видеокарта MSI NVIDIA GeForce RTX 3050 RTX 3050 AERO ITX 8G OC 8ГБ GDDR6, OC, Ret",29 330,MSI,DirectX 12/OpenGL 4.6,"NVIDIA DLSS, NVIDIA Reflex, NVIDIA STUDIO, NVIDIA Ray Tracing, NVIDIA G-Sync, NVIDIA Broadcast, NVIDIA Game Ready, NVIDIA Shadow Play, NVIDIA Ansel, NVIDIA Freestyle, NVIDIA NVENC, NVIDIA VR Works, NVIDIA CUDA",есть,есть,1,1.4,3,4,8 pin,130 Вт,550 Вт,активное,есть,,retail,172 мм,двухслотовая,125 мм,0.31x0.23x0.07 м,0.91 кг,36 мес.,да,,43 мм,,,,,0,,,
https://www.citilink.ru/product/videokarta-palit-pci-e-4-0-pa-rtx4090-gamerock-nv-rtx4090-24576mb-384-1859908/,Код товара: 1859908,,"Видеокарта Palit NVIDIA GeForce RTX 4090 PA-RTX4090 GAMEROCK 24ГБ GDDR6X, Ret [ned4090019sb-1020g]",173 870,,DirectX 12 Ultimate/OpenGL 4.6,"NVIDIA DLSS, NVIDIA Reflex, NVIDIA STUDIO, NVIDIA Ray Tracing, NVIDIA G-Sync, NVIDIA Broadcast, NVIDIA Game Ready, NVIDIA Shadow Play, NVIDIA Ansel, NVIDIA Freestyle, NVIDIA NVENC, NVIDIA VR Works, NVIDIA CUDA",есть,есть,1,1.4a,3,4,16 pin,450 Вт,1000 Вт,активное,есть,,retail,329.4 мм,четырехслотовая,137.5 мм,0.463x0.29x0.115 м,3.02 кг,36 мес.,,,71.5 мм,,,,,,,,
https://www.citilink.ru/product/videokarta-asus-pci-e-4-0-dual-rx6400-4g-amd-rx6400-4096mb-64-gddr6-26-1781222/,5,3,"Видеокарта ASUS AMD Radeon RX 6400 DUAL-RX6400-4G 4ГБ GDDR6, Ret",16 760₽,ASUS,DirectX 12/OpenGL 4.6,,есть,,1,1.4a,1,,без дополнительного питания,,500 Вт,активное,,,retail,201 мм,двухслотовая,,0.32x0.06x0.26 м,1.06 кг,36 мес.,,,,,,,,,,,
https://www.citilink.ru/product/videokarta-palit-pci-e-4-0-pa-rtx4080-gamerock-oc-nv-rtx4080-16384mb-2-1879420/,5,1,"Видеокарта Palit NVIDIA GeForce RTX 4080 PA-RTX4080 GAMINGPRO OC 16ГБ GDDR6X, Ret [ned4080t19t2-1032a]",118 350,PALIT,DirectX 12 Ultimate/OpenGL 4.6,"NVIDIA DLSS, NVIDIA Reflex, NVIDIA STUDIO, NVIDIA Ray Tracing, NVIDIA G-Sync, NVIDIA Broadcast, NVIDIA Game Ready, NVIDIA Shadow Play, NVIDIA Ansel, NVIDIA Freestyle, NVIDIA NVENC, NVIDIA VR Works, NVIDIA CUDA",есть,есть,1,1.4a,3,4,16 pin,320 Вт,850 Вт,активное,есть,,retail,328.9 мм,четырехслотовая,132.9 мм,0.463x0.117x0.291 м,2.62 кг,36 мес.,,,63.4 мм,,,,,,,,
https://www.citilink.ru/product/videokarta-palit-pci-e-4-0-rtx4070ti-gamingpro-oc-nv-rtx4070ti-12288mb-1890333/,Код товара: 1890333,,"Видеокарта Palit NVIDIA GeForce RTX 4070TI RTX4070Ti GAMINGPRO OC 12ГБ GDDR6X, OC, Ret [ned407tt19k9-1043a]",96 360,PALIT,DirectX 12 Ultimate/OpenGL 4.6,"NVIDIA DLSS, NVIDIA Reflex, NVIDIA STUDIO, NVIDIA Ray Tracing, NVIDIA G-Sync, NVIDIA Broadcast, NVIDIA Game Ready, NVIDIA Shadow Play, NVIDIA Ansel, NVIDIA Freestyle, NVIDIA NVENC, NVIDIA VR Works, NVIDIA CUDA",есть,есть,1,1.4a,3,4,16 pin,285 Вт,750 Вт,активное,есть,,retail,328.9 мм,четырехслотовая,,0.46x0.3x0.12 м,2.96 кг,36 мес.,да,,,,,,,,,,
https://www.citilink.ru/product/videokarta-palit-pci-e-4-0-pa-rtx4080-gamerock-nv-rtx4080-16384mb-256-1879427/,Код товара: 1879427,,"Видеокарта Palit NVIDIA GeForce RTX 4080 PA-RTX4080 GAMINGPRO 16ГБ GDDR6X, Ret [ned4080019t2-1032a]",114 170,PALIT,DirectX 12 Ultimate/OpenGL 4.6,"NVIDIA DLSS, NVIDIA Reflex, NVIDIA STUDIO, NVIDIA Ray Tracing, NVIDIA G-Sync, NVIDIA Broadcast, NVIDIA Game Ready, NVIDIA Shadow Play, NVIDIA Ansel, NVIDIA Freestyle, NVIDIA NVENC, NVIDIA VR Works, NVIDIA CUDA",есть,есть,1,1.4a,3,4,16 pin,320 Вт,850 Вт,активное,есть,,retail,328.9 мм,четырехслотовая,132.9 мм,0.463x0.116x0.291 м,2.848 кг,36 мес.,,,63.4 мм,,,,,,,,
https://www.citilink.ru/product/videokarta-gigabyte-pci-e-4-0-gv-n306twf2oc-8gd-nv-rtx3060ti-8192mb-25-1808082/,3.8,4,"Видеокарта GIGABYTE NVIDIA GeForce RTX 3060Ti GV-N306TWF2OC-8GD 8ГБ Windforce, GDDR6, OC, Ret",47 770₽,GIGABYTE,DirectX 12 Ultimate/OpenGL 4.6,"NVIDIA DLSS, NVIDIA Reflex, NVIDIA STUDIO, NVIDIA Ray Tracing, NVIDIA G-Sync, NVIDIA Broadcast, NVIDIA Game Ready, NVIDIA Shadow Play, NVIDIA Ansel, NVIDIA Freestyle, NVIDIA NVENC, NVIDIA VR Works, NVIDIA CUDA",есть,есть,2,1.4a,2,4,8 pin,,600 Вт,активное,есть,,retail,198 мм,двухслотовая,121 мм,0.31x0.06x0.22 м,1.03 кг,36 мес.,да,,39 мм,,,,,,,,
https://www.citilink.ru/product/videokarta-gigabyte-nvidia-geforce-gtx-1660super-gv-n166soc-6gd-6gb-gd-1188412/,4.3,18,"Видеокарта GIGABYTE NVIDIA GeForce GTX 1660SUPER GV-N166SOC-6GD 6ГБ GDDR6, OC, Ret",29 330₽,,DirectX 12/OpenGL 4.6,,,,1,1.4,3,4,8 pin,150 Вт,450 Вт,активное,есть,,retail,226 мм,двухслотовая,122 мм,0.335x0.235x0.06 м,0.94 кг,36 мес.,да,,41 мм,,,,,,,,
https://www.citilink.ru/product/videokarta-palit-pci-e-4-0-rtx4070ti-gamerock-premium-nv-rtx4070ti-122-1890323/,4.7,3,"Видеокарта Palit NVIDIA GeForce RTX 4070TI RTX4070Ti GAMEROCK PREMIUM 12ГБ GDDR6X, Ret [ned407ts19k9-1045g]",98 450,,,,,,,,,,,,,,,,,328.9 мм,четырехслотовая,,0.47x0.13x0.29 м,3.08 кг,36 мес.,,,,,,,,,,,
https://www.citilink.ru/product/videokarta-asus-pci-e-4-0-dual-rtx3060-o8g-white-nv-rtx3060-8192mb-128-1897364/,Код товара: 1897364,,"Видеокарта ASUS NVIDIA GeForce RTX 3060 DUAL-RTX3060-O8G-WHITE 8ГБ GDDR6, OC, Ret",38 550₽,ASUS,DirectX 12/OpenGL 4.6,"NVIDIA DLSS, NVIDIA Reflex, NVIDIA STUDIO, NVIDIA Ray Tracing, NVIDIA G-Sync, NVIDIA Broadcast, NVIDIA Game Ready, NVIDIA Shadow Play, NVIDIA Ansel, NVIDIA Freestyle, NVIDIA NVENC, NVIDIA VR Works, NVIDIA CUDA",есть,есть,1,1.4a,3,,8 pin,,650 Вт,активное,есть,,retail,200 мм,двухслотовая,,0.305x0.22x0.055 м,0.99 кг,36 мес.,да,,,,,,,,,,
https://www.citilink.ru/product/videokarta-asus-nvidia-geforce-gt-730-gt730-sl-2gd5-brk-2gb-gddr5-ret-376520/,4.6,18,"Видеокарта ASUS NVIDIA GeForce GT 730 GT730-SL-2GD5-BRK 2ГБ GDDR5, Ret",9 210₽,,DirectX 11/OpenGL 4.4,,,,1,1.4a,,2,без дополнительного питания,,300 Вт,пассивное,,,retail,165 мм,двухслотовая,69 мм,0.23x0.052x0.163 м,0.54 кг,36 мес.,,1,39 мм,,1,,,,,,
https://www.citilink.ru/product/videokarta-gigabyte-pci-e-4-0-gv-n4080eagle-oc-16gd-nv-rtx4080-16384mb-1874754/,Код товара: 1874754,,"Видеокарта GIGABYTE NVIDIA GeForce RTX 4080 GV-N4080EAGLE OC-16GD 16ГБ Eagle, GDDR6X, OC, Ret",122 540,GIGABYTE,DirectX 12 Ultimate/OpenGL 4.6,"NVIDIA DLSS, NVIDIA Reflex, NVIDIA STUDIO, NVIDIA Ray Tracing, NVIDIA G-Sync, NVIDIA Broadcast, NVIDIA Game Ready, NVIDIA Shadow Play, NVIDIA Ansel, NVIDIA Freestyle, NVIDIA NVENC, NVIDIA VR Works, NVIDIA CUDA",есть,есть,1,1.4a,3,4,16 pin,,850 Вт,активное,есть,,retail,342 мм,четырехслотовая,150 мм,0.463x0.119x0.278 м,3.182 кг,36 мес.,да,,70 мм,,,,,,,,
https://www.citilink.ru/product/videokarta-gigabyte-pci-e-4-0-gv-n4080aero-16gd-nv-rtx4080-16384mb-256-1893318/,5,2,"Видеокарта GIGABYTE NVIDIA GeForce RTX 4080 GV-N4080AERO-16GD 16ГБ Aero, GDDR6X, Ret",135 110,GIGABYTE,DirectX 12 Ultimate/OpenGL 4.6,"NVIDIA DLSS, NVIDIA Reflex, NVIDIA STUDIO, NVIDIA Ray Tracing, NVIDIA G-Sync, NVIDIA Broadcast, NVIDIA Game Ready, NVIDIA Shadow Play, NVIDIA Ansel, NVIDIA Freestyle, NVIDIA NVENC, NVIDIA VR Works, NVIDIA CUDA",есть,есть,1,1.4a,3,4,16 pin,,850 Вт,активное,есть,,retail,342 мм,четырехслотовая,,0.465x0.28x0.12 м,3.312 кг,36 мес.,,,,,,,,,,,
https://www.citilink.ru/product/videokarta-asus-pci-e-4-0-dual-rx6700xt-12g-amd-rx6700xt-12288mb-256-g-1495223/,,,‌,47 130₽,ASUS,DirectX 12 Ultimate/OpenGL 4.6,,есть,,1,1.4a,3,4,6+8 pin,,650 Вт,активное,есть,,retail,295 мм,трехслотовая,139 мм,0.45x0.09x0.235 м,2.78 кг,36 мес.,,,55 мм,,,,,,,,
https://www.citilink.ru/product/videokarta-gigabyte-pci-e-4-0-gv-n407taorus-m-12gd-nv-rtx4070ti-12288m-1888895/,5,7,"Видеокарта GIGABYTE NVIDIA GeForce RTX 4070TI GV-N407TAORUS M-12GD 12ГБ Aorus Master, GDDR6X, Ret",107 880,GIGABYTE,DirectX 12 Ultimate/OpenGL 4.6,"NVIDIA DLSS, NVIDIA Reflex, NVIDIA STUDIO, NVIDIA Ray Tracing, NVIDIA G-Sync, NVIDIA Broadcast, NVIDIA Game Ready, NVIDIA Shadow Play, NVIDIA Ansel, NVIDIA Freestyle, NVIDIA NVENC, NVIDIA VR Works, NVIDIA CUDA",есть,есть,1,1.4a,3,4,16 pin,,750 Вт,активное,есть,,retail,342 мм,четырехслотовая,153 мм,0.46x0.12x0.28 м,1.75 кг,36 мес.,,,70.6 мм,,,,,,,,
https://www.citilink.ru/product/videokarta-palit-pci-e-4-0-pa-rtx4070-jetstream-nv-rtx4070-12288mb-192-1920264/,4.8,4,"Видеокарта Palit NVIDIA GeForce RTX 4070 PA-RTX4070 JETSTREAM 12ГБ GDDR6X, Ret [ned4070019k9-1047j]",68 600,PALIT,DirectX 12 Ultimate/OpenGL 4.6,"NVIDIA DLSS, NVIDIA Reflex, NVIDIA STUDIO, NVIDIA Ray Tracing, NVIDIA G-Sync, NVIDIA Broadcast, NVIDIA Game Ready, NVIDIA Shadow Play, NVIDIA Ansel, NVIDIA Freestyle, NVIDIA NVENC, NVIDIA VR Works, NVIDIA CUDA",есть,есть,1,1.4a,3,4,8 pin,200 Вт,750 Вт,активное,есть,,retail,328.9 мм,четырехслотовая,,0.43x0.105x0.245 м,1.22 кг,36 мес.,,,,"Пропускная способность памяти - 504 ГБ/с, Технология «0 децибел»",,,,,,,
https://www.citilink.ru/product/videokarta-gigabyte-pci-e-gv-n2060d6-12gd-nv-rtx2060-12288mb-192-gddr6-1655690/,4.5,2,"Видеокарта GIGABYTE NVIDIA GeForce RTX 2060 GV-N2060D6-12GD 12ГБ GDDR6, Ret",34 560₽,,DirectX 12/OpenGL 4.6,,,,1,1.4,3,4,8 pin,,550 Вт,активное,есть,,retail,224 мм,двухслотовая,121 мм,0.34x0.06x0.25 м,1.2 кг,36 мес.,,,41 мм,,,,,,,,
https://www.citilink.ru/product/videokarta-gigabyte-pci-e-4-0-gv-r675xtgaming-oc-12gd-amd-radeon-rx-67-1738839/,4.8,6,"Видеокарта GIGABYTE AMD Radeon RX 6750XT GV-R675XTGAMING OC-12GD 12ГБ GDDR6, OC, Ret",52 370₽,GIGABYTE,DirectX 12 Ultimate/OpenGL 4.6,,есть,,2,1.4a,2,,6+8 pin,,650 Вт,активное,есть,,retail,281 мм,двухслотовая,,0.41x0.24x0.09 м,1.49 кг,36 мес.,да,,,,,,,,,,
https://www.citilink.ru/product/videokarta-msi-pci-e-4-0-rtx-4070-ti-suprim-x-12g-nv-rtx4070ti-12288mb-1887889/,Код товара: 1887889,,"Видеокарта MSI NVIDIA GeForce RTX 4070TI RTX 4070 Ti SUPRIM X 12G 12ГБ GDDR6X, Ret [602-v513-08s]",106 310,MSI,DirectX 12 Ultimate/OpenGL 4.6,"NVIDIA DLSS, NVIDIA Reflex, NVIDIA STUDIO, NVIDIA Ray Tracing, NVIDIA G-Sync, NVIDIA Broadcast, NVIDIA Game Ready, NVIDIA Shadow Play, NVIDIA Ansel, NVIDIA Freestyle, NVIDIA NVENC, NVIDIA VR Works, NVIDIA CUDA",есть,есть,1,1.4a,3,4,16 pin,285 Вт,750 Вт,активное,есть,,retail,338 мм,четырехслотовая,142 мм,0.425x0.12x0.27 м,3.6 кг,36 мес.,,,73 мм,,,,,,,,
https://www.citilink.ru/product/videokarta-gigabyte-pci-e-4-0-gv-n4080aero-oc-16gd-nv-rtx4080-16384mb-1874756/,Код товара: 1874756,,"Видеокарта GIGABYTE NVIDIA GeForce RTX 4080 GV-N4080AERO OC-16GD 16ГБ Aero, GDDR6X, OC, Ret",127 360,GIGABYTE,DirectX 12 Ultimate/OpenGL 4.6,"NVIDIA DLSS, NVIDIA Reflex, NVIDIA STUDIO, NVIDIA Ray Tracing, NVIDIA G-Sync, NVIDIA Broadcast, NVIDIA Game Ready, NVIDIA Shadow Play, NVIDIA Ansel, NVIDIA Freestyle, NVIDIA NVENC, NVIDIA VR Works, NVIDIA CUDA",есть,есть,1,1.4a,3,4,16 pin,,850 Вт,активное,есть,,retail,342 мм,четырехслотовая,150 мм,0.465x0.12x0.28 м,3.296 кг,36 мес.,да,,75 мм,,,,,,,,
https://www.citilink.ru/product/videokarta-gigabyte-pci-e-4-0-gv-r67xteagle-12gd-amd-rx6700xt-12288mb-1483028/,4.8,6,"Видеокарта GIGABYTE AMD Radeon RX 6700XT GV-R67XTEAGLE-12GD 12ГБ GDDR6, Ret",46 090₽,GIGABYTE,DirectX 12 Ultimate/OpenGL 4.6,,есть,,2,1.4a,2,4,6+8 pin,,650 Вт,активное,есть,,retail,282 мм,двухслотовая,113 мм,0.41x0.1x0.24 м,1.05 кг,36 мес.,,,40 мм,,,,,,,,
https://www.citilink.ru/product/videokarta-powercolor-pci-e-4-0-axrx-6750xt-12gbd6-3dhe-oc-amd-rx6750x-1800263/,5,2,"Видеокарта PowerColor AMD Radeon RX 6750XT AXRX 6750XT 12GBD6-3DHE/OC 12ГБ Red Devil, GDDR6, OC, Ret",51 320₽,POWERCOLOR,DirectX 12/OpenGL,,есть,,1,1.4,3,,8+8 pin,,700 Вт,активное,есть,,retail,320 мм,двухслотовая,,0.4x0.23x0.12 м,2.16 кг,24 мес.,да,,,,,,,,,,
https://www.citilink.ru/product/videokarta-asus-nvidia-geforce-gtx-1050ti-ph-gtx1050ti-4g-4gb-gddr5-re-407495/,4.8,103,"Видеокарта ASUS NVIDIA GeForce GTX 1050TI PH-GTX1050TI-4G 4ГБ GDDR5, Ret",18 230₽,,DirectX 12/OpenGL 4.5,,,,1,1.4,1,3,без дополнительного питания,,300 Вт,активное,,,retail,192 мм,двухслотовая,111 мм,0.3x0.21x0.06 м,0.75 кг,36 мес.,,1,37 мм,,,,,,,,
https://www.citilink.ru/product/videokarta-gigabyte-pci-e-gv-r64d6-4gl-amd-radeon-rx-6400-4096mb-64-gd-1738827/,5,1,"Видеокарта GIGABYTE AMD Radeon RX 6400 GV-R64D6-4GL 4ГБ GDDR6, Low Profile, Ret",15 500₽,,DirectX 12 Ultimate/OpenGL 4.6,,,,1,1.4a,1,,без дополнительного питания,,350 Вт,активное,,,retail,182 мм,двухслотовая,,0.3x0.21x0.05 м,1 кг,36 мес.,,,,,,да,,,,,
https://www.citilink.ru/product/videokarta-asus-pci-e-4-0-tuf-rx6500xt-o4g-gaming-amd-rx6500xt-4096mb-1681331/,4.5,6,"Видеокарта ASUS AMD Radeon RX 6500XT TUF-RX6500XT-O4G-GAMING 4ГБ GDDR6, OC, Ret",20 640₽,ASUS,DirectX 12 Ultimate/OpenGL 4.6,,есть,,1,1.4a,1,2,6 pin,,500 Вт,активное,есть,,retail,250 мм,трехслотовая,147 мм,0.41x0.09x0.23 м,2.5 кг,36 мес.,да,,54 мм,,,,,,,,
https://www.citilink.ru/product/videokarta-palit-pci-e-4-0-rtx4060ti-dual-oc-nv-geforce-rtx-4060ti-819-1925043/,Код товара: 1925043,,"Видеокарта Palit NVIDIA GeForce RTX 4060TI RTX4060TI DUAL OC 8ГБ GDDR6, OC, Ret [ne6406tt19p1-1060d]",47 130₽,PALIT,DirectX 12 Ultimate/OpenGL 4.6,"NVIDIA DLSS, NVIDIA Reflex, NVIDIA STUDIO, NVIDIA Ray Tracing, NVIDIA G-Sync, NVIDIA Broadcast, NVIDIA Game Ready, NVIDIA Shadow Play, NVIDIA Ansel, NVIDIA Freestyle, NVIDIA NVENC, NVIDIA VR Works, NVIDIA CUDA",есть,есть,1,1.4a,3,4,8 pin,160 Вт,650 Вт,активное,есть,,retail,249.9 мм,двухслотовая,,0.345x0.22x0.07 м,1.1 кг,36 мес.,да,,40.1 мм,,,,,,,,
https://www.citilink.ru/product/videokarta-palit-nvidia-geforce-gt-1030-pa-gt1030-2gd4-2gb-ddr4-low-pr-1054296/,3.8,6,"Видеокарта Palit NVIDIA GeForce GT 1030 PA-GT1030 2GD4 2ГБ DDR4, Low Profile, Ret [nec103000646-1082f]",7 330₽,,DirectX 12/OpenGL 4.5,,,,1,2.0b,,2,без дополнительного питания,20 Вт,300 Вт,активное,,,retail,135 мм,однослотовая,69 мм,0.23x0.05x0.14 м,0.256 кг,36 мес.,,1,20 мм,Диск с драйверами в комплектацию не входит,,да,,,,,
https://www.citilink.ru/product/videokarta-asus-nvidia-geforce-gt-1030-gt1030-2g-brk-2gb-gddr5-low-pro-480777/,4.6,14,"Видеокарта ASUS NVIDIA GeForce GT 1030 GT1030-2G-BRK 2ГБ GDDR5, Low Profile, Ret",10 370₽,,DirectX 12/OpenGL 4.5,,,,1,1.4,1,3,без дополнительного питания,30 Вт,300 Вт,активное,,,retail,169 мм,однослотовая,69 мм,0.23x0.16x0.05 м,0.53 кг,36 мес.,,,21 мм,,,да,,,,,
https://www.citilink.ru/product/videokarta-gigabyte-pci-e-gv-r64eagle-4gd-amd-rx6400-4096mb-64-gddr6-2-1743177/,4.3,4,"Видеокарта GIGABYTE AMD Radeon RX 6400 GV-R64EAGLE-4GD 4ГБ Eagle, GDDR6, Ret",18 850₽,,DirectX 12 Ultimate/OpenGL 4.6,,есть,,1,1.4,1,2,без дополнительного питания,,350 Вт,активное,есть,,retail,192 мм,двухслотовая,117 мм,0.3x0.41x0.05 м,0.985 кг,36 мес.,,,38 мм,,,,,,,,
https://www.citilink.ru/product/videokarta-gigabyte-pci-e-4-0-gv-n4090gaming-24gd-nv-rtx4090-24576mb-3-1893334/,5,2,"Видеокарта GIGABYTE NVIDIA GeForce RTX 4090 GV-N4090GAMING-24GD 24ГБ GDDR6X, Ret",187 490,GIGABYTE,DirectX 12 Ultimate/OpenGL 4.6,"NVIDIA DLSS, NVIDIA Reflex, NVIDIA STUDIO, NVIDIA Ray Tracing, NVIDIA G-Sync, NVIDIA Broadcast, NVIDIA Game Ready, NVIDIA Shadow Play, NVIDIA Ansel, NVIDIA Freestyle, NVIDIA NVENC, NVIDIA VR Works, NVIDIA CUDA",есть,есть,1,1.4,3,4,16 pin,,1000 Вт,активное,есть,,retail,340 мм,четырехслотовая,,0.46x0.28x0.12 м,3.356 кг,36 мес.,,,,,,,,,,,
https://www.citilink.ru/product/videokarta-msi-nvidia-geforce-gtx-1050ti-geforce-gtx-1050-ti-4gt-lp-4g-410627/,4.4,19,"Видеокарта MSI NVIDIA GeForce GTX 1050TI GeForce GTX 1050 Ti 4GT LP 4ГБ GDDR5, Low Profile, Ret",18 120₽,,DirectX 12/OpenGL 4.5,,,,1,1.4,1,3,без дополнительного питания,75 Вт,300 Вт,активное,,,retail,182 мм,двухслотовая,69 мм,0.24x0.167x0.052 м,0.555 кг,36 мес.,,1,35 мм,,,да,,,,,
https://www.citilink.ru/product/videokarta-gigabyte-nvidia-geforce-gt-1030-gv-n1030sl-2gl-2gb-gddr5-lo-479390/,4.9,14,"Видеокарта GIGABYTE NVIDIA GeForce GT 1030 GV-N1030SL-2GL 2ГБ GDDR5, Low Profile, Ret",9 430₽,,DirectX 12/OpenGL 4.5,,,,1,2.0b,,2,без дополнительного питания,,300 Вт,пассивное,,,retail,175 мм,однослотовая,69 мм,0.3x0.215x0.055 м,0.625 кг,36 мес.,,,36 мм,,,да,1,,в комплекте,,
https://www.citilink.ru/product/videokarta-asus-pci-e-4-0-dual-rx6650xt-o8g-amd-rx6650xt-8192mb-128-gd-1781223/,4.8,9,"Видеокарта ASUS AMD Radeon RX 6650XT DUAL-RX6650XT-O8G 8ГБ GDDR6, OC, Ret",36 240₽,ASUS,DirectX 12/OpenGL 4.6,,есть,,1,1.4a,3,,8 pin,,650 Вт,активное,есть,,retail,243 мм,трехслотовая,,0.365x0.217x0.066 м,0.76 кг,36 мес.,да,,,,,,,,,,
https://www.citilink.ru/product/videokarta-asus-pci-e-4-0-dual-rtx3060ti-8g-mini-v2-nv-rtx3060ti-8192m-1601561/,Код товара: 1601561,,"Видеокарта ASUS NVIDIA GeForce RTX 3060Ti DUAL-RTX3060TI-8G-MINI-V2 8ГБ GDDR6, LHR, Ret",41 490,,DirectX 12/OpenGL 4.6,,,,1,1.4a,3,,8 pin,,750 Вт,активное,есть,да,retail,200 мм,трехслотовая,,0.3x0.22x0.06 м,1.06 кг,36 мес.,,,,,,,,,,,
https://www.citilink.ru/product/videokarta-msi-pci-e-4-0-rtx-4070-ti-ventus-3x-12g-oc-nv-rtx4070ti-122-1887886/,Код товара: 1887886,,"Видеокарта MSI NVIDIA GeForce RTX 4070TI RTX 4070 Ti VENTUS 3X 12G OC 12ГБ GDDR6X, OC, Ret [602-v513-04s]",92 170,MSI,DirectX 12 Ultimate/OpenGL 4.6,"NVIDIA DLSS, NVIDIA Reflex, NVIDIA STUDIO, NVIDIA Ray Tracing, NVIDIA G-Sync, NVIDIA Broadcast, NVIDIA Game Ready, NVIDIA Shadow Play, NVIDIA Ansel, NVIDIA Freestyle, NVIDIA NVENC, NVIDIA VR Works, NVIDIA CUDA",есть,есть,1,1.4a,3,4,16 pin,285 Вт,700 Вт,активное,есть,,retail,308 мм,трехслотовая,123 мм,0.41x0.095x0.255 м,1.725 кг,36 мес.,да,,52 мм,,,,,,,,
https://www.citilink.ru/product/videokarta-gigabyte-nvidia-geforce-gt-710-gv-n710d3-2gl-2gb-ddr3-low-p-353693/,,,‌,92 170,,DirectX 12/OpenGL 4.5,,,,1,1.4a,,3,без дополнительного питания,,300 Вт,активное,,,retail,144 мм,однослотовая,68 мм,0.225x0.153x0.033 м,0.32 кг,36 мес.,,1,21 мм,,1,да,,,в комплекте,,
https://www.citilink.ru/product/videokarta-msi-pci-e-4-0-rtx-3060-ti-aero-itx-8g-oc-lhr-nv-rtx3060ti-8-1783110/,Код товара: 1783110,,"Видеокарта MSI NVIDIA GeForce RTX 3060Ti RTX 3060 Ti AERO ITX 8G OC LHR 8ГБ GDDR6, OC, LHR, Ret",43 570,MSI,DirectX 12 Ultimate/OpenGL 4.6,"NVIDIA DLSS, NVIDIA Reflex, NVIDIA STUDIO, NVIDIA Ray Tracing, NVIDIA G-Sync, NVIDIA Broadcast, NVIDIA Game Ready, NVIDIA Shadow Play, NVIDIA Ansel, NVIDIA Freestyle, NVIDIA NVENC, NVIDIA VR Works, NVIDIA CUDA",есть,есть,1,1.4a,3,,8 pin,200 Вт,600 Вт,активное,есть,да,retail,172 мм,двухслотовая,,0.31x0.22x0.07 м,1 кг,6 мес.,да,,,,,,,,,,
https://www.citilink.ru/product/videokarta-asus-nvidia-geforce-gtx-1650-dual-gtx1650-o4g-4gb-gddr5-oc-1140542/,5,7,"Видеокарта ASUS NVIDIA GeForce GTX 1650 DUAL-GTX1650-O4G 4ГБ GDDR5, OC, Ret",19 900₽,,,,,,,,,,,,,,,,,204 мм,двухслотовая,115 мм,0.301x0.055x0.217 м,0.74 кг,36 мес.,,,37 мм,,,,,,,,
https://www.citilink.ru/product/videokarta-msi-nvidia-geforce-gtx-1650-gtx-1650-ventus-xs-4g-4gb-gddr5-1164807/,4.7,3,"Видеокарта MSI NVIDIA GeForce GTX 1650 GTX 1650 VENTUS XS 4G 4ГБ GDDR5, Ret",20 530₽,,DirectX 12/OpenGL 4.5,,,,1,1.4,1,3,без дополнительного питания,75 Вт,300 Вт,активное,есть,,retail,177 мм,двухслотовая,111 мм,0.31x0.23x0.07 м,0.83 кг,36 мес.,,1,38 мм,,,,,,,,
https://www.citilink.ru/product/videokarta-palit-pci-e-4-0-rtx4070-dual-oc-nv-geforce-rtx-4070-12288mb-1911991/,5,2,"Видеокарта Palit NVIDIA GeForce RTX 4070 RTX4070 DUAL OC 12ГБ GDDR6X, OC, Ret [ned4070s19k9-1047d]",68 080,,,,,,,,,,,,,,,,,,,,,,,,,,,,,,,,,
https://www.citilink.ru/product/videokarta-palit-pci-e-pa-gt1030-2gd4-nv-gt1030-2048mb-64-ddr4-1151-21-1499244/,5,1,"Видеокарта Palit NVIDIA GeForce GT 1030 PA-GT1030 2GD4 2ГБ DDR4, Low Profile, Bulk [nec103000646-1082f bulk]",8 700₽,,DirectX 12/OpenGL 4.5,,,,1,2.0b,,2,без дополнительного питания,20 Вт,300 Вт,активное,,,Bulk,135 мм,однослотовая,69 мм,0.16x0.16x0.03 м,0.228 кг,36 мес.,,1,20 мм,Диск с драйверами в комплектацию не входит,,да,,,,,
https://www.citilink.ru/product/videokarta-asus-nvidia-geforce-gtx-1050ti-cerberus-gtx1050ti-a4g-4gb-g-1029250/,4.8,35,"Видеокарта ASUS NVIDIA GeForce GTX 1050TI CERBERUS-GTX1050TI-A4G 4ГБ GDDR5, Ret",19 790₽,,DirectX 12/OpenGL 4.5,,,,1,1.4,1,3,без дополнительного питания,,300 Вт,активное,,,retail,203 мм,двухслотовая,115 мм,0.305x0.223x0.055 м,0.86 кг,36 мес.,,1,38 мм,,,,,,,,
https://www.citilink.ru/product/videokarta-asus-pci-e-ph-gtx1650-o4gd6-p-v2-nv-gtx1650-4096mb-128-gddr-1885907/,Код товара: 1885907,,"Видеокарта ASUS NVIDIA GeForce GTX 1650 PH-GTX1650-O4GD6-P-V2 4ГБ GDDR6, OC, Ret",18 430₽,,DirectX 12/OpenGL 4.6,,,,1,1.4a,1,3,6 pin,,300 Вт,активное,,,retail,174 мм,двухслотовая,126 мм,0.303x0.22x0.055 м,0.955 кг,36 мес.,да,1,39 мм,,,,,,,,
https://www.citilink.ru/product/videokarta-asus-pci-e-4-0-dual-rx6700xt-o12g-amd-rx6700xt-12288mb-192-1646224/,4.5,2,"Видеокарта ASUS AMD Radeon RX 6700XT DUAL-RX6700XT-O12G 12ГБ GDDR6, OC, Ret",47 130₽,ASUS,DirectX 12 Ultimate/OpenGL 4.6,,есть,,1,1.4a,3,4,6+8 pin,,650 Вт,активное,есть,,retail,295 мм,двухслотовая,139 мм,0.42x0.25x0.09 м,2.206 кг,36 мес.,да,,55 мм,,,,,,,,
https://www.citilink.ru/product/videokarta-gigabyte-pci-e-4-0-gv-n407tgaming-12gd-nv-rtx4070ti-12288mb-1901055/,5,3,"Видеокарта GIGABYTE NVIDIA GeForce RTX 4070TI GV-N407TGAMING-12GD 12ГБ GDDR6X, Ret",95 310,GIGABYTE,DirectX 12 Ultimate/OpenGL 4.6,"NVIDIA DLSS, NVIDIA Reflex, NVIDIA STUDIO, NVIDIA Ray Tracing, NVIDIA G-Sync, NVIDIA Broadcast, NVIDIA Game Ready, NVIDIA Shadow Play, NVIDIA Ansel, NVIDIA Freestyle, NVIDIA NVENC, NVIDIA VR Works, NVIDIA CUDA",есть,есть,1,1.4,3,4,16 pin,,750 Вт,активное,есть,,retail,336 мм,трехслотовая,,0.445x0.096x0.235 м,2.482 кг,36 мес.,,,,,,,,,,,
https://www.citilink.ru/product/videokarta-powercolor-pci-e-4-0-axrx-6500xt-4gbd6-dh-oc-amd-rx6500xt-4-1769881/,4,2,"Видеокарта PowerColor AMD Radeon RX 6500XT AXRX 6500XT 4GBD6-DH/OC 4ГБ GDDR6, OC, Ret",18 850₽,POWERCOLOR,DirectX 12 Ultimate/OpenGL 4.6,,есть,,1,1.4,1,,6 pin,,400 Вт,активное,есть,,retail,191 мм,двухслотовая,,0.29x0.19x0.07 м,0.613 кг,12 мес.,да,,,,,,,,,,
https://www.citilink.ru/product/videokarta-msi-pci-e-4-0-rx-6700-xt-mech-2x-12g-amd-rx6700xt-12288mb-1-1534208/,5,3,"Видеокарта MSI AMD Radeon RX 6700XT RX 6700 XT MECH 2X 12G 12ГБ GDDR6, Ret",58 650₽,MSI,DirectX 12 Ultimate/OpenGL 4.6,,есть,,1,1.4,3,4,8+8 pin,,650 Вт,активное,есть,,retail,247 мм,двухслотовая,131 мм,0.34x0.26x0.08 м,1.52 кг,36 мес.,,,51 мм,,,,,,,,
https://www.citilink.ru/product/videokarta-gigabyte-pci-e-4-0-gv-n306txeagle-oc-8gd-nv-rtx3060ti-8192m-1901051/,,,‌,58 650₽,GIGABYTE,DirectX 12 Ultimate/OpenGL 4.6,"NVIDIA DLSS, NVIDIA Reflex, NVIDIA STUDIO, NVIDIA Ray Tracing, NVIDIA G-Sync, NVIDIA Broadcast, NVIDIA Game Ready, NVIDIA Shadow Play, NVIDIA Ansel, NVIDIA Freestyle, NVIDIA NVENC, NVIDIA VR Works, NVIDIA CUDA",есть,есть,2,1.4a,2,4,8+8 pin,,750 Вт,активное,есть,,retail,282 мм,двухслотовая,,0.365x0.187x0.08 м,1.287 кг,36 мес.,да,,,,,,,,,,
https://www.citilink.ru/product/videokarta-gigabyte-pci-e-gv-n1656d6-4gd-nv-gtx1650-4096mb-128b-gddr6-1399821/,5,2,"Видеокарта GIGABYTE NVIDIA GeForce GTX 1650 GV-N1656D6-4GD 4ГБ GDDR6, Ret",18 430₽,,DirectX 12/OpenGL 4.6,,,,1,1.4,1,3,6 pin,,300 Вт,активное,,,retail,172 мм,двухслотовая,116 мм,0.3x0.05x0.21 м,0.577 кг,36 мес.,,1,36 мм,,,,,,,,
https://www.citilink.ru/product/videokarta-msi-pci-e-4-0-rtx-4060-ti-ventus-3x-8g-oc-nv-rtx4060ti-8192-1930553/,Код товара: 1930553,,"Видеокарта MSI NVIDIA GeForce RTX 4060TI RTX 4060 Ti VENTUS 3X 8G OC 8ГБ Ventus 3X, GDDR6, OC, Ret [602-v515-10s]",48 180₽,,,,,,,,,,,,,,,,,,,,,,,,,,,,,,,,,
https://www.citilink.ru/product/videokarta-asus-nvidia-geforce-gt-1030-gt1030-sl-2g-brk-2gb-gddr5-low-1027966/,4.6,17,"Видеокарта ASUS NVIDIA GeForce GT 1030 GT1030-SL-2G-BRK 2ГБ GDDR5, Low Profile, Ret",9 530₽,,,,,,,,,,,,,,,,,,,,,,,,,,,,,,,,,
https://www.citilink.ru/product/videokarta-asus-pci-e-tuf-gtx1650-o4gd6-p-v2-gaming-nv-gtx1650-4096mb-1897360/,Код товара: 1897360,,"Видеокарта ASUS NVIDIA GeForce GTX 1650 TUF-GTX1650-O4GD6-P-V2-GAMING 4ГБ GDDR6, OC, Ret",19 900₽,ASUS,,,,,1,1.4a,1,3,6 pin,,300 Вт,активное,есть,,retail,205 мм,трехслотовая,,0.364x0.217x0.067 м,1.218 кг,36 мес.,да,1,,,,,,,,,
https://www.citilink.ru/product/videokarta-gigabyte-pci-e-4-0-gv-n406taero-oc-8gd-nv-rtx4060ti-8192mb-1930104/,Код товара: 1930104,,"Видеокарта GIGABYTE NVIDIA GeForce RTX 4060TI GV-N406TAERO OC-8GD 8ГБ Aero, GDDR6, OC, Ret",48 180,GIGABYTE,DirectX 12 Ultimate/OpenGL 4.6,"NVIDIA DLSS, NVIDIA Reflex, NVIDIA STUDIO, NVIDIA Ray Tracing, NVIDIA G-Sync, NVIDIA Broadcast, NVIDIA Game Ready, NVIDIA Shadow Play, NVIDIA Ansel, NVIDIA Freestyle, NVIDIA NVENC, NVIDIA VR Works, NVIDIA CUDA",есть,есть,2,1.4a,2,4,8 pin,,500 Вт,активное,есть,,retail,281 мм,двухслотовая,,0.31x0.09x0.08 м,1.369 кг,36 мес.,да,,50 мм,,,,,,,,
https://www.citilink.ru/product/videokarta-gigabyte-pci-e-4-0-gv-n4070wf3-12gd-nv-rtx4070-12288mb-192-1932695/,Код товара: 1932695,,"Видеокарта GIGABYTE NVIDIA GeForce RTX 4070 GV-N4070WF3-12GD 12ГБ Windforce, GDDR6X, Ret",67 670₽,,,,,,,,,,,,,,,,,,,,,,,,,,,,,,,,,
https://www.citilink.ru/product/videokarta-gigabyte-pci-e-4-0-gv-n406teagle-oc-8gd-nv-rtx4060ti-8192mb-1929913/,Код товара: 1929913,,"Видеокарта GIGABYTE NVIDIA GeForce RTX 4060TI GV-N406TEAGLE OC-8GD 8ГБ Eagle, GDDR6, OC, Ret",47 770₽,GIGABYTE,DirectX 12 Ultimate/OpenGL 4.6,"NVIDIA DLSS, NVIDIA Reflex, NVIDIA STUDIO, NVIDIA Ray Tracing, NVIDIA G-Sync, NVIDIA Broadcast, NVIDIA Game Ready, NVIDIA Shadow Play, NVIDIA Ansel, NVIDIA Freestyle, NVIDIA NVENC, NVIDIA VR Works, NVIDIA CUDA",есть,есть,2,1.4a,2,4,8 pin,,500 Вт,активное,есть,,retail,272 мм,двухслотовая,,0.37x0.19x0.08 м,1.26 кг,36 мес.,да,,41 мм,,,,,,,,
https://www.citilink.ru/product/videokarta-palit-pci-e-4-0-pa-rtx3070-jetstream-8g-v1-lhr-nv-rtx3070-8-1542016/,4.8,16,"Видеокарта Palit NVIDIA GeForce RTX 3070 PA-RTX3070 JETSTREAM 8G V1 LHR 8ГБ GDDR6, LHR, Ret [ne63070019p2-1040j]",63 900₽,,DirectX 12 Ultimate/OpenGL 4.6,,есть,есть,1,1.4a,3,4,8+8 pin,250 Вт,650 Вт,активное,есть,да,retail,304 мм,трехслотовая,136 мм,0.375x0.1x0.215 м,1.4 кг,36 мес.,,,60 мм,,,,,,,,
https://www.citilink.ru/product/videokarta-gigabyte-pci-e-4-0-gv-n407taorus-e-12gd-nv-rtx4070ti-12288m-1888962/,Код товара: 1888962,,"Видеокарта GIGABYTE NVIDIA GeForce RTX 4070TI GV-N407TAORUS E-12GD 12ГБ GDDR6X, Ret",99 500,GIGABYTE,DirectX 12 Ultimate/OpenGL 4.6,"NVIDIA DLSS, NVIDIA Reflex, NVIDIA STUDIO, NVIDIA Ray Tracing, NVIDIA G-Sync, NVIDIA Broadcast, NVIDIA Game Ready, NVIDIA Shadow Play, NVIDIA Ansel, NVIDIA Freestyle, NVIDIA NVENC, NVIDIA VR Works, NVIDIA CUDA",есть,есть,1,1.4a,3,4,16 pin,,750 Вт,активное,есть,,retail,342 мм,трехслотовая,153 мм,0.465x0.28x0.117 м,1.76 кг,36 мес.,,,70.6 мм,,,,,,,,
https://www.citilink.ru/product/videokarta-msi-pci-e-4-0-rtx-4070-gaming-x-trio-12g-nv-rtx4070-12288mb-1922696/,Код товара: 1922696,,"Видеокарта MSI NVIDIA GeForce RTX 4070 RTX 4070 GAMING X TRIO 12G 12ГБ GDDR6X, Ret",78 550,MSI,DirectX 12 Ultimate/OpenGL 4.6,"NVIDIA DLSS, NVIDIA Reflex, NVIDIA STUDIO, NVIDIA Ray Tracing, NVIDIA G-Sync, NVIDIA Broadcast, NVIDIA Game Ready, NVIDIA Shadow Play, NVIDIA Ansel, NVIDIA Freestyle, NVIDIA NVENC, NVIDIA VR Works, NVIDIA CUDA",есть,есть,1,1.4a,3,4,16 pin,215 Вт,650 Вт,активное,есть,,retail,338 мм,трехслотовая,,0.417x0.108x0.282 м,2.74 кг,36 мес.,,,,,,,,,,,
https://www.citilink.ru/product/videokarta-asus-pci-e-dual-rx560-4g-amd-rx560-4096mb-128-gddr5-1149-60-1806661/,3,1,"Видеокарта ASUS AMD Radeon RX 560 DUAL-RX560-4G 4ГБ GDDR5, Ret",15 710₽,,DirectX 12/OpenGL 4.5,,,,1,1.4,2,,8 pin,,450 Вт,активное,есть,,retail,242 мм,двухслотовая,,0.38x0.07x0.22 м,0.888 кг,36 мес.,,,,,,,,,,,
https://www.citilink.ru/product/videokarta-asus-nvidia-geforce-gtx-1650-dual-gtx1650-4g-4gb-gddr5-ret-1156564/,5,2,"Видеокарта ASUS NVIDIA GeForce GTX 1650 DUAL-GTX1650-4G 4ГБ GDDR5, Ret",19 900₽,,DirectX 12/OpenGL 4.5,,,,1,1.4,1,3,без дополнительного питания,,300 Вт,активное,,,retail,204 мм,двухслотовая,115 мм,0.303x0.055x0.217 м,0.76 кг,36 мес.,,1,37 мм,,,,,,,,
https://www.citilink.ru/product/videokarta-powercolor-pci-e-4-0-axrx-6700-10gbd6-3dh-oc-amd-radeon-rx-1800262/,,,‌,19 900₽,POWERCOLOR,DirectX 12/OpenGL,,есть,,1,1.4,3,4,6+8 pin,,650 Вт,активное,есть,,retail,228 мм,двухслотовая,109 мм,0.29x0.19x0.07 м,1.1 кг,24 мес.,да,,32 мм,Технология AMD Eyefinity/Потоковая технология AMD,,,,,,CrossFireX,
https://www.citilink.ru/product/videokarta-msi-pci-e-4-0-rtx-4070-ti-gaming-trio-12g-nv-rtx4070ti-1228-1922682/,Код товара: 1922682,,"Видеокарта MSI NVIDIA GeForce RTX 4070TI RTX 4070 Ti GAMING TRIO 12G 12ГБ GDDR6X, Ret",96 360,MSI,DirectX 12 Ultimate/OpenGL 4.6,"NVIDIA DLSS, NVIDIA Reflex, NVIDIA STUDIO, NVIDIA Ray Tracing, NVIDIA G-Sync, NVIDIA Broadcast, NVIDIA Game Ready, NVIDIA Shadow Play, NVIDIA Ansel, NVIDIA Freestyle, NVIDIA NVENC, NVIDIA VR Works, NVIDIA CUDA",есть,есть,1,1.4a,3,4,16 pin,285 Вт,700 Вт,активное,есть,,retail,337 мм,четырехслотовая,,0.417x0.113x0.283 м,2.74 кг,36 мес.,,,,,,,,,,,
https://www.citilink.ru/product/videokarta-asus-pci-e-4-0-dual-rtx4070-o12g-nv-rtx4070-12288mb-192-gdd-1918388/,5,1,"Видеокарта ASUS NVIDIA GeForce RTX 4070 DUAL-RTX4070-O12G 12ГБ GDDR6X, OC, Ret",72 270,ASUS,DirectX 12 Ultimate/OpenGL 4.6,"NVIDIA DLSS, NVIDIA Reflex, NVIDIA STUDIO, NVIDIA Ray Tracing, NVIDIA G-Sync, NVIDIA Broadcast, NVIDIA Game Ready, NVIDIA Shadow Play, NVIDIA Ansel, NVIDIA Freestyle, NVIDIA NVENC, NVIDIA VR Works, NVIDIA CUDA",есть,есть,1,1.4a,3,4,8 pin,,650 Вт,активное,есть,,retail,267.01 мм,трехслотовая,,0.405x0.235x0.09 м,1.9 кг,36 мес.,да,,,,,,,,,,
https://www.citilink.ru/product/videokarta-msi-pci-e-4-0-rx-6650-xt-gaming-x-8g-amd-rx6650xt-8192mb-12-1859709/,5,1,"Видеокарта MSI AMD Radeon RX 6650XT RX 6650 XT GAMING X 8G 8ГБ GDDR6, Ret",41 900₽,MSI,DirectX 12 Ultimate/OpenGL 4.6,,есть,,1,1.4a,3,4,8 pin,175 Вт,500 Вт,активное,есть,,retail,278 мм,трехслотовая,130 мм,0.38x0.08x0.27 м,1.67 кг,36 мес.,,,51 мм,,,,,,,,
https://www.citilink.ru/product/videokarta-asus-pci-e-4-0-dual-rtx4070-o12g-white-nv-rtx4070-12288mb-1-1929454/,Код товара: 1929454,,"Видеокарта ASUS NVIDIA GeForce RTX 4070 DUAL-RTX4070-O12G-WHITE 12ГБ Dual, GDDR6X, OC, Ret",72 270,ASUS,DirectX 12 Ultimate/OpenGL 4.6,"NVIDIA DLSS, NVIDIA Reflex, NVIDIA STUDIO, NVIDIA Ray Tracing, NVIDIA G-Sync, NVIDIA Broadcast, NVIDIA Game Ready, NVIDIA Shadow Play, NVIDIA Ansel, NVIDIA Freestyle, NVIDIA NVENC, NVIDIA VR Works, NVIDIA CUDA",есть,есть,1,,3,4,8 pin,,650 Вт,активное (радиатор и два вентилятора),есть,,retail,267.01 мм,трехслотовая,,0.405x0.235x0.09 м,1.778 кг,36 мес.,да,,51.13 мм,,,,,,,,
https://www.citilink.ru/product/videokarta-gigabyte-pci-e-4-0-gv-n4080aorusx-w-16gd-nv-rtx4080-16384mb-1888162/,4.5,2,"Видеокарта GIGABYTE NVIDIA GeForce RTX 4080 GV-N4080AORUSX W-16GD 16ГБ Aorus Xtreme Waterforce, GDDR6X, Ret",140 350,GIGABYTE,DirectX 12 Ultimate/OpenGL 4.6,"NVIDIA DLSS, NVIDIA Reflex, NVIDIA STUDIO, NVIDIA Ray Tracing, NVIDIA G-Sync, NVIDIA Broadcast, NVIDIA Game Ready, NVIDIA Shadow Play, NVIDIA Ansel, NVIDIA Freestyle, NVIDIA NVENC, NVIDIA VR Works, NVIDIA CUDA",есть,есть,1,1.4a,3,4,16 pin,,850 Вт,водяное охлаждение (водоблок),,,retail,236 мм,двухслотовая,146 мм,0.444x0.165x0.274 м,4.558 кг,36 мес.,,,40 мм,,,,,,,,
https://www.citilink.ru/product/videokarta-gigabyte-pci-e-4-0-gv-n3060wf2oc-12gd-2-0-nv-rtx3060-12288m-1913446/,Код товара: 1913446,,"Видеокарта GIGABYTE NVIDIA GeForce RTX 3060 GV-N3060WF2OC-12GD 2.0 12ГБ Windforce, GDDR6, OC, Ret",36 450₽,GIGABYTE,DirectX 12 Ultimate/OpenGL 4.6,"NVIDIA DLSS, NVIDIA Reflex, NVIDIA STUDIO, NVIDIA Ray Tracing, NVIDIA G-Sync, NVIDIA Broadcast, NVIDIA Game Ready, NVIDIA Shadow Play, NVIDIA Ansel, NVIDIA Freestyle, NVIDIA NVENC, NVIDIA VR Works, NVIDIA CUDA",есть,есть,2,1.4a,2,4,8 pin,,550 Вт,активное,есть,,retail,198 мм,двухслотовая,121 мм,0.3x0.05x0.21 м,0.9 кг,36 мес.,да,,39 мм,,,,,,,,
https://www.citilink.ru/product/videokarta-gigabyte-pci-e-4-0-gv-n406teagle-8gd-nv-rtx4060ti-8192mb-19-1930107/,Код товара: 1930107,,"Видеокарта GIGABYTE NVIDIA GeForce RTX 4060TI GV-N406TEAGLE-8GD 8ГБ Eagle, GDDR6, Ret",46 720₽,GIGABYTE,DirectX 12 Ultimate/OpenGL 4.6,"NVIDIA DLSS, NVIDIA Reflex, NVIDIA STUDIO, NVIDIA Ray Tracing, NVIDIA G-Sync, NVIDIA Broadcast, NVIDIA Game Ready, NVIDIA Shadow Play, NVIDIA Ansel, NVIDIA Freestyle, NVIDIA NVENC, NVIDIA VR Works, NVIDIA CUDA",есть,есть,2,1.4a,2,4,8 pin,,500 Вт,активное,есть,,retail,272 мм,двухслотовая,,0.37x0.19x0.08 м,1.26 кг,36 мес.,,,41 мм,,,,,,,,
https://www.citilink.ru/product/videokarta-powercolor-pci-e-4-0-axrx-6400-lp-4gbd6-dh-amd-rx6400-4096m-1800257/,Код товара: 1800257,,"Видеокарта PowerColor AMD Radeon RX 6400 AXRX 6400 LP 4GBD6-DH 4ГБ GDDR6, Low Profile, Ret",17 800₽,,DirectX 12/OpenGL 4.6,,,,1,1.4,1,,без дополнительного питания,,350 Вт,активное,,,retail,155 мм,двухслотовая,,0.24x0.19x0.07 м,0.443 кг,24 мес.,,,,,,да,,,,,
https://www.citilink.ru/product/videokarta-asus-pci-e-gt710-sl-2gd3-brk-evo-nv-gt710-2048mb-64-ddr3-95-1885910/,Код товара: 1885910,,"Видеокарта ASUS NVIDIA GeForce GT 710 GT710-SL-2GD3-BRK-EVO 2ГБ DDR3, Low Profile, Ret",6 290₽,,DirectX 12/OpenGL 4.5,,,,1,1.4b,,3,без дополнительного питания,,300 Вт,пассивное,,,retail,170 мм,двухслотовая,,0.229x0.165x0.052 м,0.542 кг,36 мес.,,1,,,1,да,,,,,
https://www.citilink.ru/product/videokarta-powercolor-pci-e-4-0-axrx-6400-4gbd6-dh-amd-rx6400-4096mb-6-1875147/,Код товара: 1875147,,"Видеокарта PowerColor AMD Radeon RX 6400 AXRX 6400 4GBD6-DH 4ГБ GDDR6, Ret",17 390₽,,DirectX 12/OpenGL 4.6,,,,1,1.4,1,2,без дополнительного питания,,350 Вт,активное,,,retail,165 мм,двухслотовая,,0.237x0.195x0.071 м,0.443 кг,24 мес.,,,,,,,,,,,
https://www.citilink.ru/product/videokarta-gigabyte-pci-e-4-0-gv-n406tgaming-oc-8gd-nv-rtx4060ti-8192m-1929912/,1 Обзор,,"Видеокарта GIGABYTE NVIDIA GeForce RTX 4060TI GV-N406TGAMING OC-8GD 8ГБ Gaming, GDDR6, OC, Ret",49 860,GIGABYTE,DirectX 12 Ultimate/OpenGL 4.6,"NVIDIA DLSS, NVIDIA Reflex, NVIDIA STUDIO, NVIDIA Ray Tracing, NVIDIA G-Sync, NVIDIA Broadcast, NVIDIA Game Ready, NVIDIA Shadow Play, NVIDIA Ansel, NVIDIA Freestyle, NVIDIA NVENC, NVIDIA VR Works, NVIDIA CUDA",есть,есть,2,1.4a,2,4,8 pin,,500 Вт,активное,есть,,retail,281 мм,двухслотовая,,0.37x0.19x0.08 м,1.325 кг,36 мес.,да,,53 мм,,,,,,,,
https://www.citilink.ru/product/videokarta-powercolor-amd-radeon-rx-6800-axrx-6800-16gbd6-3dh-oc-16gb-1451747/,4,3,"Видеокарта PowerColor AMD Radeon RX 6800 AXRX 6800 16GBD6-3DH/OC 16ГБ GDDR6, OC, Ret",72 270,POWERCOLOR,DirectX 12/OpenGL 4.6,,есть,,1,1.4,3,4,8+8 pin,,650 Вт,активное,есть,,retail,300 мм,трехслотовая,120 мм,0.4x0.22x0.12 м,1.92 кг,12 мес.,да,,50 мм,"оснащена автономной подсветкой, поддержка: AMD FreeSync™ Technology, AMD FidelityFX",,,,,,CrossFireX,
https://www.citilink.ru/product/videokarta-msi-pci-e-4-0-rtx-4070-ventus-3x-12g-oc-nv-rtx4070-12288mb-1922699/,Код товара: 1922699,,"Видеокарта MSI NVIDIA GeForce RTX 4070 RTX 4070 VENTUS 3X 12G OC 12ГБ GDDR6X, OC, Ret",74 360,MSI,DirectX 12 Ultimate/OpenGL 4.6,"NVIDIA DLSS, NVIDIA Reflex, NVIDIA STUDIO, NVIDIA Ray Tracing, NVIDIA G-Sync, NVIDIA Broadcast, NVIDIA Game Ready, NVIDIA Shadow Play, NVIDIA Ansel, NVIDIA Freestyle, NVIDIA NVENC, NVIDIA VR Works, NVIDIA CUDA",есть,есть,1,1.4a,3,4,8 pin,200 Вт,650 Вт,активное,есть,,retail,308 мм,трехслотовая,,0.379x0.076x0.203 м,1.275 кг,36 мес.,да,,,,,,,,,,
https://www.citilink.ru/product/videokarta-msi-pci-e-4-0-rx-7900-xtx-gaming-trio-classic-amd-rx7900xtx-1901038/,Код товара: 1901038,,"Видеокарта MSI AMD Radeon RX 7900XTX RX 7900 XTX GAMING TRIO CLASSIC 24ГБ GDDR6, Ret",74 360,,,,,,,,,,,,,,,,,,,,,,,,,,,,,,,,,
https://www.citilink.ru/product/videokarta-asus-nvidia-geforce-gtx-1050ti-cerberus-gtx1050ti-o4g-4gb-g-1029252/,4.7,41,"Видеокарта ASUS NVIDIA GeForce GTX 1050TI CERBERUS-GTX1050TI-O4G 4ГБ GDDR5, OC, Ret",19 480₽,,DirectX 12/OpenGL 4.5,,,,1,1.4,1,3,без дополнительного питания,,300 Вт,активное,,,retail,203 мм,двухслотовая,115 мм,0.335x0.275x0.08 м,0.86 кг,36 мес.,да,1,38 мм,,,,,,,,
https://www.citilink.ru/product/videokarta-msi-pci-e-4-0-rx7900xt-20g-e-oc-amd-rx7900xt-20480mb-320-gd-1895932/,Код товара: 1895932,,"Видеокарта PowerColor AMD Radeon RX 7900XT RX7900XT 20G-E/OC 20ГБ GDDR6, OC, Ret",104 740,POWERCOLOR,DirectX 12/OpenGL 4.6,,есть,,1,2.1,3,4,8+8 pin,,850 Вт,активное,есть,,retail,338 мм,четырехслотовая,,0.425x0.116x0.22 м,2.83 кг,12 мес.,да,,,,,,,,,,
https://www.citilink.ru/product/videokarta-asus-pci-e-4-0-rog-strix-rx6650xt-o8g-gaming-amd-rx6650xt-8-1781225/,,,‌,104 740,ASUS,DirectX 12/OpenGL 4.6,,есть,,1,1.4a,3,,8 pin,,650 Вт,активное,есть,,retail,281 мм,трехслотовая,,0.405x0.235x0.09 м,1.9 кг,36 мес.,да,,,,,,,,,CrossFireX,
https://www.citilink.ru/product/videokarta-gigabyte-pci-e-4-0-gv-n4070wf3oc-12gd-nv-rtx4070-12288mb-19-1917978/,Код товара: 1917978,,"Видеокарта GIGABYTE NVIDIA GeForce RTX 4070 GV-N4070WF3OC-12GD 12ГБ Windforce, GDDR6X, OC, Ret",68 080,GIGABYTE,DirectX 12 Ultimate/OpenGL 4.6,"NVIDIA DLSS, NVIDIA Reflex, NVIDIA STUDIO, NVIDIA Ray Tracing, NVIDIA G-Sync, NVIDIA Broadcast, NVIDIA Game Ready, NVIDIA Shadow Play, NVIDIA Ansel, NVIDIA Freestyle, NVIDIA NVENC, NVIDIA VR Works, NVIDIA CUDA",есть,есть,1,1.4,3,4,8 pin,,650 Вт,активное,есть,,retail,261 мм,трехслотовая,,0.33x0.22x0.08 м,1.396 кг,36 мес.,да,,,,,,,,,,
https://www.citilink.ru/product/videokarta-asus-amd-radeon-rx-550-ph-550-2g-2gb-gddr5-ret-1415706/,4,1,"Видеокарта ASUS AMD Radeon 550 PH-550-2G 2ГБ GDDR5, Ret",10 160₽,,DirectX 12/OpenGL 4.5,,,,1,1.4,1,,без дополнительного питания,,350 Вт,активное,,,retail,192 мм,двухслотовая,,0.307x0.22x0.055 м,0.74 кг,36 мес.,,1,,,,,,,,,
https://www.citilink.ru/product/videokarta-gigabyte-pci-e-4-0-gv-r79xtgaming-oc-20gd-amd-radeon-rx-790-1893359/,Код товара: 1893359,,"Видеокарта GIGABYTE AMD Radeon RX 7900XT GV-R79XTGAMING OC-20GD 20ГБ GDDR6, OC, Ret",98 450,GIGABYTE,DirectX 12 Ultimate/OpenGL 4.6,,есть,,2,2.1,2,4,8+8 pin,,800 Вт,активное,есть,,retail,331 мм,трехслотовая,,0.445x0.236x0.097 м,2.512 кг,36 мес.,да,,,,,,,,,,
https://www.citilink.ru/product/videokarta-palit-pci-e-4-0-rtx4070-gamingpro-nv-geforce-rtx-4070-12288-1911990/,Код товара: 1911990,,"Видеокарта Palit NVIDIA GeForce RTX 4070 RTX4070 GAMINGPRO 12ГБ GDDR6X, Ret [ned4070019k9-1043a]",71 220,PALIT,DirectX 12 Ultimate/OpenGL 4.6,"NVIDIA DLSS, NVIDIA Reflex, NVIDIA STUDIO, NVIDIA Ray Tracing, NVIDIA G-Sync, NVIDIA Broadcast, NVIDIA Game Ready, NVIDIA Shadow Play, NVIDIA Ansel, NVIDIA Freestyle, NVIDIA NVENC, NVIDIA VR Works, NVIDIA CUDA",есть,есть,1,1.4a,3,4,16 pin,215 Вт,750 Вт,активное,есть,,retail,328.9 мм,четырехслотовая,,0.35x0.22x0.07 м,2.46 кг,36 мес.,,,,"Пропускная способность памяти - 504 ГБ/с, Технология «0 децибел»",,,,,,,
https://www.citilink.ru/product/videokarta-gigabyte-pci-e-gv-n1656d6-4gd-2-0-nv-gtx1650-4096mb-128-gdd-1930122/,Код товара: 1930122,,"Видеокарта GIGABYTE NVIDIA GeForce GTX 1650 GV-N1656D6-4GD 2.0 4ГБ D6, GDDR6, Ret",18 430₽,,DirectX 12/OpenGL 4.6,,,,1,1.4,1,3,6 pin,,300 Вт,активное,,,retail,172 мм,двухслотовая,,0.3x0.21x0.05 м,0.662 кг,36 мес.,,1,40 мм,,,,,,,,
https://www.citilink.ru/product/videokarta-asus-pci-e-4-0-tuf-rtx4070ti-12g-gaming-nv-rtx4070ti-12288m-1897370/,Код товара: 1897370,,"Видеокарта ASUS NVIDIA GeForce RTX 4070TI TUF-RTX4070TI-12G-GAMING 12ГБ GDDR6X, Ret",104 740,ASUS,DirectX 12/OpenGL 4.6,"NVIDIA DLSS, NVIDIA Reflex, NVIDIA STUDIO, NVIDIA Ray Tracing, NVIDIA G-Sync, NVIDIA Broadcast, NVIDIA Game Ready, NVIDIA Shadow Play, NVIDIA Ansel, NVIDIA Freestyle, NVIDIA NVENC, NVIDIA VR Works, NVIDIA CUDA",есть,есть,2,1.4a,3,4,16 pin,,750 Вт,активное,есть,,retail,305 мм,четырехслотовая,,0.423x0.227x0.09 м,2.325 кг,36 мес.,,,,,,,,,,,
https://www.citilink.ru/product/videokarta-pny-pci-e-rtx-a4500-nv-rtx-a4500-20480mb-320-gddr6-mdpx4-re-1796639/,Код товара: 1796639,,"Видеокарта PNY NVIDIA RTX A4500 RTX A4500 20ГБ GDDR6, Ret [vcnrtxa4500-pb]",247 600,PNY,DirectX 12/OpenGL 4.5,"nVidia CUDA, nVidia PhysX, nVidia GigaThread, nVidia Pure Video HD",,,,1.4,,,8 pin,200 Вт,,активное,,,retail,266.7 мм,двухслотовая,,0.36x0.08x0.17 м,0.6 кг,12 мес.,,,,,,,,,,NVLink,4
https://www.citilink.ru/product/videokarta-asus-pci-e-4-0-tuf-rtx4070ti-o12g-gaming-nv-rtx4070ti-12288-1897368/,Код товара: 1897368,,"Видеокарта ASUS NVIDIA GeForce RTX 4070TI TUF-RTX4070TI-O12G-GAMING 12ГБ GDDR6X, OC, Ret",106 840,ASUS,DirectX 12/OpenGL 4.6,"NVIDIA DLSS, NVIDIA Reflex, NVIDIA STUDIO, NVIDIA Ray Tracing, NVIDIA G-Sync, NVIDIA Broadcast, NVIDIA Game Ready, NVIDIA Shadow Play, NVIDIA Ansel, NVIDIA Freestyle, NVIDIA NVENC, NVIDIA VR Works, NVIDIA CUDA",есть,есть,2,1.4a,3,4,16 pin,,750 Вт,активное,есть,,retail,305 мм,четырехслотовая,,0.42x0.227x0.09 м,2.325 кг,36 мес.,да,,,,,,,,,,
https://www.citilink.ru/product/videokarta-asus-pci-e-4-0-dual-rx6750xt-o12g-amd-rx6750xt-12288mb-192-1811680/,Код товара: 1811680,,"Видеокарта ASUS AMD Radeon RX 6750XT DUAL-RX6750XT-O12G 12ГБ GDDR6, OC, Ret",61 270₽,ASUS,DirectX 12/OpenGL 4.6,,есть,,1,1.4a,3,,8+8 pin,,750 Вт,активное,есть,,retail,295 мм,трехслотовая,,0.41x0.09x0.24 м,2.1 кг,36 мес.,да,,,,,,,,,,
https://www.citilink.ru/product/videokarta-powercolor-pci-e-4-0-axrx-6700xt-12gbd6-3dhe-oc-amd-rx6700x-1493185/,5,4,"Видеокарта PowerColor AMD Radeon RX 6700XT AXRX 6700XT 12GBD6-3DHE/OC 12ГБ GDDR6, OC, Ret",56 640₽,POWERCOLOR,DirectX 12/OpenGL 4.6,,есть,,1,1.4,3,4,8+8 pin,,700 Вт,активное,есть,,retail,320 мм,трехслотовая,130 мм,0.397x0.23x0.122 м,2.44 кг,24 мес.,да,,50 мм,,,,,,,,
https://www.citilink.ru/product/videokarta-powercolor-pci-e-4-0-axrx-6650xt-8gbd6-3dhlv3-oc-amd-rx6650-1800259/,Код товара: 1800259,,"Видеокарта PowerColor AMD Radeon RX 6650XT AXRX 6650XT 8GBD6-3DHLV3/OC 8ГБ Hellhound Sakura, GDDR6, OC, Ret",46 720₽,POWERCOLOR,DirectX 12 Ultimate/OpenGL 4.6,,есть,,1,1.4,3,,8 pin,,600 Вт,активное,есть,,retail,220 мм,двухслотовая,,0.3x0.2x0.07 м,1.1 кг,24 мес.,да,,,,,,,,,SLI,
https://www.citilink.ru/product/videokarta-palit-pci-e-4-0-rtx4070ti-jetstream-nv-rtx4070ti-10500mb-19-1930648/,Код товара: 1930648,,"Видеокарта Palit NVIDIA GeForce RTX 4070TI RTX4070Ti JETSTREAM 12ГБ JetStream, GDDR6X, Ret [ned407t019k9-1043j]",90 080,PALIT,DirectX 12 Ultimate/OpenGL 4.6,"NVIDIA DLSS, NVIDIA Reflex, NVIDIA STUDIO, NVIDIA Ray Tracing, NVIDIA G-Sync, NVIDIA Broadcast, NVIDIA Game Ready, NVIDIA Shadow Play, NVIDIA Ansel, NVIDIA Freestyle, NVIDIA NVENC, NVIDIA VR Works, NVIDIA CUDA",есть,есть,1,1.4a,3,4,16 pin,285 Вт,750 Вт,активное,есть,,retail,328.9 мм,трехслотовая,,0.425x0.215x0.105 м,2.34 кг,36 мес.,,,63.5 мм,,,,,,,,
https://www.citilink.ru/product/videokarta-asus-pci-e-rog-strix-rx560-4g-v2-gaming-amd-rx560-4096mb-12-1897372/,Код товара: 1897372,,"Видеокарта ASUS AMD Radeon RX 560 ROG-STRIX-RX560-4G-V2-GAMING 4ГБ GDDR5, Ret",17 180₽,,DirectX 12/OpenGL 4.5,,,,1,2.0b,1,,8 pin,,450 Вт,активное,есть,,retail,242 мм,двухслотовая,,0.362x0.217x0.065 м,1.129 кг,36 мес.,,1,,,,,,,,,
https://www.citilink.ru/product/videokarta-asus-pci-e-4-0-tuf-rtx4090-o24g-gaming-nv-rtx4090-24576mb-3-1901108/,Код товара: 1901108,,"Видеокарта ASUS NVIDIA GeForce RTX 4090 TUF-RTX4090-O24G-GAMING 24ГБ GDDR6X, OC, Ret",197 960,ASUS,DirectX 12 Ultimate/OpenGL 4.6,"NVIDIA DLSS, NVIDIA Reflex, NVIDIA STUDIO, NVIDIA Ray Tracing, NVIDIA G-Sync, NVIDIA Broadcast, NVIDIA Game Ready, NVIDIA Shadow Play, NVIDIA Ansel, NVIDIA Freestyle, NVIDIA NVENC, NVIDIA VR Works, NVIDIA CUDA",есть,есть,2,1.4a,3,4,16 pin,,850 Вт,активное,есть,,retail,348.2 мм,четырехслотовая,,0.43x0.1x0.27 м,3.66 кг,36 мес.,да,,,,,,,,отсутствует,,
https://www.citilink.ru/product/videokarta-gigabyte-pci-e-4-0-gv-n4080gaming-16gd-nv-rtx4080-16384mb-2-1893342/,Код товара: 1893342,,"Видеокарта GIGABYTE NVIDIA GeForce RTX 4080 GV-N4080GAMING-16GD 16ГБ Gaming, GDDR6X, Ret",134 070,GIGABYTE,DirectX 12 Ultimate/OpenGL 4.6,"NVIDIA DLSS, NVIDIA Reflex, NVIDIA STUDIO, NVIDIA Ray Tracing, NVIDIA G-Sync, NVIDIA Broadcast, NVIDIA Game Ready, NVIDIA Shadow Play, NVIDIA Ansel, NVIDIA Freestyle, NVIDIA NVENC, NVIDIA VR Works, NVIDIA CUDA",есть,есть,1,1.4a,3,4,16 pin,,850 Вт,активное,есть,,retail,342 мм,четырехслотовая,,0.47x0.12x0.28 м,3.36 кг,36 мес.,,,,,,,,,,,
https://www.citilink.ru/product/videokarta-palit-pci-e-4-0-rtx4060ti-dual-nv-geforce-rtx-4060ti-8192mb-1925039/,Код товара: 1925039,,"Видеокарта Palit NVIDIA GeForce RTX 4060TI RTX4060TI DUAL 8ГБ GDDR6, Ret [ne6406t019p1-1060d]",46 720₽,PALIT,DirectX 12 Ultimate/OpenGL 4.6,"NVIDIA DLSS, NVIDIA Reflex, NVIDIA STUDIO, NVIDIA Ray Tracing, NVIDIA G-Sync, NVIDIA Broadcast, NVIDIA Game Ready, NVIDIA Shadow Play, NVIDIA Ansel, NVIDIA Freestyle, NVIDIA NVENC, NVIDIA VR Works, NVIDIA CUDA",есть,есть,1,1.4a,3,4,8 pin,160 Вт,650 Вт,активное,есть,,retail,249.9 мм,двухслотовая,,0.345x0.22x0.07 м,1.1 кг,36 мес.,,,40.1 мм,,,,,,,,
https://www.citilink.ru/product/videokarta-gigabyte-pci-e-4-0-gv-n3060gaming-8gd-nv-rtx3060-8192mb-128-1918038/,,,‌,46 720₽,GIGABYTE,DirectX 12 Ultimate/OpenGL 4.6,"NVIDIA DLSS, NVIDIA Reflex, NVIDIA STUDIO, NVIDIA Ray Tracing, NVIDIA G-Sync, NVIDIA Broadcast, NVIDIA Game Ready, NVIDIA Shadow Play, NVIDIA Ansel, NVIDIA Freestyle, NVIDIA NVENC, NVIDIA VR Works, NVIDIA CUDA",есть,есть,2,1.4a,2,4,8 pin,,550 Вт,активное,есть,,retail,198 мм,двухслотовая,,0.295x0.21x0.05 м,0.901 кг,36 мес.,,,,,,,,,,,
https://www.citilink.ru/product/videokarta-gigabyte-pci-e-4-0-gv-r76gaming-oc-8gd-amd-radeon-rx-7600-8-1930100/,,,‌,38 330,GIGABYTE,DirectX 12 Ultimate/OpenGL 4.6,,есть,,2,1.4a,2,4,8 pin,165 Вт,550 Вт,активное,есть,,retail,282 мм,двухслотовая,,0.41x0.09x0.24 м,1.56 кг,36 мес.,да,,50 мм,,,,,,,,
https://www.citilink.ru/product/videokarta-asus-pci-e-4-0-tuf-rtx4070-o12g-gaming-nv-rtx4070-12288mb-1-1918386/,Код товара: 1918386,,"Видеокарта ASUS NVIDIA GeForce RTX 4070 TUF-RTX4070-O12G-GAMING 12ГБ GDDR6X, OC, Ret",81 280,ASUS,DirectX 12 Ultimate/OpenGL 4.6,"NVIDIA DLSS, NVIDIA Reflex, NVIDIA STUDIO, NVIDIA Ray Tracing, NVIDIA G-Sync, NVIDIA Broadcast, NVIDIA Game Ready, NVIDIA Shadow Play, NVIDIA Ansel, NVIDIA Freestyle, NVIDIA NVENC, NVIDIA VR Works, NVIDIA CUDA",есть,есть,1,1.4a,3,4,8 pin,,650 Вт,активное,есть,,retail,301 мм,трехслотовая,,0.42x0.225x0.09 м,2.183 кг,36 мес.,да,,,,,,,,,,
https://www.citilink.ru/product/videokarta-asus-pci-e-dual-gtx1650-o4gd6-p-v2-nv-gtx1650-4096mb-128-gd-1903954/,Код товара: 1903954,,"Видеокарта ASUS NVIDIA GeForce GTX 1650 DUAL-GTX1650-O4GD6-P-V2 4ГБ GDDR6, OC, Ret",19 900₽,,DirectX 12/OpenGL 4.6,,,,1,1.4a,1,3,6 pin,,300 Вт,активное,есть,,retail,212 мм,двухслотовая,,0.31x0.22x0.06 м,0.854 кг,36 мес.,да,1,,,,,,,отсутствует,,
https://www.citilink.ru/product/videokarta-msi-pci-e-4-0-rtx-3060-ti-twin-fan-8g-lhr-nv-rtx3060ti-8192-1848907/,,,‌,19 900₽,MSI,DirectX 12 Ultimate/OpenGL 4.6,"NVIDIA DLSS, NVIDIA Reflex, NVIDIA STUDIO, NVIDIA Ray Tracing, NVIDIA G-Sync, NVIDIA Broadcast, NVIDIA Game Ready, NVIDIA Shadow Play, NVIDIA Ansel, NVIDIA Freestyle, NVIDIA NVENC, NVIDIA VR Works, NVIDIA CUDA",есть,есть,1,1.4a,3,,8 pin,200 Вт,600 Вт,активное,есть,да,retail,230 мм,двухслотовая,,0.37x0.07x0.22 м,1.03 кг,36 мес.,,,,,,,,,,,
https://www.citilink.ru/product/videokarta-gigabyte-pci-e-4-0-gv-n4060eagle-oc-8gd-nv-geforce-rtx-4060-1939125/,Код товара: 1939125,,"Видеокарта GIGABYTE NVIDIA GeForce RTX 4060 GV-N4060EAGLE OC-8GD 8ГБ Eagle, GDDR6, OC, Ret",40 840₽,GIGABYTE,DirectX 12 Ultimate/OpenGL 4.6,"NVIDIA DLSS, NVIDIA Reflex, NVIDIA STUDIO, NVIDIA Ray Tracing, NVIDIA G-Sync, NVIDIA Broadcast, NVIDIA Game Ready, NVIDIA Shadow Play, NVIDIA Ansel, NVIDIA Freestyle, NVIDIA NVENC, NVIDIA VR Works, NVIDIA CUDA",есть,есть,2,1.4a,2,4,8 pin,115 Вт,450 Вт,активное (радиатор и три вентилятора),есть,,retail,272 мм,двухслотовая,,0.365x0.185x0.08 м,1.089 кг,36 мес.,да,,40 мм,,,,,,,,
https://www.citilink.ru/product/videokarta-gigabyte-pci-e-4-0-gv-n407teagle-oc-12gd-2-0-nv-rtx4070ti-1-1926557/,Код товара: 1926557,,"Видеокарта GIGABYTE NVIDIA GeForce RTX 4070TI GV-N407TEAGLE OC-12GD 2.0 12ГБ Eagle, GDDR6X, OC, Ret",94 260,GIGABYTE,DirectX 12 Ultimate/OpenGL 4.6,"NVIDIA DLSS, NVIDIA Reflex, NVIDIA STUDIO, NVIDIA Ray Tracing, NVIDIA G-Sync, NVIDIA Broadcast, NVIDIA Game Ready, NVIDIA Shadow Play, NVIDIA Ansel, NVIDIA Freestyle, NVIDIA NVENC, NVIDIA VR Works, NVIDIA CUDA",есть,есть,1,1.4a,3,4,16 pin,,750 Вт,активное,есть,,retail,261 мм,трехслотовая,,0.33x0.22x0.08 м,1.76 кг,36 мес.,да,,,,,,,,,,
https://www.citilink.ru/product/videokarta-powercolor-pci-e-4-0-axrx-6700xt-12gbd6-3dhl-amd-rx6700xt-1-1521238/,Код товара: 1521238,,"Видеокарта PowerColor AMD Radeon RX 6700XT AXRX 6700XT 12GBD6-3DHL 12ГБ GDDR6, Ret",48 180₽,POWERCOLOR,DirectX 12/OpenGL 4.6,,есть,,1,1.4,3,4,8+8 pin,,650 Вт,активное,есть,,retail,305 мм,трехслотовая,135 мм,0.4x0.22x0.12 м,2.04 кг,24 мес.,,,50 мм,,,,,,,,
https://www.citilink.ru/product/videokarta-msi-pci-e-4-0-rtx-4070-ventus-2x-12g-oc-nv-rtx4070-12288mb-1930552/,Код товара: 1930552,,"Видеокарта MSI NVIDIA GeForce RTX 4070 RTX 4070 VENTUS 2X 12G OC 12ГБ Ventus 2X, GDDR6X, OC, Ret",71 220,MSI,DirectX 12 Ultimate/OpenGL 4.6,"NVIDIA DLSS, NVIDIA Reflex, NVIDIA STUDIO, NVIDIA Ray Tracing, NVIDIA G-Sync, NVIDIA Broadcast, NVIDIA Game Ready, NVIDIA Shadow Play, NVIDIA Ansel, NVIDIA Freestyle, NVIDIA NVENC, NVIDIA VR Works, NVIDIA CUDA",есть,есть,1,1.4a,3,4,8 pin,200 Вт,650 Вт,активное,есть,,retail,242 мм,двухслотовая,,0.32x0.205x0.08 м,1.067 кг,36 мес.,да,,43 мм,,,,,,,,
https://www.citilink.ru/product/videokarta-gigabyte-pci-e-4-0-gv-n407twf3oc-12gd-nv-rtx4070ti-12288mb-1924687/,Код товара: 1924687,,"Видеокарта GIGABYTE NVIDIA GeForce RTX 4070TI GV-N407TWF3OC-12GD 12ГБ Windforce, GDDR6X, OC, Ret",93 220,GIGABYTE,DirectX 12 Ultimate/OpenGL 4.6,"NVIDIA DLSS, NVIDIA Reflex, NVIDIA STUDIO, NVIDIA Ray Tracing, NVIDIA G-Sync, NVIDIA Broadcast, NVIDIA Game Ready, NVIDIA Shadow Play, NVIDIA Ansel, NVIDIA Freestyle, NVIDIA NVENC, NVIDIA VR Works, NVIDIA CUDA",есть,есть,1,1.4a,3,4,16 pin,,750 Вт,активное,есть,,retail,261 мм,трехслотовая,,0.35x0.08x0.22 м,1.551 кг,36 мес.,да,,50 мм,,,,,,,,
